norm,adjusted r,adjusted r-squared,r-squared,r,dataset,eval_type,normalized,var,language,dim,window,alg,family
aoa_cai_mean,0.292524744434712,0.08557072610659355,0.15533983141115548,0.3941317437242977,Cai2021.csv,norms,False,,zh,50,1,cbow,fasttext
valence_mean,0.18476213105984926,0.03413704507377691,0.08414768296705871,0.29008220036234333,Chan2024.csv,norms,False,,zh,50,1,cbow,fasttext
arousal_mean,0.15263127056849335,0.023296304755352628,0.05742530036272131,0.23963576603404033,Chan2024.csv,norms,False,,zh,50,1,cbow,fasttext
concrete_mean,0.20784236463035763,0.04319844853513854,0.10648400715842798,0.3263188734327636,Chan2024.csv,norms,False,,zh,50,1,cbow,fasttext
familiar_mean,0.1262530014778973,0.015939820382177942,0.039291595074282426,0.1982210762615379,Chan2024.csv,norms,False,,zh,50,1,cbow,fasttext
imagine_mean,0.214941293366777,0.0461997595941829,0.11388222721339097,0.33746440880986395,Chan2024.csv,norms,False,,zh,50,1,cbow,fasttext
familiar_mean,0.22328631228897944,0.049856777255611655,0.13443886072017658,0.3666590524181512,Chang2016.csv,norms,False,,zh,50,1,cbow,fasttext
gustatory_mean,0.0,-0.23068564611962325,-0.45355143982841184,0.0,Chen2019.csv,norms,False,,zh,50,1,cbow,fasttext
visual_strength_mean,0.0,-0.10843894013112931,-0.21320198398662715,0.0,Chen2019.csv,norms,False,,zh,50,1,cbow,fasttext
auditory_mean,0.0,-0.36895831562795434,-0.620277748012213,0.0,Chen2019.csv,norms,False,,zh,50,1,cbow,fasttext
olfactory_strength_mean,0.0,-0.07857844830141433,-0.13210289859368207,0.0,Chen2019.csv,norms,False,,zh,50,1,cbow,fasttext
haptic_strength_mean,0.0,-0.38704586220156,-0.6506857973243617,0.0,Chen2019.csv,norms,False,,zh,50,1,cbow,fasttext
arousal_mean,0.15874487289851394,0.02519993467156535,0.047246903012646835,0.2173635273284063,Cheng2025.csv,norms,False,,zh,50,1,cbow,fasttext
valence_mean,0.1290576330922585,0.01665587265937602,0.031227795245695078,0.17671387960682397,Cheng2025.csv,norms,False,,zh,50,1,cbow,fasttext
familiar_mean,0.0,-0.6347131399628749,-1.6925683732343333,0.0,Li2021.csv,norms,False,,zh,50,1,cbow,fasttext
aoa_mean,0.44660820752258396,0.1994588910265354,0.2830874381075406,0.5320596189409046,Liu2007.csv,norms,False,,zh,50,1,cbow,fasttext
concrete_mean,0.1138836505714488,0.012969485867479848,0.01840729439986899,0.13567348451288846,Liu2007.csv,norms,False,,zh,50,1,cbow,fasttext
familiar_mean,0.20515294709304271,0.04208773170096078,0.05973415414907446,0.24440571627741128,Liu2007.csv,norms,False,,zh,50,1,cbow,fasttext
imagine_mean,0.14491029385977253,0.02099899326652563,0.029803390443333966,0.172636584892467,Liu2007.csv,norms,False,,zh,50,1,cbow,fasttext
valence_mean_all,0.0,-0.013637174032507892,-0.12173096474039513,0.0,Liu2021.csv,norms,False,,zh,50,1,cbow,fasttext
arousal_mean_all,0.0,-0.020724468681946592,-0.1849950407886315,0.0,Liu2021.csv,norms,False,,zh,50,1,cbow,fasttext
dominance_mean_all,0.0,-0.020795076834488252,-0.18562531789054015,0.0,Liu2021.csv,norms,False,,zh,50,1,cbow,fasttext
familiar_mean_all,0.0,-0.030617822964317212,-0.2733071469801822,0.0,Liu2021.csv,norms,False,,zh,50,1,cbow,fasttext
valence_mean_old,0.0,-0.012927585402020965,-0.11539688787431701,0.0,Liu2021.csv,norms,False,,zh,50,1,cbow,fasttext
arousal_mean_old,0.0,-0.020085545510722377,-0.1792917525675738,0.0,Liu2021.csv,norms,False,,zh,50,1,cbow,fasttext
dominance_mean_old,0.0,-0.015875885847004795,-0.1417146173875493,0.0,Liu2021.csv,norms,False,,zh,50,1,cbow,fasttext
familiar_mean_old,0.0,-0.024227686004701342,-0.21626618416317822,0.0,Liu2021.csv,norms,False,,zh,50,1,cbow,fasttext
valence_mean_young,0.0,-0.013076883525998494,-0.11672958368228958,0.0,Liu2021.csv,norms,False,,zh,50,1,cbow,fasttext
arousal_mean_young,0.0,-0.01825769592369984,-0.16297562335354576,0.0,Liu2021.csv,norms,False,,zh,50,1,cbow,fasttext
dominance_mean_young,0.0,-0.016393905633242917,-0.1463386727954411,0.0,Liu2021.csv,norms,False,,zh,50,1,cbow,fasttext
familiar_mean_young,0.0,-0.030052102459688337,-0.2682572955492526,0.0,Liu2021.csv,norms,False,,zh,50,1,cbow,fasttext
concrete_mean,0.25845400539883656,0.06679847290670184,0.09386202281972156,0.30636909573212756,Liu2025.csv,norms,False,,zh,50,1,cbow,fasttext
arousal_mean,0.23852060413880843,0.056892078598742166,0.07994203081790469,0.2827402178995848,Liu2025.csv,norms,False,,zh,50,1,cbow,fasttext
familiar_mean,0.20184942874400472,0.04074319188428104,0.057250386722643154,0.23927053040991728,Liu2025.csv,norms,False,,zh,50,1,cbow,fasttext
valence_mean,0.30297812013309194,0.09179574127938231,0.12898699008812503,0.35914758816971754,Liu2025.csv,norms,False,,zh,50,1,cbow,fasttext
aoa_mean,0.2813894300518667,0.07918001134491437,0.09905356577969943,0.3147277645516827,Song2021.csv,norms,False,,zh,50,1,cbow,fasttext
concrete_mean,0.35825099654495857,0.12834377652545592,0.16055704583194436,0.4006957022878388,Song2021.csv,norms,False,,zh,50,1,cbow,fasttext
emotional_experience_mean,0.2730101296056109,0.07453453086727246,0.09324210657106208,0.30535570499183745,Song2021.csv,norms,False,,zh,50,1,cbow,fasttext
familiar_mean,0.22374873950925991,0.05006349843198265,0.06262903920905766,0.25025794534651175,Song2021.csv,norms,False,,zh,50,1,cbow,fasttext
imagine_mean,0.0,-0.0125729550576012,-0.0157286669917015,0.0,Song2021.csv,norms,False,,zh,50,1,cbow,fasttext
sensory_experience_mean,0.2769923569652695,0.07672476581717529,0.09598207311057344,0.30980973695249386,Song2021.csv,norms,False,,zh,50,1,cbow,fasttext
aoa_mean,0.38117290967666323,0.14529278707137366,0.2828297314165174,0.5318173854026562,Su2023.csv,norms,False,,zh,50,1,cbow,fasttext
familiar_mean,0.23166007805478497,0.05366639176434907,0.10446802951992507,0.3232151443232898,Su2023.csv,norms,False,,zh,50,1,cbow,fasttext
imagine_mean,0.13989847478864326,0.019571583248188654,0.03809842005964126,0.19518816577764456,Su2023.csv,norms,False,,zh,50,1,cbow,fasttext
concrete_mean,0.1432342274952369,0.02051604392615728,0.03993692536515314,0.19984225120117402,Su2023.csv,norms,False,,zh,50,1,cbow,fasttext
aoa_mean,0.2565164793248206,0.06580070416520109,0.08899503521920687,0.29832035669596346,Wang2019.csv,norms,False,,zh,50,1,cbow,fasttext
aoa_mean_chinese_l1,0.39799546331118774,0.15840038881628699,0.16336494556665054,0.4041842965364322,Wang2020_zh.csv,norms,False,,zh,50,1,cbow,fasttext
familiar_mean_chinese_l1,0.2998345901636408,0.08990078145859844,0.09271843572566518,0.3044970208814286,Wang2020_zh.csv,norms,False,,zh,50,1,cbow,fasttext
concrete_mean_chinese_l1,0.5079108661739908,0.2579734479776137,0.26605880579865543,0.5158088849551309,Wang2020_zh.csv,norms,False,,zh,50,1,cbow,fasttext
familiar_mean,0.0,-0.22966738596030284,-0.24667978492032527,0.0,Weekes2007.csv,norms,False,,zh,50,1,cbow,fasttext
imagine_mean,0.0,-0.2337568820436132,-0.2510722066394364,0.0,Weekes2007.csv,norms,False,,zh,50,1,cbow,fasttext
aoa_mean_subjective,0.0,-0.013861054279502124,-0.014887799040946725,0.0,Weekes2007.csv,norms,False,,zh,50,1,cbow,fasttext
aoa_mean,0.23807027440363596,0.05667745555462252,0.11761422099936192,0.3429492980009755,Xu2021.csv,norms,False,,zh,50,1,cbow,fasttext
valence_mean,0.0,-0.0545704708881533,-0.0781608306991779,0.0,Yao2017.csv,norms,False,,zh,50,1,cbow,fasttext
arousal_mean,0.0,-0.05607425262584392,-0.0803146847505577,0.0,Yao2017.csv,norms,False,,zh,50,1,cbow,fasttext
concrete_mean,0.0,-0.060706032215202564,-0.08694874405823283,0.0,Yao2017.csv,norms,False,,zh,50,1,cbow,fasttext
familiar_mean,0.0,-0.03755543330786519,-0.05379033416491108,0.0,Yao2017.csv,norms,False,,zh,50,1,cbow,fasttext
imagine_mean,0.0,-0.086801519070969,-0.12432509241935663,0.0,Yao2017.csv,norms,False,,zh,50,1,cbow,fasttext
valence_mean,0.0,-0.10335288491429744,-0.24736919995881024,0.0,Yee2017.csv,norms,False,,zh,50,1,cbow,fasttext
arousal_mean,0.0,-0.14820465298357044,-0.35471933337051287,0.0,Yee2017.csv,norms,False,,zh,50,1,cbow,fasttext
familiar_mean,0.0,-0.0772401008260776,-0.18486974951815294,0.0,Yee2017.csv,norms,False,,zh,50,1,cbow,fasttext
concrete_mean,0.0,-0.06425510799248635,-0.1537909142115247,0.0,Yee2017.csv,norms,False,,zh,50,1,cbow,fasttext
imagine_mean,0.0,-0.1179403111679576,-0.2822833677134723,0.0,Yee2017.csv,norms,False,,zh,50,1,cbow,fasttext
valence_mean_chinese,0.31683351679862376,0.10038347736698379,0.12235401314128774,0.34979138517305963,Yi2025.csv,norms,False,,zh,50,1,cbow,fasttext
arousal_mean_chinese,0.18736100077348275,0.035104144610841,0.042787250289470224,0.2068507923346445,Yi2025.csv,norms,False,,zh,50,1,cbow,fasttext
sensory_mean_chinese,0.2858922813165688,0.08173439651639212,0.10230827206971738,0.31985664299763633,Yi2025.csv,norms,False,,zh,50,1,cbow,fasttext
concrete_mean,0.0,-0.07582120449702605,-0.31115696490309597,0.0,Zhao2025.csv,norms,False,,zh,50,1,cbow,fasttext
imagine_mean,0.0,-0.0867489389598321,-0.3560024762777809,0.0,Zhao2025.csv,norms,False,,zh,50,1,cbow,fasttext
aoa_mean,0.0,-0.0035328958256916274,-0.014498386694504983,0.0,Zhao2025.csv,norms,False,,zh,50,1,cbow,fasttext
familiar_mean,0.0,-0.025810829663707128,-0.10592313157073252,0.0,Zhao2025.csv,norms,False,,zh,50,1,cbow,fasttext
valence_mean,0.0,-0.06525010498300254,-0.2677750209958192,0.0,Zhao2025.csv,norms,False,,zh,50,1,cbow,fasttext
arousal_mean,0.0,-0.036778559001597336,-0.1509327749191235,0.0,Zhao2025.csv,norms,False,,zh,50,1,cbow,fasttext
,0.0466028864329327,0.002171829023880823,0.020204731462957037,0.1421433482895244,zh.subs.2018.tsv,counts,False,unigram_freq,zh,50,1,cbow,fasttext
,0.017491744389058754,0.0003059611217721684,0.015462814427357308,0.12434956544900874,zh.wiki.2018.tsv,counts,False,unigram_freq,zh,50,1,cbow,fasttext
aoa_cai_mean,0.2976892359890564,0.0886188812237481,0.1608732646722454,0.40109009545518,Cai2021.csv,norms,True,,zh,50,1,cbow,fasttext
valence_mean,0.19203824542673806,0.03687868770658008,0.09090582136408454,0.3015059226020022,Chan2024.csv,norms,True,,zh,50,1,cbow,fasttext
arousal_mean,0.17137857559174388,0.029370616171855067,0.07239845431363767,0.2690696086770813,Chan2024.csv,norms,True,,zh,50,1,cbow,fasttext
concrete_mean,0.21577538838124832,0.04655901823107855,0.11476779835217404,0.3387739635098513,Chan2024.csv,norms,True,,zh,50,1,cbow,fasttext
familiar_mean,0.11192393916053729,0.012526968157211653,0.030878927650396626,0.17572400988594764,Chan2024.csv,norms,True,,zh,50,1,cbow,fasttext
imagine_mean,0.22316179341586453,0.049801186040585,0.12275972935764717,0.3503708454732602,Chan2024.csv,norms,True,,zh,50,1,cbow,fasttext
familiar_mean,0.27411113195622655,0.07513691266232383,0.20260677669889438,0.4501186251410781,Chang2016.csv,norms,True,,zh,50,1,cbow,fasttext
gustatory_mean,0.0,-0.043266945922857555,-0.0850672157127369,0.0,Chen2019.csv,norms,True,,zh,50,1,cbow,fasttext
visual_strength_mean,0.11255911518906285,0.012669554412144719,0.024909632403538773,0.15782785686797743,Chen2019.csv,norms,True,,zh,50,1,cbow,fasttext
auditory_mean,0.0,-0.05010664043418294,-0.0842372505850032,0.0,Chen2019.csv,norms,True,,zh,50,1,cbow,fasttext
olfactory_strength_mean,0.21753104395664183,0.047319755084866445,0.07955205202673199,0.28204973325059535,Chen2019.csv,norms,True,,zh,50,1,cbow,fasttext
haptic_strength_mean,0.0,-0.023452019925243775,-0.03942658422214895,0.0,Chen2019.csv,norms,True,,zh,50,1,cbow,fasttext
arousal_mean,0.1574498086797988,0.02479044225330524,0.04647915306320827,0.21559024343232294,Cheng2025.csv,norms,True,,zh,50,1,cbow,fasttext
valence_mean,0.15220927834987713,0.023167664415790375,0.043436636163882714,0.2084145776184639,Cheng2025.csv,norms,True,,zh,50,1,cbow,fasttext
familiar_mean,0.0,-0.1469464934741064,-0.3918573159309504,0.0,Li2021.csv,norms,True,,zh,50,1,cbow,fasttext
aoa_mean,0.4354701805246968,0.18963427812621203,0.26914358991888887,0.5187905067740628,Liu2007.csv,norms,True,,zh,50,1,cbow,fasttext
concrete_mean,0.2163916135021665,0.04682533039407102,0.0664581195231514,0.25779472361386957,Liu2007.csv,norms,True,,zh,50,1,cbow,fasttext
familiar_mean,0.22465098185967972,0.05046806365051814,0.07162816744615708,0.26763439137404793,Liu2007.csv,norms,True,,zh,50,1,cbow,fasttext
imagine_mean,0.22627999478107624,0.051202636038123896,0.07267072922037343,0.2695750901332937,Liu2007.csv,norms,True,,zh,50,1,cbow,fasttext
valence_mean_all,0.028991440306141925,0.0008405036110245906,0.007502677255119938,0.08661799613890833,Liu2021.csv,norms,True,,zh,50,1,cbow,fasttext
arousal_mean_all,0.0,-0.007788974003422565,-0.06952755149375467,0.0,Liu2021.csv,norms,True,,zh,50,1,cbow,fasttext
dominance_mean_all,0.0,-0.00486142597247322,-0.04339506647289948,0.0,Liu2021.csv,norms,True,,zh,50,1,cbow,fasttext
familiar_mean_all,0.0,-0.009594383014924383,-0.08564336699902197,0.0,Liu2021.csv,norms,True,,zh,50,1,cbow,fasttext
valence_mean_old,0.0,-0.00272832861151939,-0.024354171415380876,0.0,Liu2021.csv,norms,True,,zh,50,1,cbow,fasttext
arousal_mean_old,0.0,-0.008838087513696465,-0.0788923655984507,0.0,Liu2021.csv,norms,True,,zh,50,1,cbow,fasttext
dominance_mean_old,0.0,-0.003902304822841045,-0.03483356079955946,0.0,Liu2021.csv,norms,True,,zh,50,1,cbow,fasttext
familiar_mean_old,0.0,-0.009962793611904218,-0.08893194990366449,0.0,Liu2021.csv,norms,True,,zh,50,1,cbow,fasttext
valence_mean_young,0.010150451152322158,0.00010303165859567821,0.0009197025109276558,0.03032659741757482,Liu2021.csv,norms,True,,zh,50,1,cbow,fasttext
arousal_mean_young,0.0,-0.008563129997120866,-0.07643798291802262,0.0,Liu2021.csv,norms,True,,zh,50,1,cbow,fasttext
dominance_mean_young,0.0,-0.007656586747964575,-0.06834580897966647,0.0,Liu2021.csv,norms,True,,zh,50,1,cbow,fasttext
familiar_mean_young,0.0,-0.010571031535166718,-0.09436132911477824,0.0,Liu2021.csv,norms,True,,zh,50,1,cbow,fasttext
concrete_mean,0.3182608332280464,0.10128995796701036,0.1423278097897101,0.37726358131909593,Liu2025.csv,norms,True,,zh,50,1,cbow,fasttext
arousal_mean,0.33275774441488093,0.11072771646807922,0.155589297144842,0.394448091825581,Liu2025.csv,norms,True,,zh,50,1,cbow,fasttext
familiar_mean,0.23876683925827666,0.05700960352938773,0.08010717123567362,0.28303210283583313,Liu2025.csv,norms,True,,zh,50,1,cbow,fasttext
valence_mean,0.3992869772952413,0.15943009023757057,0.2240235460012701,0.47331125699825705,Liu2025.csv,norms,True,,zh,50,1,cbow,fasttext
aoa_mean,0.2954411189705062,0.08728545477854478,0.10919341118625492,0.33044426335806604,Song2021.csv,norms,True,,zh,50,1,cbow,fasttext
concrete_mean,0.393827138555617,0.15509981506290518,0.19402863769278117,0.440486818977346,Song2021.csv,norms,True,,zh,50,1,cbow,fasttext
emotional_experience_mean,0.30402878525658983,0.09243350226459762,0.1156335777337873,0.34004937543507896,Song2021.csv,norms,True,,zh,50,1,cbow,fasttext
familiar_mean,0.23079266999475975,0.05326525652331007,0.06663441317052976,0.2581364235642265,Song2021.csv,norms,True,,zh,50,1,cbow,fasttext
imagine_mean,0.0,-0.013799587483592517,-0.017263174421438654,0.0,Song2021.csv,norms,True,,zh,50,1,cbow,fasttext
sensory_experience_mean,0.3093551056606655,0.09570058139832152,0.11972066780087642,0.3460067453112387,Song2021.csv,norms,True,,zh,50,1,cbow,fasttext
aoa_mean,0.38055865197329974,0.14482488759173506,0.28191890929779034,0.5309603650912094,Su2023.csv,norms,True,,zh,50,1,cbow,fasttext
familiar_mean,0.2777002420655818,0.07711742444328273,0.1501182603931518,0.3874509780516134,Su2023.csv,norms,True,,zh,50,1,cbow,fasttext
imagine_mean,0.19930245731091026,0.0397214694901672,0.0773225758402899,0.27806937235209833,Su2023.csv,norms,True,,zh,50,1,cbow,fasttext
concrete_mean,0.2070878803056065,0.0428853901694692,0.08348152463594183,0.28893169545057157,Su2023.csv,norms,True,,zh,50,1,cbow,fasttext
aoa_mean,0.25627335609847857,0.06567603304597759,0.08882641832084881,0.29803761225866915,Wang2019.csv,norms,True,,zh,50,1,cbow,fasttext
aoa_mean_chinese_l1,0.4277902930426309,0.18300453482150003,0.18874023033010728,0.43444243615248646,Wang2020_zh.csv,norms,True,,zh,50,1,cbow,fasttext
familiar_mean_chinese_l1,0.3457782830620793,0.11956262103735944,0.12330993139308472,0.3511551386397253,Wang2020_zh.csv,norms,True,,zh,50,1,cbow,fasttext
concrete_mean_chinese_l1,0.6059265692885891,0.36714700736983935,0.37865406342844354,0.615348733181798,Wang2020_zh.csv,norms,True,,zh,50,1,cbow,fasttext
familiar_mean,0.1589889837715339,0.025277496960705068,0.02714990414297952,0.16477227965583144,Weekes2007.csv,norms,True,,zh,50,1,cbow,fasttext
imagine_mean,0.0,-0.04703050422893268,-0.050514245282927694,0.0,Weekes2007.csv,norms,True,,zh,50,1,cbow,fasttext
aoa_mean_subjective,0.3580236116745648,0.12818090651649958,0.13767578848068474,0.37104688178272666,Weekes2007.csv,norms,True,,zh,50,1,cbow,fasttext
aoa_mean,0.21892451670043078,0.047927944012517196,0.09945767226089769,0.3153691047976921,Xu2021.csv,norms,True,,zh,50,1,cbow,fasttext
valence_mean,0.0,-0.024121297093460562,-0.03454873281615445,0.0,Yao2017.csv,norms,True,,zh,50,1,cbow,fasttext
arousal_mean,0.0,-0.037273003094986476,-0.053385811724590004,0.0,Yao2017.csv,norms,True,,zh,50,1,cbow,fasttext
concrete_mean,0.0,-0.027547555395853622,-0.03945613403051951,0.0,Yao2017.csv,norms,True,,zh,50,1,cbow,fasttext
familiar_mean,0.0,-0.0006700241595757461,-0.000959670020225678,0.0,Yao2017.csv,norms,True,,zh,50,1,cbow,fasttext
imagine_mean,0.0,-0.04866586323662967,-0.06970371036496437,0.0,Yao2017.csv,norms,True,,zh,50,1,cbow,fasttext
valence_mean,0.0,-0.014216606644291032,-0.03402663229617198,0.0,Yee2017.csv,norms,True,,zh,50,1,cbow,fasttext
arousal_mean,0.0,-0.01831337916488584,-0.04383202226349725,0.0,Yee2017.csv,norms,True,,zh,50,1,cbow,fasttext
familiar_mean,0.0,-0.013566758133936593,-0.03247125717302857,0.0,Yee2017.csv,norms,True,,zh,50,1,cbow,fasttext
concrete_mean,0.14311002584296498,0.0204804794967741,0.04901885256604949,0.22140201572264306,Yee2017.csv,norms,True,,zh,50,1,cbow,fasttext
imagine_mean,0.07151073080519929,0.005113784620293679,0.012239550074801264,0.11063250008384183,Yee2017.csv,norms,True,,zh,50,1,cbow,fasttext
valence_mean_chinese,0.34642225922053493,0.1200083816834595,0.14627414286399382,0.3824580275847192,Yi2025.csv,norms,True,,zh,50,1,cbow,fasttext
arousal_mean_chinese,0.2300290760678795,0.052913375836642296,0.06449431771324338,0.2539573147464813,Yi2025.csv,norms,True,,zh,50,1,cbow,fasttext
sensory_mean_chinese,0.278064604122212,0.07731992406564248,0.09678260518056392,0.31109902793252814,Yi2025.csv,norms,True,,zh,50,1,cbow,fasttext
concrete_mean,0.0734722481467297,0.0053981712477346264,0.02215315085818964,0.14883934580005934,Zhao2025.csv,norms,True,,zh,50,1,cbow,fasttext
imagine_mean,0.11114262418410285,0.012352682910528726,0.05069325063282554,0.22515161698914254,Zhao2025.csv,norms,True,,zh,50,1,cbow,fasttext
aoa_mean,0.20590983404040036,0.04239885975454522,0.1739975064243905,0.41713008333658996,Zhao2025.csv,norms,True,,zh,50,1,cbow,fasttext
familiar_mean,0.11975338807731718,0.014340873955996532,0.05885243902160325,0.24259521640296877,Zhao2025.csv,norms,True,,zh,50,1,cbow,fasttext
valence_mean,0.08965822332673942,0.008038597010107482,0.032988996473173327,0.18162873250995648,Zhao2025.csv,norms,True,,zh,50,1,cbow,fasttext
arousal_mean,0.07503918588697069,0.00563087941857934,0.02310814449919718,0.1520136326097011,Zhao2025.csv,norms,True,,zh,50,1,cbow,fasttext
,0.03395972511049514,0.0011532629295803942,0.010728914450511384,0.10358047330704463,zh.subs.2018.tsv,counts,True,unigram_freq,zh,50,1,cbow,fasttext
,0.012817695549355532,0.0001642933191959686,0.008303136985729709,0.091121550610872,zh.wiki.2018.tsv,counts,True,unigram_freq,zh,50,1,cbow,fasttext
aoa_cai_mean,0.3330148111982969,0.11089886447743733,0.20131897548881833,0.4486858316114053,Cai2021.csv,norms,False,,zh,50,1,cbow,word2vec
valence_mean,0.18252436835958138,0.03331514504506416,0.08212170260182011,0.2865688444367603,Chan2024.csv,norms,False,,zh,50,1,cbow,word2vec
arousal_mean,0.16912131863837462,0.028602020417982637,0.07050386877798548,0.26552564617751234,Chan2024.csv,norms,False,,zh,50,1,cbow,word2vec
concrete_mean,0.20614959953788942,0.04249765738963218,0.10475655971794962,0.32366118043094017,Chan2024.csv,norms,False,,zh,50,1,cbow,word2vec
familiar_mean,0.1235255636333629,0.015258564870939986,0.03761230289608364,0.19393891537307215,Chan2024.csv,norms,False,,zh,50,1,cbow,word2vec
imagine_mean,0.22402353096896915,0.05018654242780468,0.12370963134919366,0.3517237998048947,Chan2024.csv,norms,False,,zh,50,1,cbow,word2vec
familiar_mean,0.28421356367256373,0.08077734977545845,0.2178162222586406,0.46670785536418885,Chang2016.csv,norms,False,,zh,50,1,cbow,word2vec
gustatory_mean,0.0,-0.18738849226073237,-0.36842483224143996,0.0,Chen2019.csv,norms,False,,zh,50,1,cbow,word2vec
visual_strength_mean,0.0,-0.059823839645328024,-0.11761975252301782,0.0,Chen2019.csv,norms,False,,zh,50,1,cbow,word2vec
auditory_mean,0.0,-0.19120472071021458,-0.32144561742586797,0.0,Chen2019.csv,norms,False,,zh,50,1,cbow,word2vec
olfactory_strength_mean,0.0,-0.045093147213804655,-0.07580876922900492,0.0,Chen2019.csv,norms,False,,zh,50,1,cbow,word2vec
haptic_strength_mean,0.0,-0.1981200084638095,-0.33307131857683914,0.0,Chen2019.csv,norms,False,,zh,50,1,cbow,word2vec
arousal_mean,0.17929028152814047,0.03214500505043987,0.06026809020552254,0.24549560119383512,Cheng2025.csv,norms,False,,zh,50,1,cbow,word2vec
valence_mean,0.16217167355149473,0.02629965170249258,0.049308742639564695,0.22205571967315926,Cheng2025.csv,norms,False,,zh,50,1,cbow,word2vec
familiar_mean,0.0,-0.14258025258366022,-0.3802140068897606,0.0,Li2021.csv,norms,False,,zh,50,1,cbow,word2vec
aoa_mean,0.4749657843725337,0.22559249632461614,0.3201782658679492,0.5658429692661642,Liu2007.csv,norms,False,,zh,50,1,cbow,word2vec
concrete_mean,0.22966688687289352,0.05274687892588647,0.07486243780083646,0.2736100104178143,Liu2007.csv,norms,False,,zh,50,1,cbow,word2vec
familiar_mean,0.24282970653678765,0.05896626637674241,0.08368947203831634,0.28929132727808543,Liu2007.csv,norms,False,,zh,50,1,cbow,word2vec
imagine_mean,0.23168494581727692,0.053677914118354535,0.07618383473665258,0.27601419299857133,Liu2007.csv,norms,False,,zh,50,1,cbow,word2vec
valence_mean_all,0.0,-0.003650741630927069,-0.03258800538082951,0.0,Liu2021.csv,norms,False,,zh,50,1,cbow,word2vec
arousal_mean_all,0.0,-0.008243953241535935,-0.07358888131622121,0.0,Liu2021.csv,norms,False,,zh,50,1,cbow,word2vec
dominance_mean_all,0.0,-0.001889035682891418,-0.016862301203991792,0.0,Liu2021.csv,norms,False,,zh,50,1,cbow,word2vec
familiar_mean_all,0.0,-0.012345240628189213,-0.11019864145162839,0.0,Liu2021.csv,norms,False,,zh,50,1,cbow,word2vec
valence_mean_old,0.0,-0.0025782606933593515,-0.02301460411128564,0.0,Liu2021.csv,norms,False,,zh,50,1,cbow,word2vec
arousal_mean_old,0.0,-0.003028705187758515,-0.027035454966052197,0.0,Liu2021.csv,norms,False,,zh,50,1,cbow,word2vec
dominance_mean_old,0.0,-0.0077434874814671095,-0.06912152028911334,0.0,Liu2021.csv,norms,False,,zh,50,1,cbow,word2vec
familiar_mean_old,0.0,-0.014092170284975213,-0.1257924464399086,0.0,Liu2021.csv,norms,False,,zh,50,1,cbow,word2vec
valence_mean_young,0.0,-0.001279651475209064,-0.01142268979169303,0.0,Liu2021.csv,norms,False,,zh,50,1,cbow,word2vec
arousal_mean_young,0.0,-0.0060245905109474526,-0.05377794646568679,0.0,Liu2021.csv,norms,False,,zh,50,1,cbow,word2vec
dominance_mean_young,0.0,-0.005613914456721443,-0.050112084890734265,0.0,Liu2021.csv,norms,False,,zh,50,1,cbow,word2vec
familiar_mean_young,0.0,-0.012104708414056182,-0.10805155302936731,0.0,Liu2021.csv,norms,False,,zh,50,1,cbow,word2vec
concrete_mean,0.29466770796049824,0.08682905811469349,0.12200804418926486,0.3492964989650839,Liu2025.csv,norms,False,,zh,50,1,cbow,word2vec
arousal_mean,0.32497883109610753,0.10561124066059238,0.14839986978069186,0.3852270366688868,Liu2025.csv,norms,False,,zh,50,1,cbow,word2vec
familiar_mean,0.18937421633778842,0.03586259381355149,0.05039240348508406,0.2244825237854476,Liu2025.csv,norms,False,,zh,50,1,cbow,word2vec
valence_mean,0.3314153888565561,0.10983615997094226,0.1543365245493334,0.39285687540035924,Liu2025.csv,norms,False,,zh,50,1,cbow,word2vec
aoa_mean,0.2561023267816835,0.06558840178299219,0.08205057008765193,0.2864447068591981,Song2021.csv,norms,False,,zh,50,1,cbow,word2vec
concrete_mean,0.36753731702305603,0.13508367940450638,0.1689886108423438,0.41108224340433847,Song2021.csv,norms,False,,zh,50,1,cbow,word2vec
emotional_experience_mean,0.2829824616517935,0.0800790736025088,0.1001782855285353,0.3165095346565966,Song2021.csv,norms,False,,zh,50,1,cbow,word2vec
familiar_mean,0.2068064975734504,0.042768927438597545,0.053503588789753476,0.23130842783987243,Song2021.csv,norms,False,,zh,50,1,cbow,word2vec
imagine_mean,0.0,-0.020083978226983594,-0.025124897365303878,0.0,Song2021.csv,norms,False,,zh,50,1,cbow,word2vec
sensory_experience_mean,0.2788621235600118,0.07776408395639928,0.09728225185418599,0.31190102894056954,Song2021.csv,norms,False,,zh,50,1,cbow,word2vec
aoa_mean,0.40768309809168707,0.16620550846963614,0.32353883677185397,0.5688047439779788,Su2023.csv,norms,False,,zh,50,1,cbow,word2vec
familiar_mean,0.2716374350418677,0.0737868961161249,0.1436349899484709,0.37899207108918637,Su2023.csv,norms,False,,zh,50,1,cbow,word2vec
imagine_mean,0.1820082460487045,0.03312700162972576,0.06448565797672595,0.2539402645834763,Su2023.csv,norms,False,,zh,50,1,cbow,word2vec
concrete_mean,0.1853040122970739,0.03433757697339412,0.06684218720443624,0.2585385603820758,Su2023.csv,norms,False,,zh,50,1,cbow,word2vec
aoa_mean,0.30092131638036906,0.09055363865209419,0.12247322218372841,0.3499617438859974,Wang2019.csv,norms,False,,zh,50,1,cbow,word2vec
aoa_mean_chinese_l1,0.40935876867181303,0.16757460148850292,0.17282669477707502,0.4157243014030753,Wang2020_zh.csv,norms,False,,zh,50,1,cbow,word2vec
familiar_mean_chinese_l1,0.2662657481630712,0.07089744864484004,0.07311950384232768,0.2704061830697066,Wang2020_zh.csv,norms,False,,zh,50,1,cbow,word2vec
concrete_mean_chinese_l1,0.5414162553826662,0.2931315615925885,0.3023188387433846,0.5498352832834436,Wang2020_zh.csv,norms,False,,zh,50,1,cbow,word2vec
familiar_mean,0.0,-0.04718537578609095,-0.05068058880728288,0.0,Weekes2007.csv,norms,False,,zh,50,1,cbow,word2vec
imagine_mean,0.0,-0.28126067104951813,-0.3020947948309639,0.0,Weekes2007.csv,norms,False,,zh,50,1,cbow,word2vec
aoa_mean_subjective,0.0,-0.07110947739283878,-0.07637684608860462,0.0,Weekes2007.csv,norms,False,,zh,50,1,cbow,word2vec
aoa_mean,0.23773447651330196,0.05651768132305372,0.11728266550524441,0.3424655683499356,Xu2021.csv,norms,False,,zh,50,1,cbow,word2vec
valence_mean,0.0,-0.01943903791662936,-0.02784237201600559,0.0,Yao2017.csv,norms,False,,zh,50,1,cbow,word2vec
arousal_mean,0.0,-0.06355951343263297,-0.09103576142694825,0.0,Yao2017.csv,norms,False,,zh,50,1,cbow,word2vec
concrete_mean,0.0,-0.05953807156944529,-0.08527588375832007,0.0,Yao2017.csv,norms,False,,zh,50,1,cbow,word2vec
familiar_mean,0.0,-0.010719198393384774,-0.015353018532191731,0.0,Yao2017.csv,norms,False,,zh,50,1,cbow,word2vec
imagine_mean,0.0,-0.08505615396464188,-0.12182522052227351,0.0,Yao2017.csv,norms,False,,zh,50,1,cbow,word2vec
valence_mean,0.0,-0.010668044185672833,-0.025533351657512027,0.0,Yee2017.csv,norms,False,,zh,50,1,cbow,word2vec
arousal_mean,0.0,-0.06381962977904526,-0.15274862209410833,0.0,Yee2017.csv,norms,False,,zh,50,1,cbow,word2vec
familiar_mean,0.0,-0.027050604423717914,-0.06474406960430845,0.0,Yee2017.csv,norms,False,,zh,50,1,cbow,word2vec
concrete_mean,0.0,-0.018596127368890176,-0.044508763866524026,0.0,Yee2017.csv,norms,False,,zh,50,1,cbow,word2vec
imagine_mean,0.0,-0.013352335926831585,-0.031958049923236254,0.0,Yee2017.csv,norms,False,,zh,50,1,cbow,word2vec
valence_mean_chinese,0.3231514611186692,0.10442686682313077,0.1272823633003894,0.3567665389304179,Yi2025.csv,norms,False,,zh,50,1,cbow,word2vec
arousal_mean_chinese,0.23539864183333448,0.05541252057697849,0.06754044040615625,0.25988543707979533,Yi2025.csv,norms,False,,zh,50,1,cbow,word2vec
sensory_mean_chinese,0.28563842573475906,0.08158931025623148,0.10212666524063757,0.31957262905423794,Yi2025.csv,norms,False,,zh,50,1,cbow,word2vec
concrete_mean,0.0,-0.17468704870645943,-0.7168851015221368,0.0,Zhao2025.csv,norms,False,,zh,50,1,cbow,word2vec
imagine_mean,0.0,-0.18308791733801721,-0.751360797381699,0.0,Zhao2025.csv,norms,False,,zh,50,1,cbow,word2vec
aoa_mean,0.0,-0.14069109573654115,-0.577371655181106,0.0,Zhao2025.csv,norms,False,,zh,50,1,cbow,word2vec
familiar_mean,0.0,-0.11133936176821742,-0.45691727151875017,0.0,Zhao2025.csv,norms,False,,zh,50,1,cbow,word2vec
valence_mean,0.0,-0.21347923573782784,-0.8760814537656213,0.0,Zhao2025.csv,norms,False,,zh,50,1,cbow,word2vec
arousal_mean,0.0,-0.09943559316375611,-0.40806628669934886,0.0,Zhao2025.csv,norms,False,,zh,50,1,cbow,word2vec
,0.046449906934756265,0.002157593854247518,0.020072300329286752,0.14167674590167137,zh.subs.2018.tsv,counts,False,unigram_freq,zh,50,1,cbow,word2vec
,0.02037406598358068,0.0004151025647032994,0.020978658625479873,0.14484011400672078,zh.wiki.2018.tsv,counts,False,unigram_freq,zh,50,1,cbow,word2vec
aoa_cai_mean,0.33308327637170465,0.11094446899850939,0.2014017631305417,0.44877807781858253,Cai2021.csv,norms,True,,zh,50,1,cbow,word2vec
valence_mean,0.1818677575983655,0.033075881253857825,0.08153191828966261,0.28553794544624467,Chan2024.csv,norms,True,,zh,50,1,cbow,word2vec
arousal_mean,0.17665832895987882,0.031208165190896756,0.0769280054788476,0.2773589830505722,Chan2024.csv,norms,True,,zh,50,1,cbow,word2vec
concrete_mean,0.21221358216986821,0.045034604457367414,0.11101012434542762,0.33318181874980457,Chan2024.csv,norms,True,,zh,50,1,cbow,word2vec
familiar_mean,0.11572710104929465,0.013392761917273656,0.03301310589221873,0.18169509044610624,Chan2024.csv,norms,True,,zh,50,1,cbow,word2vec
imagine_mean,0.23471920921787268,0.055093107175863486,0.13580429431679064,0.3685163419942061,Chan2024.csv,norms,True,,zh,50,1,cbow,word2vec
familiar_mean,0.30588639521714533,0.09356648677893963,0.25230214579772653,0.5022968701850794,Chang2016.csv,norms,True,,zh,50,1,cbow,word2vec
gustatory_mean,0.11229545510351138,0.012610269236904741,0.024793071720016102,0.15745815863274948,Chen2019.csv,norms,True,,zh,50,1,cbow,word2vec
visual_strength_mean,0.15527951886369684,0.024111728978541185,0.047406111212047075,0.21772944498171826,Chen2019.csv,norms,True,,zh,50,1,cbow,word2vec
auditory_mean,0.0,-0.02396251656982394,-0.04028481046521126,0.0,Chen2019.csv,norms,True,,zh,50,1,cbow,word2vec
olfactory_strength_mean,0.31403873703097507,0.09862032835600992,0.1657964940477848,0.40718115630243107,Chen2019.csv,norms,True,,zh,50,1,cbow,word2vec
haptic_strength_mean,0.0869060194157063,0.007552656210683121,0.012697219136800608,0.11268193793505953,Chen2019.csv,norms,True,,zh,50,1,cbow,word2vec
arousal_mean,0.18263866865589498,0.033356883288397796,0.06254021885657585,0.2500804247768622,Cheng2025.csv,norms,True,,zh,50,1,cbow,word2vec
valence_mean,0.19092544245926474,0.03645252457826601,0.06834418087832594,0.26142719995885266,Cheng2025.csv,norms,True,,zh,50,1,cbow,word2vec
familiar_mean,0.0,-0.0509961238611788,-0.13598966362981013,0.0,Li2021.csv,norms,True,,zh,50,1,cbow,word2vec
aoa_mean,0.4414125380512722,0.1948450287488658,0.2765390889953782,0.5258698403553661,Liu2007.csv,norms,True,,zh,50,1,cbow,word2vec
concrete_mean,0.2695065876841057,0.07263380080513054,0.10308749078125756,0.3210724073807302,Liu2007.csv,norms,True,,zh,50,1,cbow,word2vec
familiar_mean,0.2603828381213516,0.06779922238812999,0.09622588430508089,0.3102029727534552,Liu2007.csv,norms,True,,zh,50,1,cbow,word2vec
imagine_mean,0.26589892117300923,0.07070223628097017,0.10034606546865404,0.316774470986306,Liu2007.csv,norms,True,,zh,50,1,cbow,word2vec
valence_mean_all,0.0,-0.0058061705385687515,-0.05182824091137994,0.0,Liu2021.csv,norms,True,,zh,50,1,cbow,word2vec
arousal_mean_all,0.0,-0.008038529809990196,-0.07175518817402504,0.0,Liu2021.csv,norms,True,,zh,50,1,cbow,word2vec
dominance_mean_all,0.0,-0.003267408715602448,-0.02916621979035605,0.0,Liu2021.csv,norms,True,,zh,50,1,cbow,word2vec
familiar_mean_all,0.0,-0.01415012022339777,-0.12630973117162858,0.0,Liu2021.csv,norms,True,,zh,50,1,cbow,word2vec
valence_mean_old,0.0,-0.008212209607745645,-0.07330552472368623,0.0,Liu2021.csv,norms,True,,zh,50,1,cbow,word2vec
arousal_mean_old,0.0,-0.006126162916132474,-0.05468462308686217,0.0,Liu2021.csv,norms,True,,zh,50,1,cbow,word2vec
dominance_mean_old,0.0,-0.0018201732872492379,-0.01624760743856246,0.0,Liu2021.csv,norms,True,,zh,50,1,cbow,word2vec
familiar_mean_old,0.0,-0.010752309694713653,-0.0959794917337643,0.0,Liu2021.csv,norms,True,,zh,50,1,cbow,word2vec
valence_mean_young,0.0,-0.007443323197560923,-0.06644213174619318,0.0,Liu2021.csv,norms,True,,zh,50,1,cbow,word2vec
arousal_mean_young,0.0,-0.010181408170294054,-0.09088339241188892,0.0,Liu2021.csv,norms,True,,zh,50,1,cbow,word2vec
dominance_mean_young,0.0,-0.013042541361296895,-0.11642303154542943,0.0,Liu2021.csv,norms,True,,zh,50,1,cbow,word2vec
familiar_mean_young,0.0,-0.015075410747253729,-0.1345692509127151,0.0,Liu2021.csv,norms,True,,zh,50,1,cbow,word2vec
concrete_mean,0.3396017947212569,0.1153293789778987,0.16205533345840567,0.40256096862264934,Liu2025.csv,norms,True,,zh,50,1,cbow,word2vec
arousal_mean,0.3830208364710564,0.14670496117098772,0.20614280258218415,0.4540295173027676,Liu2025.csv,norms,True,,zh,50,1,cbow,word2vec
familiar_mean,0.2147116631313833,0.04610109828464462,0.06477906082151469,0.2545173094732747,Liu2025.csv,norms,True,,zh,50,1,cbow,word2vec
valence_mean,0.3885881216265563,0.15100072826925534,0.21217900927764216,0.4606289279644106,Liu2025.csv,norms,True,,zh,50,1,cbow,word2vec
aoa_mean,0.23397830384278187,0.05474584666914516,0.068486619692254,0.2616994835536631,Song2021.csv,norms,True,,zh,50,1,cbow,word2vec
concrete_mean,0.37467409460257595,0.14038067716626004,0.17561511300263283,0.41906456901369366,Song2021.csv,norms,True,,zh,50,1,cbow,word2vec
emotional_experience_mean,0.2901000045771118,0.08415801265564031,0.10528100591147066,0.324470346736756,Song2021.csv,norms,True,,zh,50,1,cbow,word2vec
familiar_mean,0.2061789724435134,0.04250976867786306,0.0531793832368902,0.23060655506054073,Song2021.csv,norms,True,,zh,50,1,cbow,word2vec
imagine_mean,0.0,-0.012408696644094037,-0.015523181020042243,0.0,Song2021.csv,norms,True,,zh,50,1,cbow,word2vec
sensory_experience_mean,0.2960330764739307,0.08763558236662009,0.10963141802014675,0.33110635454510196,Song2021.csv,norms,True,,zh,50,1,cbow,word2vec
aoa_mean,0.40406623036720757,0.16326951852316524,0.31782358232089464,0.5637584432369015,Su2023.csv,norms,True,,zh,50,1,cbow,word2vec
familiar_mean,0.32619676181841994,0.10640432742082298,0.20712870853804333,0.45511395115733744,Su2023.csv,norms,True,,zh,50,1,cbow,word2vec
imagine_mean,0.224767389857542,0.05052037954337227,0.09834394167339727,0.31359837638833093,Su2023.csv,norms,True,,zh,50,1,cbow,word2vec
concrete_mean,0.2196011556694971,0.04822466757137869,0.09387506463182971,0.30639037947009645,Su2023.csv,norms,True,,zh,50,1,cbow,word2vec
aoa_mean,0.2813274054096635,0.07914510903453317,0.10704325820393329,0.32717466008835905,Wang2019.csv,norms,True,,zh,50,1,cbow,word2vec
aoa_mean_chinese_l1,0.44131369216342586,0.19475777489091503,0.20086183835468513,0.44817612425773545,Wang2020_zh.csv,norms,True,,zh,50,1,cbow,word2vec
familiar_mean_chinese_l1,0.291912103162478,0.08521267597274121,0.08788339647335602,0.29645133913233723,Wang2020_zh.csv,norms,True,,zh,50,1,cbow,word2vec
concrete_mean_chinese_l1,0.6181291665728434,0.3820836665680381,0.39405886473667395,0.6277410809694344,Wang2020_zh.csv,norms,True,,zh,50,1,cbow,word2vec
familiar_mean,0.2681541605528356,0.07190665382179594,0.07723307262341045,0.2779083889043482,Weekes2007.csv,norms,True,,zh,50,1,cbow,word2vec
imagine_mean,0.0,-0.05128517664053696,-0.05508407861391007,0.0,Weekes2007.csv,norms,True,,zh,50,1,cbow,word2vec
aoa_mean_subjective,0.35857277604807253,0.12857443572282118,0.13809846799858572,0.3716160222576332,Weekes2007.csv,norms,True,,zh,50,1,cbow,word2vec
aoa_mean,0.20966471510809703,0.04395929276135949,0.0912221256797141,0.30203000791264784,Xu2021.csv,norms,True,,zh,50,1,cbow,word2vec
valence_mean,0.0,-0.01037132693619743,-0.014854765142991111,0.0,Yao2017.csv,norms,True,,zh,50,1,cbow,word2vec
arousal_mean,0.0,-0.02224306704730571,-0.03185855957296391,0.0,Yao2017.csv,norms,True,,zh,50,1,cbow,word2vec
concrete_mean,0.0,-0.024154304054564636,-0.0345960084114858,0.0,Yao2017.csv,norms,True,,zh,50,1,cbow,word2vec
familiar_mean,0.08309068627621366,0.00690406214585216,0.009888630677652832,0.09944159430365561,Yao2017.csv,norms,True,,zh,50,1,cbow,word2vec
imagine_mean,0.0,-0.05069737810294651,-0.07261343217869942,0.0,Yao2017.csv,norms,True,,zh,50,1,cbow,word2vec
valence_mean,0.1706620983164827,0.02912555180178481,0.06971033709935381,0.26402715220096934,Yee2017.csv,norms,True,,zh,50,1,cbow,word2vec
arousal_mean,0.0,-0.028708896890384167,-0.06871309747534571,0.0,Yee2017.csv,norms,True,,zh,50,1,cbow,word2vec
familiar_mean,0.0,-0.03568324072108889,-0.08540578926686848,0.0,Yee2017.csv,norms,True,,zh,50,1,cbow,word2vec
concrete_mean,0.08257353076342464,0.006818387982738234,0.016319420417701347,0.127747486933017,Yee2017.csv,norms,True,,zh,50,1,cbow,word2vec
imagine_mean,0.0,-0.0070454825841719665,-0.01686295831621487,0.0,Yee2017.csv,norms,True,,zh,50,1,cbow,word2vec
valence_mean_chinese,0.32585799028105844,0.10618342983001036,0.1294233783246202,0.3597546084828104,Yi2025.csv,norms,True,,zh,50,1,cbow,word2vec
arousal_mean_chinese,0.26490551384634703,0.07017493126619717,0.08553384169930395,0.29246169270402567,Yi2025.csv,norms,True,,zh,50,1,cbow,word2vec
sensory_mean_chinese,0.2760164556838315,0.0761850838082645,0.09536210719249583,0.3088075568902028,Yi2025.csv,norms,True,,zh,50,1,cbow,word2vec
concrete_mean,0.0,-0.005317049914258306,-0.021820243090754032,0.0,Zhao2025.csv,norms,True,,zh,50,1,cbow,word2vec
imagine_mean,0.0,-0.008914502027115296,-0.03658355749925457,0.0,Zhao2025.csv,norms,True,,zh,50,1,cbow,word2vec
aoa_mean,0.14686048959544046,0.021568003404212478,0.08851131451674082,0.29750851167107945,Zhao2025.csv,norms,True,,zh,50,1,cbow,word2vec
familiar_mean,0.10077370159172855,0.010155338932498752,0.04167573518200307,0.2041463572587154,Zhao2025.csv,norms,True,,zh,50,1,cbow,word2vec
valence_mean,0.0,-0.004756443161825014,-0.019519611008363857,0.0,Zhao2025.csv,norms,True,,zh,50,1,cbow,word2vec
arousal_mean,0.0,-0.015092103877331614,-0.061935355256153235,0.0,Zhao2025.csv,norms,True,,zh,50,1,cbow,word2vec
,0.032683580819877316,0.0010682164552094523,0.009937719030594927,0.09968810877228501,zh.subs.2018.tsv,counts,True,unigram_freq,zh,50,1,cbow,word2vec
,0.011502248460661873,0.0001323017196507984,0.006686329712517869,0.08176998050946245,zh.wiki.2018.tsv,counts,True,unigram_freq,zh,50,1,cbow,word2vec
aoa_cai_mean,0.3212026096528136,0.10317111644777775,0.18729049716762397,0.4327707212458162,Cai2021.csv,norms,False,,zh,50,1,sg,fasttext
valence_mean,0.21091709644284828,0.044486021571881765,0.10965786967226432,0.33114629647976485,Chan2024.csv,norms,False,,zh,50,1,sg,fasttext
arousal_mean,0.18077951949915658,0.032681234670345935,0.08055911600048904,0.2838293783252344,Chan2024.csv,norms,False,,zh,50,1,sg,fasttext
concrete_mean,0.23920880343257653,0.05722085163964504,0.14104917612147683,0.3755651423141887,Chan2024.csv,norms,False,,zh,50,1,sg,fasttext
familiar_mean,0.1335294411265328,0.017830111647564192,0.0439511556710287,0.20964530920349422,Chan2024.csv,norms,False,,zh,50,1,sg,fasttext
imagine_mean,0.2507958613758247,0.06289856408324188,0.15504471515097873,0.39375717790407166,Chan2024.csv,norms,False,,zh,50,1,sg,fasttext
familiar_mean,0.26818880622948027,0.0719252357867937,0.19394648608416137,0.44039355817741177,Chang2016.csv,norms,False,,zh,50,1,sg,fasttext
gustatory_mean,0.0,-0.13402279072362502,-0.2635024359989916,0.0,Chen2019.csv,norms,False,,zh,50,1,sg,fasttext
visual_strength_mean,0.0,-0.03098632665384645,-0.06092226935332523,0.0,Chen2019.csv,norms,False,,zh,50,1,sg,fasttext
auditory_mean,0.0,-0.1625284783712868,-0.2732362824792648,0.0,Chen2019.csv,norms,False,,zh,50,1,sg,fasttext
olfactory_strength_mean,0.03488518418933529,0.001216976075923849,0.0020459307943067606,0.04523196650939201,Chen2019.csv,norms,False,,zh,50,1,sg,fasttext
haptic_strength_mean,0.0,-0.28343235847376513,-0.47649497946314134,0.0,Chen2019.csv,norms,False,,zh,50,1,sg,fasttext
arousal_mean,0.17280730078853368,0.029862363205818754,0.055988406180503436,0.23661869364127475,Cheng2025.csv,norms,False,,zh,50,1,sg,fasttext
valence_mean,0.18382649253056157,0.033792179356088616,0.06335634760294045,0.2517068684063676,Cheng2025.csv,norms,False,,zh,50,1,sg,fasttext
familiar_mean,0.0,-0.16934835109474058,-0.4515956029193082,0.0,Li2021.csv,norms,False,,zh,50,1,sg,fasttext
aoa_mean,0.4369384790077009,0.19091523443756309,0.27096162188849315,0.5205397409309813,Liu2007.csv,norms,False,,zh,50,1,sg,fasttext
concrete_mean,0.17240229249131286,0.029722550456260193,0.04218453546683676,0.2053887423079385,Liu2007.csv,norms,False,,zh,50,1,sg,fasttext
familiar_mean,0.204349397117854,0.0417586761024304,0.059267133070678324,0.24344841973337664,Liu2007.csv,norms,False,,zh,50,1,sg,fasttext
imagine_mean,0.15918530555829524,0.025339961505687823,0.035964427293614765,0.18964289412897803,Liu2007.csv,norms,False,,zh,50,1,sg,fasttext
valence_mean_all,0.0,-0.018047644969920305,-0.16110062306482975,0.0,Liu2021.csv,norms,False,,zh,50,1,sg,fasttext
arousal_mean_all,0.0,-0.02184537064436937,-0.19500066782982528,0.0,Liu2021.csv,norms,False,,zh,50,1,sg,fasttext
dominance_mean_all,0.0,-0.021116906129051732,-0.18849809713465226,0.0,Liu2021.csv,norms,False,,zh,50,1,sg,fasttext
familiar_mean_all,0.0,-0.019071055019324067,-0.17023599761838193,0.0,Liu2021.csv,norms,False,,zh,50,1,sg,fasttext
valence_mean_old,0.0,-0.01231529021149481,-0.10993129184459871,0.0,Liu2021.csv,norms,False,,zh,50,1,sg,fasttext
arousal_mean_old,0.0,-0.018266201359447672,-0.16305154633411734,0.0,Liu2021.csv,norms,False,,zh,50,1,sg,fasttext
dominance_mean_old,0.0,-0.013283357795953656,-0.11857265703574216,0.0,Liu2021.csv,norms,False,,zh,50,1,sg,fasttext
familiar_mean_old,0.0,-0.02057757641833548,-0.18368382066929767,0.0,Liu2021.csv,norms,False,,zh,50,1,sg,fasttext
valence_mean_young,0.0,-0.012153522293794626,-0.10848728558356935,0.0,Liu2021.csv,norms,False,,zh,50,1,sg,fasttext
arousal_mean_young,0.0,-0.03063463042423314,-0.2734571772067911,0.0,Liu2021.csv,norms,False,,zh,50,1,sg,fasttext
dominance_mean_young,0.0,-0.015243959811820012,-0.136073788450099,0.0,Liu2021.csv,norms,False,,zh,50,1,sg,fasttext
familiar_mean_young,0.0,-0.016786871275253384,-0.14984644402412328,0.0,Liu2021.csv,norms,False,,zh,50,1,sg,fasttext
concrete_mean,0.3344691060813758,0.11186958292287462,0.15719379333425004,0.39647672483293395,Liu2025.csv,norms,False,,zh,50,1,sg,fasttext
arousal_mean,0.30976007563897656,0.09595130445986448,0.13482618893657772,0.367186858338609,Liu2025.csv,norms,False,,zh,50,1,sg,fasttext
familiar_mean,0.22365569024386736,0.05002186777846075,0.07028833879877389,0.2651194802325432,Liu2025.csv,norms,False,,zh,50,1,sg,fasttext
valence_mean,0.3444346399071556,0.11863522116797197,0.16670054496670533,0.40828978062976956,Liu2025.csv,norms,False,,zh,50,1,sg,fasttext
aoa_mean,0.29869525240093653,0.08921885380685919,0.11161207802623951,0.3340839385936407,Song2021.csv,norms,False,,zh,50,1,sg,fasttext
concrete_mean,0.39855864730475116,0.15884899534139302,0.19871883246577043,0.4457789053620308,Song2021.csv,norms,False,,zh,50,1,sg,fasttext
emotional_experience_mean,0.2943793845646866,0.08665922205668364,0.1084099990213076,0.3292567372451285,Song2021.csv,norms,False,,zh,50,1,sg,fasttext
familiar_mean,0.23348471694601958,0.05451511304736288,0.0681979737626236,0.26114741768323807,Song2021.csv,norms,False,,zh,50,1,sg,fasttext
imagine_mean,0.0,-0.01664397702143453,-0.02082148315875887,0.0,Song2021.csv,norms,False,,zh,50,1,sg,fasttext
sensory_experience_mean,0.30825059364861224,0.09501842848472188,0.11886729991987527,0.3447713734054428,Song2021.csv,norms,False,,zh,50,1,sg,fasttext
aoa_mean,0.3953288269398316,0.15628488140962332,0.30422715349133084,0.5515679046965395,Su2023.csv,norms,False,,zh,50,1,sg,fasttext
familiar_mean,0.2825260587414658,0.07982097386798619,0.15538104165761013,0.39418402004344383,Su2023.csv,norms,False,,zh,50,1,sg,fasttext
imagine_mean,0.14937179321658883,0.02231193260873937,0.04343283678640725,0.20840546246777517,Su2023.csv,norms,False,,zh,50,1,sg,fasttext
concrete_mean,0.14977747563174662,0.022433292206618455,0.043669077711815996,0.2089714758329854,Su2023.csv,norms,False,,zh,50,1,sg,fasttext
aoa_mean,0.2794044128909869,0.0780668259429571,0.10558488715869091,0.32493828207629044,Wang2019.csv,norms,False,,zh,50,1,sg,fasttext
aoa_mean_chinese_l1,0.44518198613589477,0.1981870007799,0.2043985424302005,0.4521045702381259,Wang2020_zh.csv,norms,False,,zh,50,1,sg,fasttext
familiar_mean_chinese_l1,0.3169857166293545,0.10047994454702543,0.1036291690578039,0.32191484752618027,Wang2020_zh.csv,norms,False,,zh,50,1,sg,fasttext
concrete_mean_chinese_l1,0.560731731914473,0.31442007517580445,0.3242745731245074,0.5694511156583218,Wang2020_zh.csv,norms,False,,zh,50,1,sg,fasttext
familiar_mean,0.0,-0.14764491246795805,-0.15858157265076978,0.0,Weekes2007.csv,norms,False,,zh,50,1,sg,fasttext
imagine_mean,0.0,-0.22200919904601316,-0.23845432490127338,0.0,Weekes2007.csv,norms,False,,zh,50,1,sg,fasttext
aoa_mean_subjective,0.0,-0.02026420815613904,-0.02176526061214934,0.0,Weekes2007.csv,norms,False,,zh,50,1,sg,fasttext
aoa_mean,0.25445226320866043,0.06474595425200942,0.1343575659438604,0.36654817683881663,Xu2021.csv,norms,False,,zh,50,1,sg,fasttext
valence_mean,0.0,-0.041165739600964354,-0.058961345782631236,0.0,Yao2017.csv,norms,False,,zh,50,1,sg,fasttext
arousal_mean,0.0,-0.05475340831991588,-0.07842285045821284,0.0,Yao2017.csv,norms,False,,zh,50,1,sg,fasttext
concrete_mean,0.0,-0.04602639009435577,-0.06592321497889497,0.0,Yao2017.csv,norms,False,,zh,50,1,sg,fasttext
familiar_mean,0.0,-0.015293653624844644,-0.02190497263975144,0.0,Yao2017.csv,norms,False,,zh,50,1,sg,fasttext
imagine_mean,0.0,-0.05582991120859065,-0.0799647165748043,0.0,Yao2017.csv,norms,False,,zh,50,1,sg,fasttext
valence_mean,0.0,-0.09575993886510901,-0.22919591925091665,0.0,Yee2017.csv,norms,False,,zh,50,1,sg,fasttext
arousal_mean,0.0,-0.06810687653042011,-0.1630099012039563,0.0,Yee2017.csv,norms,False,,zh,50,1,sg,fasttext
familiar_mean,0.0,-0.08619499568209209,-0.20630277655058105,0.0,Yee2017.csv,norms,False,,zh,50,1,sg,fasttext
concrete_mean,0.0,-0.029147765277347228,-0.06976350377856877,0.0,Yee2017.csv,norms,False,,zh,50,1,sg,fasttext
imagine_mean,0.0,-0.07759375764511249,-0.18571620682272827,0.0,Yee2017.csv,norms,False,,zh,50,1,sg,fasttext
valence_mean_chinese,0.35470156690401133,0.12581320156416084,0.15334944077751023,0.39159857095948425,Yi2025.csv,norms,False,,zh,50,1,sg,fasttext
arousal_mean_chinese,0.23995793418286798,0.05757981017730961,0.07018207613342292,0.2649189991930041,Yi2025.csv,norms,False,,zh,50,1,sg,fasttext
sensory_mean_chinese,0.28242155670298785,0.079761935690539,0.09983931080715064,0.3159735919458312,Yi2025.csv,norms,False,,zh,50,1,sg,fasttext
concrete_mean,0.0,-0.035779351899379405,-0.1468322036963603,0.0,Zhao2025.csv,norms,False,,zh,50,1,sg,fasttext
imagine_mean,0.0,-0.05066406139785448,-0.20791644868737003,0.0,Zhao2025.csv,norms,False,,zh,50,1,sg,fasttext
aoa_mean,0.18053884673601558,0.03259427518077052,0.13376120579649542,0.36573379088689006,Zhao2025.csv,norms,False,,zh,50,1,sg,fasttext
familiar_mean,0.0,-0.0014041901454883896,-0.0057625508156381455,0.0,Zhao2025.csv,norms,False,,zh,50,1,sg,fasttext
valence_mean,0.0,-0.019641075279290314,-0.08060353844124057,0.0,Zhao2025.csv,norms,False,,zh,50,1,sg,fasttext
arousal_mean,0.0,-0.033798678639212716,-0.13870386698387294,0.0,Zhao2025.csv,norms,False,,zh,50,1,sg,fasttext
,0.033248243769812454,0.0011054457137768727,0.010284066355199517,0.10141038583498002,zh.subs.2018.tsv,counts,False,unigram_freq,zh,50,1,sg,fasttext
,0.014458154661949801,0.00020903823622886079,0.010564477722878385,0.10278364521108592,zh.wiki.2018.tsv,counts,False,unigram_freq,zh,50,1,sg,fasttext
aoa_cai_mean,0.3139699546472211,0.09857713242117806,0.17895086121188153,0.4230258398867397,Cai2021.csv,norms,True,,zh,50,1,sg,fasttext
valence_mean,0.20507666596608046,0.04205643892376334,0.10366895792040376,0.32197664188633895,Chan2024.csv,norms,True,,zh,50,1,sg,fasttext
arousal_mean,0.19104765569913626,0.03649920674813571,0.08997040228155412,0.29995066641291884,Chan2024.csv,norms,True,,zh,50,1,sg,fasttext
concrete_mean,0.24055146669448008,0.05786500812886556,0.1426370193550946,0.37767316472724743,Chan2024.csv,norms,True,,zh,50,1,sg,fasttext
familiar_mean,0.11545491752625989,0.013329837980995473,0.032857998634706176,0.18126775398483366,Chan2024.csv,norms,True,,zh,50,1,sg,fasttext
imagine_mean,0.24724474939894459,0.061129966105346906,0.15068512803327566,0.38818182341948426,Chan2024.csv,norms,True,,zh,50,1,sg,fasttext
familiar_mean,0.283655189016925,0.08046026625622743,0.2169612061620323,0.4657909468442171,Chang2016.csv,norms,True,,zh,50,1,sg,fasttext
gustatory_mean,0.0,-0.028336441229728303,-0.05571232512963531,0.0,Chen2019.csv,norms,True,,zh,50,1,sg,fasttext
visual_strength_mean,0.20374744374822365,0.04151302083393556,0.08161882062265297,0.2856900779212554,Chen2019.csv,norms,True,,zh,50,1,sg,fasttext
auditory_mean,0.0,-0.04877700158287918,-0.08200191570455051,0.0,Chen2019.csv,norms,True,,zh,50,1,sg,fasttext
olfactory_strength_mean,0.25144302054036644,0.06322359257846313,0.10628893824785107,0.3260198433344987,Chen2019.csv,norms,True,,zh,50,1,sg,fasttext
haptic_strength_mean,0.0,-0.054116226908936096,-0.09097800465850125,0.0,Chen2019.csv,norms,True,,zh,50,1,sg,fasttext
arousal_mean,0.1585651419004905,0.025142904225922694,0.04713997765870587,0.2171174282702931,Cheng2025.csv,norms,True,,zh,50,1,sg,fasttext
valence_mean,0.17531187395453676,0.03073425314945138,0.057623096910515315,0.24004811374079846,Cheng2025.csv,norms,True,,zh,50,1,sg,fasttext
familiar_mean,0.0,-0.07585160866576515,-0.2022709564420404,0.0,Li2021.csv,norms,True,,zh,50,1,sg,fasttext
aoa_mean,0.4122823177356243,0.16997670951745827,0.2412440527850191,0.49116601346695304,Liu2007.csv,norms,True,,zh,50,1,sg,fasttext
concrete_mean,0.19075423135420955,0.036387176779535305,0.05164348704372601,0.22725203419051282,Liu2007.csv,norms,True,,zh,50,1,sg,fasttext
familiar_mean,0.21429282693358453,0.04592141567518722,0.06517521405466331,0.2552943674558123,Liu2007.csv,norms,True,,zh,50,1,sg,fasttext
imagine_mean,0.20171830023432447,0.04069027264942506,0.0577507725072563,0.2403139041072245,Liu2007.csv,norms,True,,zh,50,1,sg,fasttext
valence_mean_all,0.0,-0.00048817258267369536,-0.0043576271232604324,0.0,Liu2021.csv,norms,True,,zh,50,1,sg,fasttext
arousal_mean_all,0.0,-0.013399178930987453,-0.11960652361773216,0.0,Liu2021.csv,norms,True,,zh,50,1,sg,fasttext
dominance_mean_all,0.0,-0.002990057536067074,-0.02669047030030436,0.0,Liu2021.csv,norms,True,,zh,50,1,sg,fasttext
familiar_mean_all,0.0,-0.005286534823619697,-0.04718976106625028,0.0,Liu2021.csv,norms,True,,zh,50,1,sg,fasttext
valence_mean_old,0.0,-0.00029452354708329906,-0.002629037030674297,0.0,Liu2021.csv,norms,True,,zh,50,1,sg,fasttext
arousal_mean_old,0.0,-0.011397990581592762,-0.10174310207465054,0.0,Liu2021.csv,norms,True,,zh,50,1,sg,fasttext
dominance_mean_old,0.0,-0.0015723830360656222,-0.014035730824100923,0.0,Liu2021.csv,norms,True,,zh,50,1,sg,fasttext
familiar_mean_old,0.0,-0.005898391847358899,-0.052651445840926625,0.0,Liu2021.csv,norms,True,,zh,50,1,sg,fasttext
valence_mean_young,0.0,-0.0022917326810500804,-0.020456938477598552,0.0,Liu2021.csv,norms,True,,zh,50,1,sg,fasttext
arousal_mean_young,0.0,-0.01304165721086783,-0.11641513925891545,0.0,Liu2021.csv,norms,True,,zh,50,1,sg,fasttext
dominance_mean_young,0.0,-0.002940491975703964,-0.026248027938967855,0.0,Liu2021.csv,norms,True,,zh,50,1,sg,fasttext
familiar_mean_young,0.0,-0.006651205991809295,-0.05937137123424574,0.0,Liu2021.csv,norms,True,,zh,50,1,sg,fasttext
concrete_mean,0.3735977177547441,0.13957525471155344,0.1961244796883655,0.44285943558692015,Liu2025.csv,norms,True,,zh,50,1,sg,fasttext
arousal_mean,0.37401869618633987,0.13988998509692963,0.19656672378959666,0.44335845970230076,Liu2025.csv,norms,True,,zh,50,1,sg,fasttext
familiar_mean,0.2393072463259317,0.05726795814410015,0.08047019879733042,0.2836726966017886,Liu2025.csv,norms,True,,zh,50,1,sg,fasttext
valence_mean,0.4182262702385293,0.17491321311763136,0.24577969056341642,0.4957617276105694,Liu2025.csv,norms,True,,zh,50,1,sg,fasttext
aoa_mean,0.3146792225103582,0.0990230130797235,0.12387700346580488,0.3519616505612577,Song2021.csv,norms,True,,zh,50,1,sg,fasttext
concrete_mean,0.4190157923416156,0.17557423423167193,0.21964197357751813,0.4686597631304805,Song2021.csv,norms,True,,zh,50,1,sg,fasttext
emotional_experience_mean,0.3232653106389855,0.10450046106251978,0.13072924742047365,0.3615649975045616,Song2021.csv,norms,True,,zh,50,1,sg,fasttext
familiar_mean,0.25017560659713173,0.06258783413624282,0.0782968837755974,0.27981580329852246,Song2021.csv,norms,True,,zh,50,1,sg,fasttext
imagine_mean,0.0,-0.013068202269205763,-0.016348217322885383,0.0,Song2021.csv,norms,True,,zh,50,1,sg,fasttext
sensory_experience_mean,0.33056821928882013,0.10927534760378148,0.1367025925876671,0.36973313698891946,Song2021.csv,norms,True,,zh,50,1,sg,fasttext
aoa_mean,0.36487100679170875,0.13313085159719518,0.2591550741055721,0.509072759147032,Su2023.csv,norms,True,,zh,50,1,sg,fasttext
familiar_mean,0.2941268337965758,0.08651059435919851,0.16840318546078858,0.410369571801795,Su2023.csv,norms,True,,zh,50,1,sg,fasttext
imagine_mean,0.1827902494841686,0.03341227530648461,0.06504097719803231,0.255031325915136,Su2023.csv,norms,True,,zh,50,1,sg,fasttext
concrete_mean,0.18344255564653375,0.03365117122213163,0.06550601657831318,0.25594143192987173,Su2023.csv,norms,True,,zh,50,1,sg,fasttext
aoa_mean,0.25537628464935325,0.06521704676130749,0.0882056422807202,0.2969943472201452,Wang2019.csv,norms,True,,zh,50,1,sg,fasttext
aoa_mean_chinese_l1,0.46515123828827676,0.21636567448111724,0.2231469688820925,0.47238434445067345,Wang2020_zh.csv,norms,True,,zh,50,1,sg,fasttext
familiar_mean_chinese_l1,0.3113418568294176,0.09693375181398958,0.09997183218426153,0.31618322565288237,Wang2020_zh.csv,norms,True,,zh,50,1,sg,fasttext
concrete_mean_chinese_l1,0.6430062973678591,0.41345709845472356,0.4264155971330303,0.6530050513840076,Wang2020_zh.csv,norms,True,,zh,50,1,sg,fasttext
familiar_mean,0.2333198236469061,0.054438140106623366,0.058470594929336206,0.2418069373060587,Weekes2007.csv,norms,True,,zh,50,1,sg,fasttext
imagine_mean,0.0,-0.06510133805178223,-0.06992365938895129,0.0,Weekes2007.csv,norms,True,,zh,50,1,sg,fasttext
aoa_mean_subjective,0.32224549971725186,0.10384216208802137,0.11153417409454147,0.333967324890537,Weekes2007.csv,norms,True,,zh,50,1,sg,fasttext
aoa_mean,0.24394241543640374,0.059507902048946994,0.1234878219973728,0.3514083408192993,Xu2021.csv,norms,True,,zh,50,1,sg,fasttext
valence_mean,0.0,-0.01459009262822615,-0.020897268087303078,0.0,Yao2017.csv,norms,True,,zh,50,1,sg,fasttext
arousal_mean,0.0,-0.029925220777721355,-0.04286164434309048,0.0,Yao2017.csv,norms,True,,zh,50,1,sg,fasttext
concrete_mean,0.0,-0.03578147091615889,-0.051249502614290066,0.0,Yao2017.csv,norms,True,,zh,50,1,sg,fasttext
familiar_mean,0.09512840846271717,0.009049414096649559,0.012961400398847023,0.11384814622490357,Yao2017.csv,norms,True,,zh,50,1,sg,fasttext
imagine_mean,0.0,-0.03699533061193976,-0.052988103741059556,0.0,Yao2017.csv,norms,True,,zh,50,1,sg,fasttext
valence_mean,0.14472518566608394,0.02094537936608247,0.0501315637286564,0.22390078992414567,Yee2017.csv,norms,True,,zh,50,1,sg,fasttext
arousal_mean,0.0,-0.022929424829644166,-0.05488026270701718,0.0,Yee2017.csv,norms,True,,zh,50,1,sg,fasttext
familiar_mean,0.0,-0.043661686489041195,-0.10450174143278712,0.0,Yee2017.csv,norms,True,,zh,50,1,sg,fasttext
concrete_mean,0.14003933099936705,0.019611014226750288,0.04693783732959905,0.21665141894203938,Yee2017.csv,norms,True,,zh,50,1,sg,fasttext
imagine_mean,0.06002493157061521,0.003602992410057039,0.008623555604398814,0.0928631014149259,Yee2017.csv,norms,True,,zh,50,1,sg,fasttext
valence_mean_chinese,0.3633961448684766,0.13205675810527082,0.16095949991390152,0.40119758213865336,Yi2025.csv,norms,True,,zh,50,1,sg,fasttext
arousal_mean_chinese,0.26651525013807237,0.07103037855615928,0.08657651736369698,0.29423887806287086,Yi2025.csv,norms,True,,zh,50,1,sg,fasttext
sensory_mean_chinese,0.2968734053804179,0.08813381882216594,0.11031853294216193,0.3321423383764285,Yi2025.csv,norms,True,,zh,50,1,sg,fasttext
concrete_mean,0.0,-0.0006038498637141276,-0.0024780942494497804,0.0,Zhao2025.csv,norms,True,,zh,50,1,sg,fasttext
imagine_mean,0.05272732731128308,0.0027801710453911783,0.01140933582015724,0.1068144925567558,Zhao2025.csv,norms,True,,zh,50,1,sg,fasttext
aoa_mean,0.17530817947621985,0.03073295779126651,0.12612268470623578,0.3551375574425152,Zhao2025.csv,norms,True,,zh,50,1,sg,fasttext
familiar_mean,0.12919815566859894,0.01669216342816752,0.06850171986094977,0.2617283321708786,Zhao2025.csv,norms,True,,zh,50,1,sg,fasttext
valence_mean,0.09491638544849156,0.00900912022660662,0.03697185404470804,0.1922806647708189,Zhao2025.csv,norms,True,,zh,50,1,sg,fasttext
arousal_mean,0.02218851067659054,0.0004923300060451723,0.0020204362543165266,0.04494926311205254,Zhao2025.csv,norms,True,,zh,50,1,sg,fasttext
,0.029063344854668847,0.0008446780141414062,0.007858119704973354,0.08864603603643738,zh.subs.2018.tsv,counts,True,unigram_freq,zh,50,1,sg,fasttext
,0.015039689403349227,0.00022619225734921505,0.011431416122537286,0.10691780077488167,zh.wiki.2018.tsv,counts,True,unigram_freq,zh,50,1,sg,fasttext
aoa_cai_mean,0.3466835728709823,0.12018949969858966,0.21818462306037895,0.46710236893038654,Cai2021.csv,norms,False,,zh,50,1,sg,word2vec
valence_mean,0.19716681003048275,0.038874750977596476,0.09582610954218179,0.3095579259883064,Chan2024.csv,norms,False,,zh,50,1,sg,word2vec
arousal_mean,0.18103727024378724,0.03277449321732205,0.08078899795506228,0.284234054882701,Chan2024.csv,norms,False,,zh,50,1,sg,word2vec
concrete_mean,0.21672533089719084,0.046969869052496865,0.11578054402458787,0.3402654023326319,Chan2024.csv,norms,False,,zh,50,1,sg,word2vec
familiar_mean,0.12809342918149874,0.016407926599475632,0.04044547507423396,0.20111060408201742,Chan2024.csv,norms,False,,zh,50,1,sg,word2vec
imagine_mean,0.2405859233033776,0.0578815864917387,0.14267788495491868,0.3777272626577524,Chan2024.csv,norms,False,,zh,50,1,sg,word2vec
familiar_mean,0.3058602992049296,0.09355052262972903,0.25225909844989586,0.5022540178534124,Chang2016.csv,norms,False,,zh,50,1,sg,word2vec
gustatory_mean,0.0,-0.1040934764229829,-0.20465836042484775,0.0,Chen2019.csv,norms,False,,zh,50,1,sg,word2vec
visual_strength_mean,0.0,-0.1111999003109416,-0.2186303124757496,0.0,Chen2019.csv,norms,False,,zh,50,1,sg,word2vec
auditory_mean,0.0,-0.15763799572822745,-0.2650146015141215,0.0,Chen2019.csv,norms,False,,zh,50,1,sg,word2vec
olfactory_strength_mean,0.028990915664335537,0.0008404731910566156,0.0014129694226459044,0.037589485533136846,Chen2019.csv,norms,False,,zh,50,1,sg,word2vec
haptic_strength_mean,0.0,-0.24199285203844365,-0.40682856284723856,0.0,Chen2019.csv,norms,False,,zh,50,1,sg,word2vec
arousal_mean,0.18949655786622466,0.035908945443147426,0.06732503416182173,0.25947068073642104,Cheng2025.csv,norms,False,,zh,50,1,sg,word2vec
valence_mean,0.16842299793010893,0.028366306231765472,0.053183475942559344,0.2306154286741443,Cheng2025.csv,norms,False,,zh,50,1,sg,word2vec
familiar_mean,0.0,-0.16874891090596303,-0.44999709574923474,0.0,Li2021.csv,norms,False,,zh,50,1,sg,word2vec
aoa_mean,0.474527456486076,0.22517630695914476,0.31958757782876207,0.5653207742766597,Liu2007.csv,norms,False,,zh,50,1,sg,word2vec
concrete_mean,0.19754835809300697,0.03902535378524292,0.05538779127592308,0.23534610954065732,Liu2007.csv,norms,False,,zh,50,1,sg,word2vec
familiar_mean,0.22458154484786538,0.050436870286253765,0.07158389541832161,0.2675516686890994,Liu2007.csv,norms,False,,zh,50,1,sg,word2vec
imagine_mean,0.20565173171274334,0.04229263475645017,0.06002496836517868,0.24499993543913165,Liu2007.csv,norms,False,,zh,50,1,sg,word2vec
valence_mean_all,0.0,-0.012416618436623348,-0.1108357888152266,0.0,Liu2021.csv,norms,False,,zh,50,1,sg,word2vec
arousal_mean_all,0.0,-3.4493172712922393e-06,-3.0790009581838085e-05,0.0,Liu2021.csv,norms,False,,zh,50,1,sg,word2vec
dominance_mean_all,0.0,-0.010060791426805814,-0.08980671827737485,0.0,Liu2021.csv,norms,False,,zh,50,1,sg,word2vec
familiar_mean_all,0.0,-0.018768933722569048,-0.16753913998241288,0.0,Liu2021.csv,norms,False,,zh,50,1,sg,word2vec
valence_mean_old,0.0,-0.009341682712711104,-0.08338766127104025,0.0,Liu2021.csv,norms,False,,zh,50,1,sg,word2vec
arousal_mean_old,0.0,-0.007337028968600495,-0.06549330620456373,0.0,Liu2021.csv,norms,False,,zh,50,1,sg,word2vec
dominance_mean_old,0.0,-0.003141231824181529,-0.028039913512823866,0.0,Liu2021.csv,norms,False,,zh,50,1,sg,word2vec
familiar_mean_old,0.0,-0.017253839415618342,-0.1540147916666884,0.0,Liu2021.csv,norms,False,,zh,50,1,sg,word2vec
valence_mean_young,0.0,-0.012176407398361868,-0.10869156733948993,0.0,Liu2021.csv,norms,False,,zh,50,1,sg,word2vec
arousal_mean_young,0.0,-0.0011503438016168817,-0.010268436878502207,0.0,Liu2021.csv,norms,False,,zh,50,1,sg,word2vec
dominance_mean_young,0.0,-0.009345329980129817,-0.0834202182641891,0.0,Liu2021.csv,norms,False,,zh,50,1,sg,word2vec
familiar_mean_young,0.0,-0.015372470833332114,-0.13722093012264425,0.0,Liu2021.csv,norms,False,,zh,50,1,sg,word2vec
concrete_mean,0.2576832550139007,0.06640065991455898,0.09330303500874798,0.30545545503190474,Liu2025.csv,norms,False,,zh,50,1,sg,word2vec
arousal_mean,0.3168280477819621,0.10038001186132925,0.14104919699484203,0.3755651701034616,Liu2025.csv,norms,False,,zh,50,1,sg,word2vec
familiar_mean,0.20439187253182142,0.041776037557064334,0.0587016921176548,0.24228432082504803,Liu2025.csv,norms,False,,zh,50,1,sg,word2vec
valence_mean,0.36550439010984326,0.13359345918956847,0.18771914640220394,0.43326567646445746,Liu2025.csv,norms,False,,zh,50,1,sg,word2vec
aoa_mean,0.29038710943542906,0.08432467332626387,0.10548949708771699,0.32479146707959705,Song2021.csv,norms,False,,zh,50,1,sg,word2vec
concrete_mean,0.38432471475104907,0.14770548636847522,0.18477839118119765,0.42985857113845904,Song2021.csv,norms,False,,zh,50,1,sg,word2vec
emotional_experience_mean,0.2887842695449582,0.0833963543366151,0.10432817739927741,0.3229987266217584,Song2021.csv,norms,False,,zh,50,1,sg,word2vec
familiar_mean,0.2210353862878484,0.04885664199141836,0.06111927138013745,0.24722312064234092,Song2021.csv,norms,False,,zh,50,1,sg,word2vec
imagine_mean,0.0,-0.018141161113886795,-0.022694448576003223,0.0,Song2021.csv,norms,False,,zh,50,1,sg,word2vec
sensory_experience_mean,0.3108584864501408,0.09663299859807237,0.12088711431762822,0.34768824299597506,Song2021.csv,norms,False,,zh,50,1,sg,word2vec
aoa_mean,0.41409440910010603,0.171474179647966,0.3337949333360762,0.5777498882181425,Su2023.csv,norms,False,,zh,50,1,sg,word2vec
familiar_mean,0.2962116989541312,0.08774137059729284,0.17079903813779068,0.4132784026994281,Su2023.csv,norms,False,,zh,50,1,sg,word2vec
imagine_mean,0.1597087842122605,0.025506895754558393,0.04965221344392684,0.22282776632171952,Su2023.csv,norms,False,,zh,50,1,sg,word2vec
concrete_mean,0.1489678382481797,0.022191416832335827,0.04319823846009857,0.20784185925866466,Su2023.csv,norms,False,,zh,50,1,sg,word2vec
aoa_mean,0.31561860818239934,0.09961510583099492,0.13472879909517488,0.36705421819558876,Wang2019.csv,norms,False,,zh,50,1,sg,word2vec
aoa_mean_chinese_l1,0.4036318248727711,0.16291865005012335,0.16802481733866786,0.4099083035736991,Wang2020_zh.csv,norms,False,,zh,50,1,sg,word2vec
familiar_mean_chinese_l1,0.262412482196861,0.06886031081271787,0.07101851839940443,0.2664929987812146,Wang2020_zh.csv,norms,False,,zh,50,1,sg,word2vec
concrete_mean_chinese_l1,0.5311710826135452,0.2821427190048456,0.29098558581009054,0.539430797980696,Wang2020_zh.csv,norms,False,,zh,50,1,sg,word2vec
familiar_mean,0.0,-0.21025632930697044,-0.22583087221859788,0.0,Weekes2007.csv,norms,False,,zh,50,1,sg,word2vec
imagine_mean,0.0,-0.1132621375216604,-0.12165192548622783,0.0,Weekes2007.csv,norms,False,,zh,50,1,sg,word2vec
aoa_mean_subjective,0.0,-0.06314364654602421,-0.06782095369758157,0.0,Weekes2007.csv,norms,False,,zh,50,1,sg,word2vec
aoa_mean,0.24730441587516092,0.06115947411135454,0.1269150817366031,0.35625143050464103,Xu2021.csv,norms,False,,zh,50,1,sg,word2vec
valence_mean,0.0,-0.053402338312365245,-0.0764877241453148,0.0,Yao2017.csv,norms,False,,zh,50,1,sg,word2vec
arousal_mean,0.0,-0.0559351891290912,-0.08011550526302125,0.0,Yao2017.csv,norms,False,,zh,50,1,sg,word2vec
concrete_mean,0.0,-0.05062845854375086,-0.07251471926839315,0.0,Yao2017.csv,norms,False,,zh,50,1,sg,word2vec
familiar_mean,0.07386611559770766,0.005456203033493911,0.007814874136514716,0.08840177677238573,Yao2017.csv,norms,False,,zh,50,1,sg,word2vec
imagine_mean,0.0,-0.08206903835452303,-0.11754679972653037,0.0,Yao2017.csv,norms,False,,zh,50,1,sg,word2vec
valence_mean,0.0,-0.042070087278972663,-0.10069234004475425,0.0,Yee2017.csv,norms,False,,zh,50,1,sg,word2vec
arousal_mean,0.0,-0.08671247315096534,-0.207541329180999,0.0,Yee2017.csv,norms,False,,zh,50,1,sg,word2vec
familiar_mean,0.0,-0.0764979371320483,-0.1830934232996566,0.0,Yee2017.csv,norms,False,,zh,50,1,sg,word2vec
concrete_mean,0.0,-0.005427757408074396,-0.012991025927522326,0.0,Yee2017.csv,norms,False,,zh,50,1,sg,word2vec
imagine_mean,0.0,-0.0002657835730384086,-0.0006361377321902895,0.0,Yee2017.csv,norms,False,,zh,50,1,sg,word2vec
valence_mean_chinese,0.3406070657344255,0.11601317322821528,0.14140451889143446,0.37603792214540604,Yi2025.csv,norms,False,,zh,50,1,sg,word2vec
arousal_mean_chinese,0.26302773884334746,0.0691835914010442,0.08432553118775454,0.29038858653148636,Yi2025.csv,norms,False,,zh,50,1,sg,word2vec
sensory_mean_chinese,0.2958697951001695,0.08753893565261626,0.10957390801368672,0.33101949793582663,Yi2025.csv,norms,False,,zh,50,1,sg,word2vec
concrete_mean,0.0,-0.06014769490584335,-0.2468356222638708,0.0,Zhao2025.csv,norms,False,,zh,50,1,sg,word2vec
imagine_mean,0.0,-0.08768711654717125,-0.3598525930433093,0.0,Zhao2025.csv,norms,False,,zh,50,1,sg,word2vec
aoa_mean,0.0,-0.03999405403426969,-0.1641286042608554,0.0,Zhao2025.csv,norms,False,,zh,50,1,sg,word2vec
familiar_mean,0.0,-0.027424285752945986,-0.11254447322657068,0.0,Zhao2025.csv,norms,False,,zh,50,1,sg,word2vec
valence_mean,0.0,-0.12343077545234221,-0.5065383189328361,0.0,Zhao2025.csv,norms,False,,zh,50,1,sg,word2vec
arousal_mean,0.0,-0.047561349809645756,-0.19518346288002164,0.0,Zhao2025.csv,norms,False,,zh,50,1,sg,word2vec
,0.04789033105643479,0.0022934838086949225,0.021336497468165183,0.1460701799415787,zh.subs.2018.tsv,counts,False,unigram_freq,zh,50,1,sg,word2vec
,0.01841188706470377,0.0003389975852834059,0.017132427552226215,0.13089089942477367,zh.wiki.2018.tsv,counts,False,unigram_freq,zh,50,1,sg,word2vec
aoa_cai_mean,0.3401616974800924,0.11570998043253791,0.21005277938845895,0.45831515291168257,Cai2021.csv,norms,True,,zh,50,1,sg,word2vec
valence_mean,0.1913975507165161,0.03663302242028135,0.09030025739149111,0.30050001229865386,Chan2024.csv,norms,True,,zh,50,1,sg,word2vec
arousal_mean,0.18798573221453335,0.03533863551623424,0.08710959872132584,0.29514335283269694,Chan2024.csv,norms,True,,zh,50,1,sg,word2vec
concrete_mean,0.2220175421693317,0.04929178903091098,0.12150406771552852,0.3485743359966831,Chan2024.csv,norms,True,,zh,50,1,sg,word2vec
familiar_mean,0.12061072109969873,0.01454694604418931,0.035858165263567665,0.18936252338719947,Chan2024.csv,norms,True,,zh,50,1,sg,word2vec
imagine_mean,0.24386498013834906,0.059470128537877386,0.14659363490308874,0.38287548224336426,Chan2024.csv,norms,True,,zh,50,1,sg,word2vec
familiar_mean,0.30633395363893406,0.09384049115206061,0.25304099892427084,0.5030318070701602,Chang2016.csv,norms,True,,zh,50,1,sg,word2vec
gustatory_mean,0.0,-0.014607288388054944,-0.02871941445787074,0.0,Chen2019.csv,norms,True,,zh,50,1,sg,word2vec
visual_strength_mean,0.10021525717038351,0.010043097769726105,0.019745751547258106,0.1405195770960691,Chen2019.csv,norms,True,,zh,50,1,sg,word2vec
auditory_mean,0.0,-0.01884089261826584,-0.03167454411186721,0.0,Chen2019.csv,norms,True,,zh,50,1,sg,word2vec
olfactory_strength_mean,0.31984242865628965,0.10229917916875372,0.17198122874747002,0.41470619569457845,Chen2019.csv,norms,True,,zh,50,1,sg,word2vec
haptic_strength_mean,0.09396418069486243,0.008829267253656757,0.014843405817741795,0.12183351680773971,Chen2019.csv,norms,True,,zh,50,1,sg,word2vec
arousal_mean,0.18163327767531776,0.03299064755907908,0.06185357009306092,0.24870377981257324,Cheng2025.csv,norms,True,,zh,50,1,sg,word2vec
valence_mean,0.1993386206563306,0.03973588568516847,0.07450009539934088,0.2729470560371386,Cheng2025.csv,norms,True,,zh,50,1,sg,word2vec
familiar_mean,0.0,-0.04561283099477777,-0.12163421598607405,0.0,Li2021.csv,norms,True,,zh,50,1,sg,word2vec
aoa_mean,0.4488696010472719,0.20148391874433705,0.2859615135913603,0.5347536943223116,Liu2007.csv,norms,True,,zh,50,1,sg,word2vec
concrete_mean,0.25565600788887294,0.06535999436967548,0.0927639438162382,0.3045717383741279,Liu2007.csv,norms,True,,zh,50,1,sg,word2vec
familiar_mean,0.24065342451460894,0.05791407073060858,0.08219611484416495,0.2866986481380143,Liu2007.csv,norms,True,,zh,50,1,sg,word2vec
imagine_mean,0.22993628761789242,0.05287069636349814,0.07503816905566363,0.27393095673118734,Liu2007.csv,norms,True,,zh,50,1,sg,word2vec
valence_mean_all,0.0,-0.010324626017108252,-0.09216181319167627,0.0,Liu2021.csv,norms,True,,zh,50,1,sg,word2vec
arousal_mean_all,0.0,-0.004045718074554178,-0.03611372584299011,0.0,Liu2021.csv,norms,True,,zh,50,1,sg,word2vec
dominance_mean_all,0.0,-0.013746743338345841,-0.1227090249509486,0.0,Liu2021.csv,norms,True,,zh,50,1,sg,word2vec
familiar_mean_all,0.0,-0.009915547540651853,-0.08851021224599187,0.0,Liu2021.csv,norms,True,,zh,50,1,sg,word2vec
valence_mean_old,0.0,-0.007307311133383458,-0.06522803271444455,0.0,Liu2021.csv,norms,True,,zh,50,1,sg,word2vec
arousal_mean_old,0.0,-0.002908923310567128,-0.025966233187832977,0.0,Liu2021.csv,norms,True,,zh,50,1,sg,word2vec
dominance_mean_old,0.0,-0.01143061429649929,-0.1020343146293573,0.0,Liu2021.csv,norms,True,,zh,50,1,sg,word2vec
familiar_mean_old,0.0,-0.012082965957862865,-0.10785747101780618,0.0,Liu2021.csv,norms,True,,zh,50,1,sg,word2vec
valence_mean_young,0.0,-0.011351771827869233,-0.10133053467128295,0.0,Liu2021.csv,norms,True,,zh,50,1,sg,word2vec
arousal_mean_young,0.0,-0.006985079138516648,-0.06235165880355553,0.0,Liu2021.csv,norms,True,,zh,50,1,sg,word2vec
dominance_mean_young,0.0,-0.01258178712888963,-0.11231015177389791,0.0,Liu2021.csv,norms,True,,zh,50,1,sg,word2vec
familiar_mean_young,0.0,-0.011672513728473655,-0.10419360739442718,0.0,Liu2021.csv,norms,True,,zh,50,1,sg,word2vec
concrete_mean,0.3295308022944644,0.10859054966083338,0.15258625245081975,0.3906229031314213,Liu2025.csv,norms,True,,zh,50,1,sg,word2vec
arousal_mean,0.3695113369526382,0.13653862813652615,0.19185755710050512,0.4380154758687244,Liu2025.csv,norms,True,,zh,50,1,sg,word2vec
familiar_mean,0.15586810735980997,0.024294866891929248,0.03413798626500597,0.1847646780772937,Liu2025.csv,norms,True,,zh,50,1,sg,word2vec
valence_mean,0.42839935102456556,0.18352600395826896,0.2578819727750852,0.5078208077413578,Liu2025.csv,norms,True,,zh,50,1,sg,word2vec
aoa_mean,0.27225934990317163,0.07412515360969764,0.09272997887086182,0.30451597473837366,Song2021.csv,norms,True,,zh,50,1,sg,word2vec
concrete_mean,0.39653051978091947,0.15723645311772616,0.19670155494191732,0.44351049022759015,Song2021.csv,norms,True,,zh,50,1,sg,word2vec
emotional_experience_mean,0.3097040988589091,0.09591662885000893,0.11999094144827505,0.3463970863738248,Song2021.csv,norms,True,,zh,50,1,sg,word2vec
familiar_mean,0.21651593987866796,0.046879152221542965,0.05864544737238658,0.24216822122728363,Song2021.csv,norms,True,,zh,50,1,sg,word2vec
imagine_mean,0.0,-0.013301414086423432,-0.016639963455337248,0.0,Song2021.csv,norms,True,,zh,50,1,sg,word2vec
sensory_experience_mean,0.3135843625622031,0.09833515244354327,0.12301649526915481,0.35073707427238826,Song2021.csv,norms,True,,zh,50,1,sg,word2vec
aoa_mean,0.39478270799838794,0.15585338653454042,0.3033871972754221,0.5508059524691269,Su2023.csv,norms,True,,zh,50,1,sg,word2vec
familiar_mean,0.3284652061404249,0.10788939164487182,0.21001956309517755,0.45827891408527355,Su2023.csv,norms,True,,zh,50,1,sg,word2vec
imagine_mean,0.20373113915653615,0.04150637706201989,0.08079711122037325,0.2842483266799881,Su2023.csv,norms,True,,zh,50,1,sg,word2vec
concrete_mean,0.213381474515078,0.045531653666228876,0.08863279201219643,0.2977125996866717,Su2023.csv,norms,True,,zh,50,1,sg,word2vec
aoa_mean,0.2943309808317766,0.08663072627739565,0.11716750806748355,0.3422973971088351,Wang2019.csv,norms,True,,zh,50,1,sg,word2vec
aoa_mean_chinese_l1,0.4446510967202536,0.1977145978145243,0.20391133349529295,0.45156542548704165,Wang2020_zh.csv,norms,True,,zh,50,1,sg,word2vec
familiar_mean_chinese_l1,0.2588301445489261,0.06699304372721798,0.0690927277617635,0.26285495574891393,Wang2020_zh.csv,norms,True,,zh,50,1,sg,word2vec
concrete_mean_chinese_l1,0.5852035757445947,0.34246322506425964,0.3531966464178897,0.5943034968918572,Wang2020_zh.csv,norms,True,,zh,50,1,sg,word2vec
familiar_mean,0.2361010017459507,0.05574368302544141,0.05987284473102966,0.2446892820109407,Weekes2007.csv,norms,True,,zh,50,1,sg,word2vec
imagine_mean,0.0,-0.06044687382716746,-0.06492442003658727,0.0,Weekes2007.csv,norms,True,,zh,50,1,sg,word2vec
aoa_mean_subjective,0.3255897238102542,0.1060086682508376,0.11386116219534409,0.3374331966409708,Weekes2007.csv,norms,True,,zh,50,1,sg,word2vec
aoa_mean,0.220662972041904,0.0486921472303661,0.10104350855635175,0.3178734159321156,Xu2021.csv,norms,True,,zh,50,1,sg,word2vec
valence_mean,0.0,-0.026711116723384023,-0.03825810989026357,0.0,Yao2017.csv,norms,True,,zh,50,1,sg,word2vec
arousal_mean,0.0,-0.040616831700219326,-0.05817514957062664,0.0,Yao2017.csv,norms,True,,zh,50,1,sg,word2vec
concrete_mean,0.0,-0.020985696046475707,-0.030057637566566764,0.0,Yao2017.csv,norms,True,,zh,50,1,sg,word2vec
familiar_mean,0.09150733653532063,0.008373592639788425,0.011993426958030295,0.10951450569687239,Yao2017.csv,norms,True,,zh,50,1,sg,word2vec
imagine_mean,0.0,-0.033199321862102005,-0.047551112042073185,0.0,Yao2017.csv,norms,True,,zh,50,1,sg,word2vec
valence_mean,0.07853444160312137,0.006167658517914081,0.014761936780581242,0.12149871102436124,Yee2017.csv,norms,True,,zh,50,1,sg,word2vec
arousal_mean,0.0,-0.015516014824064991,-0.037136691218253914,0.0,Yee2017.csv,norms,True,,zh,50,1,sg,word2vec
familiar_mean,0.0,-0.06901281681033443,-0.16517821728375126,0.0,Yee2017.csv,norms,True,,zh,50,1,sg,word2vec
concrete_mean,0.0,-0.0018310837893273841,-0.00438259398757046,0.0,Yee2017.csv,norms,True,,zh,50,1,sg,word2vec
imagine_mean,0.0,-0.010098691029151896,-0.024170637545183227,0.0,Yee2017.csv,norms,True,,zh,50,1,sg,word2vec
valence_mean_chinese,0.3368241563975107,0.11345051233289473,0.13828097851320642,0.37186150447875943,Yi2025.csv,norms,True,,zh,50,1,sg,word2vec
arousal_mean_chinese,0.2865937766676969,0.08213599282465374,0.10011277362608823,0.31640602653250494,Yi2025.csv,norms,True,,zh,50,1,sg,word2vec
sensory_mean_chinese,0.28407143715457583,0.08069658140706612,0.10100922203584706,0.31781948026489354,Yi2025.csv,norms,True,,zh,50,1,sg,word2vec
concrete_mean,0.0,-0.006532373217665668,-0.02680771741238752,0.0,Zhao2025.csv,norms,True,,zh,50,1,sg,word2vec
imagine_mean,0.0,-0.007384415955109025,-0.030304351815775288,0.0,Zhao2025.csv,norms,True,,zh,50,1,sg,word2vec
aoa_mean,0.16861023460099359,0.028429411212202098,0.11666933235171462,0.34156892767304614,Zhao2025.csv,norms,True,,zh,50,1,sg,word2vec
familiar_mean,0.16798063729641854,0.02821749450651092,0.11579966324803115,0.3402934957474667,Zhao2025.csv,norms,True,,zh,50,1,sg,word2vec
valence_mean,0.0,-0.0001512452308714114,-0.0006206839802427866,0.0,Zhao2025.csv,norms,True,,zh,50,1,sg,word2vec
arousal_mean,0.028888692670945508,0.0008345565642363407,0.0034248742062376603,0.05852242481508828,Zhao2025.csv,norms,True,,zh,50,1,sg,word2vec
,0.02959376921559352,0.0008757911763858107,0.008147568405216021,0.09026388206373588,zh.subs.2018.tsv,counts,True,unigram_freq,zh,50,1,sg,word2vec
,0.014456795516076006,0.00020899893659363534,0.010562491578485156,0.10277398298443607,zh.wiki.2018.tsv,counts,True,unigram_freq,zh,50,1,sg,word2vec
aoa_cai_mean,0.28273786969281817,0.07994070295843303,0.14511943377672698,0.3809454472450445,Cai2021.csv,norms,False,,zh,100,2,cbow,fasttext
valence_mean,0.19241710959309177,0.037024344064159886,0.09126486371743625,0.3021007509382197,Chan2024.csv,norms,False,,zh,100,2,cbow,fasttext
arousal_mean,0.16173753295786078,0.0261590295672951,0.06448190585908614,0.2539328766802088,Chan2024.csv,norms,False,,zh,100,2,cbow,fasttext
concrete_mean,0.20336090642442062,0.041355658261761956,0.10194153632172426,0.31928284689554537,Chan2024.csv,norms,False,,zh,100,2,cbow,fasttext
familiar_mean,0.12001888563798457,0.014404532909783621,0.03550711744269108,0.18843332359933337,Chan2024.csv,norms,False,,zh,100,2,cbow,fasttext
imagine_mean,0.208815596877333,0.04360395349923685,0.1074835753133977,0.32784687784604216,Chan2024.csv,norms,False,,zh,100,2,cbow,fasttext
familiar_mean,0.16668297076264288,0.027783212742260057,0.07491746706903973,0.2737105534484188,Chang2016.csv,norms,False,,zh,100,2,cbow,fasttext
gustatory_mean,0.0,-0.2561889039473621,-0.50369343826939,0.0,Chen2019.csv,norms,False,,zh,100,2,cbow,fasttext
visual_strength_mean,0.0,-0.07725820982293233,-0.1518974972789856,0.0,Chen2019.csv,norms,False,,zh,100,2,cbow,fasttext
auditory_mean,0.0,-0.3091319567270521,-0.5197001011643195,0.0,Chen2019.csv,norms,False,,zh,100,2,cbow,fasttext
olfactory_strength_mean,0.0,-0.18704685549044134,-0.31445558314335065,0.0,Chen2019.csv,norms,False,,zh,100,2,cbow,fasttext
haptic_strength_mean,0.0,-0.2780873660501575,-0.4675091950988155,0.0,Chen2019.csv,norms,False,,zh,100,2,cbow,fasttext
arousal_mean,0.09540101012725659,0.009101352733300913,0.017063962088733675,0.13062910123220506,Cheng2025.csv,norms,False,,zh,100,2,cbow,fasttext
valence_mean,0.060205772996715555,0.0036247351021320437,0.006795950467689493,0.08243755495943274,Cheng2025.csv,norms,False,,zh,100,2,cbow,fasttext
familiar_mean,0.0,-0.29116554944847106,-0.7764414651959228,0.0,Li2021.csv,norms,False,,zh,100,2,cbow,fasttext
aoa_mean,0.40477970460653323,0.16384660926135228,0.23254374181912407,0.4822278940699346,Liu2007.csv,norms,False,,zh,100,2,cbow,fasttext
concrete_mean,0.0,-0.02701167205602418,-0.03833704780963432,0.0,Liu2007.csv,norms,False,,zh,100,2,cbow,fasttext
familiar_mean,0.0279749158700622,0.0007825959179370578,0.001110720471481752,0.033327473223779686,Liu2007.csv,norms,False,,zh,100,2,cbow,fasttext
imagine_mean,0.0,-0.03318653656375575,-0.04710089165313769,0.0,Liu2007.csv,norms,False,,zh,100,2,cbow,fasttext
valence_mean_all,0.0,-0.017830371445694725,-0.1591611511732577,0.0,Liu2021.csv,norms,False,,zh,100,2,cbow,fasttext
arousal_mean_all,0.0,-0.029731537204816874,-0.2653957996378026,0.0,Liu2021.csv,norms,False,,zh,100,2,cbow,fasttext
dominance_mean_all,0.0,-0.013694635270654796,-0.12224388713458956,0.0,Liu2021.csv,norms,False,,zh,100,2,cbow,fasttext
familiar_mean_all,0.0,-0.03676986437304232,-0.3282227720225682,0.0,Liu2021.csv,norms,False,,zh,100,2,cbow,fasttext
valence_mean_old,0.0,-0.017642298214721356,-0.15748233298162528,0.0,Liu2021.csv,norms,False,,zh,100,2,cbow,fasttext
arousal_mean_old,0.0,-0.025422359127184813,-0.22693032259850687,0.0,Liu2021.csv,norms,False,,zh,100,2,cbow,fasttext
dominance_mean_old,0.0,-0.0237695823712639,-0.21217696471665004,0.0,Liu2021.csv,norms,False,,zh,100,2,cbow,fasttext
familiar_mean_old,0.0,-0.03068133418482557,-0.27387407397883257,0.0,Liu2021.csv,norms,False,,zh,100,2,cbow,fasttext
valence_mean_young,0.0,-0.011674931164075673,-0.10421518640832916,0.0,Liu2021.csv,norms,False,,zh,100,2,cbow,fasttext
arousal_mean_young,0.0,-0.035934445048464395,-0.32076547917720166,0.0,Liu2021.csv,norms,False,,zh,100,2,cbow,fasttext
dominance_mean_young,0.0,-0.017970338034141255,-0.16041054989783232,0.0,Liu2021.csv,norms,False,,zh,100,2,cbow,fasttext
familiar_mean_young,0.0,-0.03427828060733082,-0.30598188143859806,0.0,Liu2021.csv,norms,False,,zh,100,2,cbow,fasttext
concrete_mean,0.1619116942346023,0.026215396729919346,0.03683662303969931,0.19192869259102274,Liu2025.csv,norms,False,,zh,100,2,cbow,fasttext
arousal_mean,0.0,-0.046506368161966224,-0.06534852669128743,0.0,Liu2025.csv,norms,False,,zh,100,2,cbow,fasttext
familiar_mean,0.0,-0.03273230629880985,-0.04599387301940494,0.0,Liu2025.csv,norms,False,,zh,100,2,cbow,fasttext
valence_mean,0.17569167002864722,0.03086756291745505,0.04337362470836775,0.20826335421376405,Liu2025.csv,norms,False,,zh,100,2,cbow,fasttext
aoa_mean,0.26214099955300996,0.06871790364665116,0.08596555208177292,0.29319882687652915,Song2021.csv,norms,False,,zh,100,2,cbow,fasttext
concrete_mean,0.3316473305043405,0.10998995183065524,0.13759655680402405,0.37094009867365924,Song2021.csv,norms,False,,zh,100,2,cbow,fasttext
emotional_experience_mean,0.24846029814492257,0.06173251975426382,0.07722689227195106,0.27789726927760744,Song2021.csv,norms,False,,zh,100,2,cbow,fasttext
familiar_mean,0.16118021912313757,0.02597906303658264,0.03249960167572491,0.18027645901704667,Song2021.csv,norms,False,,zh,100,2,cbow,fasttext
imagine_mean,0.0,-0.04256691150678493,-0.05325086846235694,0.0,Song2021.csv,norms,False,,zh,100,2,cbow,fasttext
sensory_experience_mean,0.23906784308369192,0.057153433596688744,0.07149849183077828,0.2673920190109987,Song2021.csv,norms,False,,zh,100,2,cbow,fasttext
aoa_mean,0.3643487394401114,0.13275000393159822,0.2584137087209403,0.5083440849670038,Su2023.csv,norms,False,,zh,100,2,cbow,fasttext
familiar_mean,0.19479892949844585,0.03794662293374048,0.07386762542617809,0.27178599196091413,Su2023.csv,norms,False,,zh,100,2,cbow,fasttext
imagine_mean,0.03233073614064146,0.00104527649939578,0.002034755320887871,0.045108262224207565,Su2023.csv,norms,False,,zh,100,2,cbow,fasttext
concrete_mean,0.03259263836295392,0.0010622800754582955,0.0020678548088102766,0.04547367160028181,Su2023.csv,norms,False,,zh,100,2,cbow,fasttext
aoa_mean,0.15095492669640032,0.02278738989391559,0.03081980036370663,0.1755556902060045,Wang2019.csv,norms,False,,zh,100,2,cbow,fasttext
aoa_mean_chinese_l1,0.3076326587154601,0.09463785270834275,0.09760397541810473,0.31241634947311053,Wang2020_zh.csv,norms,False,,zh,100,2,cbow,fasttext
familiar_mean_chinese_l1,0.19110316103939054,0.03652041815924724,0.037665034595188385,0.19407481700413473,Wang2020_zh.csv,norms,False,,zh,100,2,cbow,fasttext
concrete_mean_chinese_l1,0.428891169532143,0.18394763530264946,0.189712889298423,0.43556043128184063,Wang2020_zh.csv,norms,False,,zh,100,2,cbow,fasttext
familiar_mean,0.0,-0.3725653079115299,-0.4001627381271988,0.0,Weekes2007.csv,norms,False,,zh,100,2,cbow,fasttext
imagine_mean,0.0,-0.37733356214372915,-0.40528419637659796,0.0,Weekes2007.csv,norms,False,,zh,100,2,cbow,fasttext
aoa_mean_subjective,0.0,-0.08314284020228509,-0.08930156910615805,0.0,Weekes2007.csv,norms,False,,zh,100,2,cbow,fasttext
aoa_mean,0.24324980397507462,0.05917046713391223,0.12278759393876576,0.3504106076287728,Xu2021.csv,norms,False,,zh,100,2,cbow,fasttext
valence_mean,0.0,-0.1708116129568928,-0.24465204980804955,0.0,Yao2017.csv,norms,False,,zh,100,2,cbow,fasttext
arousal_mean,0.0,-0.1301427491455477,-0.1864023750782584,0.0,Yao2017.csv,norms,False,,zh,100,2,cbow,fasttext
concrete_mean,0.0,-0.17294791768859288,-0.24771186127272415,0.0,Yao2017.csv,norms,False,,zh,100,2,cbow,fasttext
familiar_mean,0.0,-0.09711770859120832,-0.1391008847009494,0.0,Yao2017.csv,norms,False,,zh,100,2,cbow,fasttext
imagine_mean,0.0,-0.21405346735433908,-0.3065869975127252,0.0,Yao2017.csv,norms,False,,zh,100,2,cbow,fasttext
valence_mean,0.0,-0.1424046589523406,-0.340837380443307,0.0,Yee2017.csv,norms,False,,zh,100,2,cbow,fasttext
arousal_mean,0.0,-0.1923905388819374,-0.4604757160125059,0.0,Yee2017.csv,norms,False,,zh,100,2,cbow,fasttext
familiar_mean,0.0,-0.06359173489599276,-0.1522031687674581,0.0,Yee2017.csv,norms,False,,zh,100,2,cbow,fasttext
concrete_mean,0.0,-0.1607870456581568,-0.38483456829657203,0.0,Yee2017.csv,norms,False,,zh,100,2,cbow,fasttext
imagine_mean,0.0,-0.12574947773246944,-0.30097415981869735,0.0,Yee2017.csv,norms,False,,zh,100,2,cbow,fasttext
valence_mean_chinese,0.3188016318955675,0.1016344804992769,0.12387881839513248,0.3519642288573265,Yi2025.csv,norms,False,,zh,100,2,cbow,fasttext
arousal_mean_chinese,0.1831307596330223,0.03353687512376779,0.04087695871114355,0.20218051021585526,Yi2025.csv,norms,False,,zh,100,2,cbow,fasttext
sensory_mean_chinese,0.2673006276031998,0.07144962551706449,0.08943465711174892,0.2990562774993177,Yi2025.csv,norms,False,,zh,100,2,cbow,fasttext
concrete_mean,0.0,-0.17347505902349739,-0.7119113077958827,0.0,Zhao2025.csv,norms,False,,zh,100,2,cbow,fasttext
imagine_mean,0.0,-0.16008790815602486,-0.6569727815583315,0.0,Zhao2025.csv,norms,False,,zh,100,2,cbow,fasttext
aoa_mean,0.0,-0.11985610545578243,-0.4918684983458612,0.0,Zhao2025.csv,norms,False,,zh,100,2,cbow,fasttext
familiar_mean,0.0,-0.11173949006592625,-0.4585593280847574,0.0,Zhao2025.csv,norms,False,,zh,100,2,cbow,fasttext
valence_mean,0.0,-0.23442402777530008,-0.9620352178101113,0.0,Zhao2025.csv,norms,False,,zh,100,2,cbow,fasttext
arousal_mean,0.0,-0.16771355361664086,-0.6882670970824988,0.0,Zhao2025.csv,norms,False,,zh,100,2,cbow,fasttext
,0.05440970362983306,0.002960415849086269,0.02754102951556847,0.16595490205344485,zh.subs.2018.tsv,counts,False,unigram_freq,zh,100,2,cbow,fasttext
,0.0,-0.0002912342326815139,-0.014718539626094707,0.0,zh.wiki.2018.tsv,counts,False,unigram_freq,zh,100,2,cbow,fasttext
aoa_cai_mean,0.31112582171893644,0.09679927694028342,0.175723451754919,0.41919381168490427,Cai2021.csv,norms,True,,zh,100,2,cbow,fasttext
valence_mean,0.21572814629170828,0.04653863310245669,0.11471754908962634,0.3386997919834412,Chan2024.csv,norms,True,,zh,100,2,cbow,fasttext
arousal_mean,0.1843952467865569,0.03400160703747522,0.08381382873580451,0.2895061808248738,Chan2024.csv,norms,True,,zh,100,2,cbow,fasttext
concrete_mean,0.23060369499470687,0.0531780641452118,0.1310837207152008,0.3620548587095619,Chan2024.csv,norms,True,,zh,100,2,cbow,fasttext
familiar_mean,0.11492191299501309,0.013207046086433359,0.03255531709351811,0.18043092055830706,Chan2024.csv,norms,True,,zh,100,2,cbow,fasttext
imagine_mean,0.2321988578169551,0.053916309571498525,0.13290349281172525,0.364559313160047,Chan2024.csv,norms,True,,zh,100,2,cbow,fasttext
familiar_mean,0.30153424684506236,0.09092290202041899,0.2451737162698686,0.49515019566780805,Chang2016.csv,norms,True,,zh,100,2,cbow,fasttext
gustatory_mean,0.0,-0.009995886086215548,-0.019652928576288198,0.0,Chen2019.csv,norms,True,,zh,100,2,cbow,fasttext
visual_strength_mean,0.10963168488988252,0.012019106331794496,0.023630785330307824,0.15372308001828425,Chen2019.csv,norms,True,,zh,100,2,cbow,fasttext
auditory_mean,0.0,-0.03343247021883782,-0.05620531225195924,0.0,Chen2019.csv,norms,True,,zh,100,2,cbow,fasttext
olfactory_strength_mean,0.207238274283572,0.04294770232803302,0.07220193434857725,0.26870417627676957,Chen2019.csv,norms,True,,zh,100,2,cbow,fasttext
haptic_strength_mean,0.0,-0.04510230777083491,-0.07582416958575144,0.0,Chen2019.csv,norms,True,,zh,100,2,cbow,fasttext
arousal_mean,0.16309241100776128,0.026599134528324533,0.04987023758827985,0.22331645167403108,Cheng2025.csv,norms,True,,zh,100,2,cbow,fasttext
valence_mean,0.17838431059509022,0.03182096226648561,0.059660548234284405,0.24425508845116084,Cheng2025.csv,norms,True,,zh,100,2,cbow,fasttext
familiar_mean,0.0,-0.13486098414626674,-0.35962929105671126,0.0,Li2021.csv,norms,True,,zh,100,2,cbow,fasttext
aoa_mean,0.4256310563200895,0.18116179610415523,0.2571187901333673,0.5070688218904484,Liu2007.csv,norms,True,,zh,100,2,cbow,fasttext
concrete_mean,0.22475686628338856,0.050515648941529004,0.07169570416038695,0.26776053510625303,Liu2007.csv,norms,True,,zh,100,2,cbow,fasttext
familiar_mean,0.2089973187281974,0.04367987923557574,0.06199385269820268,0.24898564757472003,Liu2007.csv,norms,True,,zh,100,2,cbow,fasttext
imagine_mean,0.21338709350931068,0.04553405167635129,0.06462543719848413,0.25421533627711,Liu2007.csv,norms,True,,zh,100,2,cbow,fasttext
valence_mean_all,0.0,-0.004813183440313796,-0.04296443399968419,0.0,Liu2021.csv,norms,True,,zh,100,2,cbow,fasttext
arousal_mean_all,0.0,-0.015417115058449024,-0.1376194426429519,0.0,Liu2021.csv,norms,True,,zh,100,2,cbow,fasttext
dominance_mean_all,0.0,-0.0059886821089989925,-0.05345741345781785,0.0,Liu2021.csv,norms,True,,zh,100,2,cbow,fasttext
familiar_mean_all,0.0,-0.008862243343498524,-0.0791079903649089,0.0,Liu2021.csv,norms,True,,zh,100,2,cbow,fasttext
valence_mean_old,0.0,-0.004437710241105313,-0.039612807433589414,0.0,Liu2021.csv,norms,True,,zh,100,2,cbow,fasttext
arousal_mean_old,0.0,-0.015439192818424242,-0.13781651771251424,0.0,Liu2021.csv,norms,True,,zh,100,2,cbow,fasttext
dominance_mean_old,0.0,-0.0104329734051978,-0.09312896606717691,0.0,Liu2021.csv,norms,True,,zh,100,2,cbow,fasttext
familiar_mean_old,0.0,-0.011815742826093613,-0.10547212860348498,0.0,Liu2021.csv,norms,True,,zh,100,2,cbow,fasttext
valence_mean_young,0.0,-0.002798798397924004,-0.02498321340484544,0.0,Liu2021.csv,norms,True,,zh,100,2,cbow,fasttext
arousal_mean_young,0.0,-0.012899887919309124,-0.115149648872794,0.0,Liu2021.csv,norms,True,,zh,100,2,cbow,fasttext
dominance_mean_young,0.0,-0.0071435530767838505,-0.06376626166375887,0.0,Liu2021.csv,norms,True,,zh,100,2,cbow,fasttext
familiar_mean_young,0.0,-0.009413585256164486,-0.08402949263294879,0.0,Liu2021.csv,norms,True,,zh,100,2,cbow,fasttext
concrete_mean,0.3815494188413256,0.14557995901815332,0.20456200330419672,0.4522853118377787,Liu2025.csv,norms,True,,zh,100,2,cbow,fasttext
arousal_mean,0.3824593701075877,0.14627516978309274,0.20553888025727318,0.45336396003351787,Liu2025.csv,norms,True,,zh,100,2,cbow,fasttext
familiar_mean,0.15849717032695104,0.025121353001650526,0.03529932506086725,0.18788114610270837,Liu2025.csv,norms,True,,zh,100,2,cbow,fasttext
valence_mean,0.4211468576937686,0.17736467574533535,0.24922436872880843,0.49922376618988046,Liu2025.csv,norms,True,,zh,100,2,cbow,fasttext
aoa_mean,0.3004289567719324,0.0902575580670716,0.11291148881208063,0.3360230480370069,Song2021.csv,norms,True,,zh,100,2,cbow,fasttext
concrete_mean,0.3935514501187137,0.15488274389054238,0.19375708337894237,0.4401784676457293,Song2021.csv,norms,True,,zh,100,2,cbow,fasttext
emotional_experience_mean,0.3006288720724347,0.0903777187235443,0.11306180883967198,0.33624664881552646,Song2021.csv,norms,True,,zh,100,2,cbow,fasttext
familiar_mean,0.23327048458385038,0.05441511897798438,0.06807288197543482,0.26090780359244686,Song2021.csv,norms,True,,zh,100,2,cbow,fasttext
imagine_mean,0.0,-0.02308063172037866,-0.028873687102576873,0.0,Song2021.csv,norms,True,,zh,100,2,cbow,fasttext
sensory_experience_mean,0.302088138405276,0.09125724336516519,0.11416208718598542,0.3378788054702239,Song2021.csv,norms,True,,zh,100,2,cbow,fasttext
aoa_mean,0.39657254425346095,0.15726978285566323,0.3061443815731238,0.5533031552170327,Su2023.csv,norms,True,,zh,100,2,cbow,fasttext
familiar_mean,0.29343962514224103,0.08610681360361894,0.16761717808248955,0.4094107693777602,Su2023.csv,norms,True,,zh,100,2,cbow,fasttext
imagine_mean,0.21592679377691829,0.046624380270779794,0.09075991461963184,0.3012638621202879,Su2023.csv,norms,True,,zh,100,2,cbow,fasttext
concrete_mean,0.21739529875133384,0.0472607159191817,0.09199861782132523,0.30331273929943203,Su2023.csv,norms,True,,zh,100,2,cbow,fasttext
aoa_mean,0.25562728053712475,0.06534530655480589,0.08837911283828354,0.2972862473076808,Wang2019.csv,norms,True,,zh,100,2,cbow,fasttext
aoa_mean_chinese_l1,0.46724205295425647,0.2183151360489082,0.22515753012683676,0.47450767130451826,Wang2020_zh.csv,norms,True,,zh,100,2,cbow,fasttext
familiar_mean_chinese_l1,0.3348199079190202,0.11210437073890117,0.1156179259432546,0.340026360659368,Wang2020_zh.csv,norms,True,,zh,100,2,cbow,fasttext
concrete_mean_chinese_l1,0.6105340157916578,0.37275178443868817,0.38443450442109567,0.6200278255216419,Wang2020_zh.csv,norms,True,,zh,100,2,cbow,fasttext
familiar_mean,0.2993549052321567,0.08961335928655352,0.0962513859003723,0.3102440747224229,Weekes2007.csv,norms,True,,zh,100,2,cbow,fasttext
imagine_mean,0.0,-0.038610406879114025,-0.04147043701830766,0.0,Weekes2007.csv,norms,True,,zh,100,2,cbow,fasttext
aoa_mean_subjective,0.44096472353770294,0.1944498874046828,0.20885358276799265,0.45700501394185233,Weekes2007.csv,norms,True,,zh,100,2,cbow,fasttext
aoa_mean,0.23377951572363798,0.054652861971978696,0.11341288565830249,0.3367682966941848,Xu2021.csv,norms,True,,zh,100,2,cbow,fasttext
valence_mean,0.0,-0.04621680524539076,-0.06619594501292947,0.0,Yao2017.csv,norms,True,,zh,100,2,cbow,fasttext
arousal_mean,0.0,-0.023715586774376955,-0.033967637307050325,0.0,Yao2017.csv,norms,True,,zh,100,2,cbow,fasttext
concrete_mean,0.0,-0.04425574890962013,-0.06338714036534132,0.0,Yao2017.csv,norms,True,,zh,100,2,cbow,fasttext
familiar_mean,0.09149151728246424,0.008370697734647454,0.011989280609521091,0.10949557346998595,Yao2017.csv,norms,True,,zh,100,2,cbow,fasttext
imagine_mean,0.0,-0.05391080712491441,-0.07721599978828886,0.0,Yao2017.csv,norms,True,,zh,100,2,cbow,fasttext
valence_mean,0.0,-0.009761798278186589,-0.023364304075659703,0.0,Yee2017.csv,norms,True,,zh,100,2,cbow,fasttext
arousal_mean,0.0,-0.03559566164666346,-0.08519617377726008,0.0,Yee2017.csv,norms,True,,zh,100,2,cbow,fasttext
familiar_mean,0.09618766233288517,0.009252066385065136,0.022144290036385406,0.14880957642700757,Yee2017.csv,norms,True,,zh,100,2,cbow,fasttext
concrete_mean,0.10227865198979556,0.010460922652849713,0.025037618152722263,0.15823279733583132,Yee2017.csv,norms,True,,zh,100,2,cbow,fasttext
imagine_mean,0.12032494023999686,0.014478091243758815,0.03465248068178339,0.18615176787176477,Yee2017.csv,norms,True,,zh,100,2,cbow,fasttext
valence_mean_chinese,0.3733085260329247,0.13935925560887483,0.1698602662447365,0.41214107565824654,Yi2025.csv,norms,True,,zh,100,2,cbow,fasttext
arousal_mean_chinese,0.2580523431571516,0.06659101180889633,0.08116552392552528,0.2848956369015245,Yi2025.csv,norms,True,,zh,100,2,cbow,fasttext
sensory_mean_chinese,0.29106733684169994,0.08472019457611962,0.10604564401175615,0.32564650161141934,Yi2025.csv,norms,True,,zh,100,2,cbow,fasttext
concrete_mean,0.06271173049298161,0.003932761141424359,0.016139364028468273,0.12704079670904253,Zhao2025.csv,norms,True,,zh,100,2,cbow,fasttext
imagine_mean,0.06747954875138515,0.004553489499690565,0.01868672466812904,0.13669939527345773,Zhao2025.csv,norms,True,,zh,100,2,cbow,fasttext
aoa_mean,0.1713812753651857,0.0293715415457976,0.12053567049668851,0.3471824743512963,Zhao2025.csv,norms,True,,zh,100,2,cbow,fasttext
familiar_mean,0.14319790855808062,0.020505641015408423,0.08415156504137555,0.29008889162009555,Zhao2025.csv,norms,True,,zh,100,2,cbow,fasttext
valence_mean,0.09592641414463336,0.009201876930647716,0.03776289385200238,0.19432677080629518,Zhao2025.csv,norms,True,,zh,100,2,cbow,fasttext
arousal_mean,0.07688689198431067,0.005911594159007056,0.02426014870718196,0.15575669715033752,Zhao2025.csv,norms,True,,zh,100,2,cbow,fasttext
,0.03502042124222075,0.0012264299039825867,0.011409593755142722,0.10681569994688385,zh.subs.2018.tsv,counts,True,unigram_freq,zh,100,2,cbow,fasttext
,0.014101228460956145,0.0001988446441080796,0.010049308924964306,0.10024624145056166,zh.wiki.2018.tsv,counts,True,unigram_freq,zh,100,2,cbow,fasttext
aoa_cai_mean,0.30719235349080387,0.094367142043219,0.1713083037005651,0.4138940730435326,Cai2021.csv,norms,False,,zh,100,2,cbow,word2vec
valence_mean,0.19153556951592388,0.036685874389789305,0.09043053729019729,0.3007167060377546,Chan2024.csv,norms,False,,zh,100,2,cbow,word2vec
arousal_mean,0.17732228399651626,0.03144319240174116,0.07750734663693626,0.27840141277826924,Chan2024.csv,norms,False,,zh,100,2,cbow,word2vec
concrete_mean,0.2073191402039626,0.042981225894910303,0.10594855419746757,0.3254973950701719,Chan2024.csv,norms,False,,zh,100,2,cbow,word2vec
familiar_mean,0.1180772199476661,0.013942229870569514,0.034367542254082284,0.18538484904134503,Chan2024.csv,norms,False,,zh,100,2,cbow,word2vec
imagine_mean,0.22764696391024344,0.05182314017755168,0.12774383841933346,0.3574127004169458,Chan2024.csv,norms,False,,zh,100,2,cbow,word2vec
familiar_mean,0.2602958011773549,0.06775390411056108,0.18269848512807113,0.42743243340681475,Chang2016.csv,norms,False,,zh,100,2,cbow,word2vec
gustatory_mean,0.0,-0.17297228397786624,-0.3400811007022455,0.0,Chen2019.csv,norms,False,,zh,100,2,cbow,word2vec
visual_strength_mean,0.0,-0.16147925701097202,-0.31748464090292805,0.0,Chen2019.csv,norms,False,,zh,100,2,cbow,word2vec
auditory_mean,0.0,-0.35458666372938824,-0.5961167100378121,0.0,Chen2019.csv,norms,False,,zh,100,2,cbow,word2vec
olfactory_strength_mean,0.0,-0.1385974612329919,-0.2330044275801023,0.0,Chen2019.csv,norms,False,,zh,100,2,cbow,word2vec
haptic_strength_mean,0.0,-0.2550647641022824,-0.4288045309545617,0.0,Chen2019.csv,norms,False,,zh,100,2,cbow,word2vec
arousal_mean,0.11990401196442402,0.014376972085164738,0.026955125661090262,0.16418016220326456,Cheng2025.csv,norms,False,,zh,100,2,cbow,word2vec
valence_mean,0.13735844724715943,0.01886734303015068,0.035374041158039826,0.18807987972677945,Cheng2025.csv,norms,False,,zh,100,2,cbow,word2vec
familiar_mean,0.0,-0.15468293630264351,-0.4124878301403827,0.0,Li2021.csv,norms,False,,zh,100,2,cbow,word2vec
aoa_mean,0.4524939302052819,0.20475075687262254,0.2905980621637944,0.5390714814973933,Liu2007.csv,norms,False,,zh,100,2,cbow,word2vec
concrete_mean,0.058922359595070646,0.003471844460250814,0.004927509366476457,0.07019622045720451,Liu2007.csv,norms,False,,zh,100,2,cbow,word2vec
familiar_mean,0.16722177181587103,0.02796312096923924,0.039687417472004605,0.19921701100057848,Liu2007.csv,norms,False,,zh,100,2,cbow,word2vec
imagine_mean,0.06283170500508492,0.003947823153846014,0.005603055030398318,0.07485355723276162,Liu2007.csv,norms,False,,zh,100,2,cbow,word2vec
valence_mean_all,0.059767777126369166,0.0035721871826273374,0.03188679640942671,0.17856874421193286,Liu2021.csv,norms,False,,zh,100,2,cbow,word2vec
arousal_mean_all,0.0,-0.00631982034002791,-0.05641328805687251,0.0,Liu2021.csv,norms,False,,zh,100,2,cbow,word2vec
dominance_mean_all,0.0,-0.006424952666108326,-0.05735174198058601,0.0,Liu2021.csv,norms,False,,zh,100,2,cbow,word2vec
familiar_mean_all,0.0,-0.013432719015099086,-0.11990591605685852,0.0,Liu2021.csv,norms,False,,zh,100,2,cbow,word2vec
valence_mean_old,0.058465900780412444,0.0034182615540650323,0.030512793612476607,0.17467911613148437,Liu2021.csv,norms,False,,zh,100,2,cbow,word2vec
arousal_mean_old,0.0,-0.008388657204588467,-0.07488056777429186,0.0,Liu2021.csv,norms,False,,zh,100,2,cbow,word2vec
dominance_mean_old,0.0,-0.0037065514281578492,-0.03308618634139171,0.0,Liu2021.csv,norms,False,,zh,100,2,cbow,word2vec
familiar_mean_old,0.0,-0.014710055691822663,-0.13130794301531745,0.0,Liu2021.csv,norms,False,,zh,100,2,cbow,word2vec
valence_mean_young,0.056639775360219996,0.0032080641528561844,0.028636486074413214,0.16922318421071392,Liu2021.csv,norms,False,,zh,100,2,cbow,word2vec
arousal_mean_young,0.0,-0.003824981250758528,-0.034143339130147554,0.0,Liu2021.csv,norms,False,,zh,100,2,cbow,word2vec
dominance_mean_young,0.0,-0.0038944337513258953,-0.03476330041226838,0.0,Liu2021.csv,norms,False,,zh,100,2,cbow,word2vec
familiar_mean_young,0.0,-0.014331202146053275,-0.12792614210026776,0.0,Liu2021.csv,norms,False,,zh,100,2,cbow,word2vec
concrete_mean,0.2604588981664309,0.06783883763407124,0.09532389363101346,0.30874567791470936,Liu2025.csv,norms,False,,zh,100,2,cbow,word2vec
arousal_mean,0.19324157459750074,0.037342306152921445,0.052471624570849806,0.22906685611595975,Liu2025.csv,norms,False,,zh,100,2,cbow,word2vec
familiar_mean,0.0,-0.008670054597716186,-0.012182746507329534,0.0,Liu2025.csv,norms,False,,zh,100,2,cbow,word2vec
valence_mean,0.243493397797572,0.059289034771006645,0.08331011911616859,0.2886349235906296,Liu2025.csv,norms,False,,zh,100,2,cbow,word2vec
aoa_mean,0.22581051476050742,0.05099038857640534,0.06378857142345945,0.2525639947091815,Song2021.csv,norms,False,,zh,100,2,cbow,word2vec
concrete_mean,0.3578119751303861,0.12802940954670802,0.16016377523650677,0.4002046666850685,Song2021.csv,norms,False,,zh,100,2,cbow,word2vec
emotional_experience_mean,0.23805487916390128,0.056670125493739634,0.07089387722976753,0.26625904159252045,Song2021.csv,norms,False,,zh,100,2,cbow,word2vec
familiar_mean,0.13907334538392027,0.01934139539627518,0.024195932137602183,0.15555041670661696,Song2021.csv,norms,False,,zh,100,2,cbow,word2vec
imagine_mean,0.0,-0.049903706208254114,-0.06242914040536551,0.0,Song2021.csv,norms,False,,zh,100,2,cbow,word2vec
sensory_experience_mean,0.2594697943600041,0.06732457418522282,0.0842225079836964,0.29021114379654067,Song2021.csv,norms,False,,zh,100,2,cbow,word2vec
aoa_mean,0.4025680581522364,0.1620610414444624,0.31547113761608875,0.5616681739391051,Su2023.csv,norms,False,,zh,100,2,cbow,word2vec
familiar_mean,0.2629431495953955,0.06913909991914653,0.13458750055435287,0.3668616913147963,Su2023.csv,norms,False,,zh,100,2,cbow,word2vec
imagine_mean,0.15023973055378892,0.0225719766368751,0.04393904348886363,0.2096164198932508,Su2023.csv,norms,False,,zh,100,2,cbow,word2vec
concrete_mean,0.13910360513799466,0.019349812962387136,0.037666717759522295,0.1940791533357519,Su2023.csv,norms,False,,zh,100,2,cbow,word2vec
aoa_mean,0.1963328815590836,0.03854660038129315,0.052134032637421,0.22832878188572941,Wang2019.csv,norms,False,,zh,100,2,cbow,word2vec
aoa_mean_chinese_l1,0.38418597477981076,0.1475988632175134,0.15222488047800353,0.3901600703275561,Wang2020_zh.csv,norms,False,,zh,100,2,cbow,word2vec
familiar_mean_chinese_l1,0.0,-0.015602991066479761,-0.01609201723114906,0.0,Wang2020_zh.csv,norms,False,,zh,100,2,cbow,word2vec
concrete_mean_chinese_l1,0.483238193520178,0.233519151676645,0.24083806730216178,0.4907525520077932,Wang2020_zh.csv,norms,False,,zh,100,2,cbow,word2vec
familiar_mean,0.0,-0.2728842125817901,-0.29309785795821897,0.0,Weekes2007.csv,norms,False,,zh,100,2,cbow,word2vec
imagine_mean,0.0,-0.23780579093837817,-0.2554210347115914,0.0,Weekes2007.csv,norms,False,,zh,100,2,cbow,word2vec
aoa_mean_subjective,0.0,-0.23067966156171868,-0.24776704389962378,0.0,Weekes2007.csv,norms,False,,zh,100,2,cbow,word2vec
aoa_mean,0.2434380937927176,0.05926210550943197,0.12297775731227878,0.3506818462827507,Xu2021.csv,norms,False,,zh,100,2,cbow,word2vec
valence_mean,0.0,-0.13677451094429682,-0.19590099223792512,0.0,Yao2017.csv,norms,False,,zh,100,2,cbow,word2vec
arousal_mean,0.0,-0.14210433590917365,-0.20353485611991018,0.0,Yao2017.csv,norms,False,,zh,100,2,cbow,word2vec
concrete_mean,0.0,-0.19171965759129359,-0.2745984679041965,0.0,Yao2017.csv,norms,False,,zh,100,2,cbow,word2vec
familiar_mean,0.0,-0.08963398108047761,-0.12838200415172574,0.0,Yao2017.csv,norms,False,,zh,100,2,cbow,word2vec
imagine_mean,0.0,-0.24363236040122577,-0.3489525995330056,0.0,Yao2017.csv,norms,False,,zh,100,2,cbow,word2vec
valence_mean,0.0,-0.0596951793184907,-0.1428769865655679,0.0,Yee2017.csv,norms,False,,zh,100,2,cbow,word2vec
arousal_mean,0.0,-0.0694687436564983,-0.1662694520303074,0.0,Yee2017.csv,norms,False,,zh,100,2,cbow,word2vec
familiar_mean,0.0,-0.0849236500614214,-0.20325988375356596,0.0,Yee2017.csv,norms,False,,zh,100,2,cbow,word2vec
concrete_mean,0.0,-0.008865370672881068,-0.021218756036731734,0.0,Yee2017.csv,norms,False,,zh,100,2,cbow,word2vec
imagine_mean,0.013187848405929178,0.00017391934557776877,0.0004162659746615449,0.02040259725283879,Yee2017.csv,norms,False,,zh,100,2,cbow,word2vec
valence_mean_chinese,0.33259592578815805,0.11062004985088195,0.13483102387122847,0.3671934420318921,Yi2025.csv,norms,False,,zh,100,2,cbow,word2vec
arousal_mean_chinese,0.23600069946452665,0.05569633014774583,0.06788636625831956,0.26055012235329994,Yi2025.csv,norms,False,,zh,100,2,cbow,word2vec
sensory_mean_chinese,0.2870815377910896,0.08241580934049679,0.10316120757265845,0.32118718463328894,Yi2025.csv,norms,False,,zh,100,2,cbow,word2vec
concrete_mean,0.0,-0.18468556739011072,-0.7579172738249899,0.0,Zhao2025.csv,norms,False,,zh,100,2,cbow,word2vec
imagine_mean,0.0,-0.184086125855659,-0.7554572705879776,0.0,Zhao2025.csv,norms,False,,zh,100,2,cbow,word2vec
aoa_mean,0.0,-0.12141315514728693,-0.49825835800881135,0.0,Zhao2025.csv,norms,False,,zh,100,2,cbow,word2vec
familiar_mean,0.0,-0.1587710064766802,-0.6515684473441903,0.0,Zhao2025.csv,norms,False,,zh,100,2,cbow,word2vec
valence_mean,0.0,-0.1562419425319138,-0.6411896111555588,0.0,Zhao2025.csv,norms,False,,zh,100,2,cbow,word2vec
arousal_mean,0.0,-0.17043293707332116,-0.6994269712681104,0.0,Zhao2025.csv,norms,False,,zh,100,2,cbow,word2vec
,0.05082346752591331,0.0025830248513575645,0.024030125258464152,0.15501653221016187,zh.subs.2018.tsv,counts,False,unigram_freq,zh,100,2,cbow,word2vec
,0.0,-0.0002820365489968459,-0.014253702541063173,0.0,zh.wiki.2018.tsv,counts,False,unigram_freq,zh,100,2,cbow,word2vec
aoa_cai_mean,0.3381854950047625,0.11436942903161625,0.20761922485302403,0.45565252644205106,Cai2021.csv,norms,True,,zh,100,2,cbow,word2vec
valence_mean,0.21478281676195393,0.04613165837619908,0.11371435797666624,0.33721559569015525,Chan2024.csv,norms,True,,zh,100,2,cbow,word2vec
arousal_mean,0.2039062298127761,0.04157775055646065,0.10248899296196196,0.3201390213047481,Chan2024.csv,norms,True,,zh,100,2,cbow,word2vec
concrete_mean,0.23625088438067077,0.05581448037064907,0.1375824764284691,0.3709211188763308,Chan2024.csv,norms,True,,zh,100,2,cbow,word2vec
familiar_mean,0.10713626303088039,0.01147817885622199,0.028293666113898996,0.16820721183676696,Chan2024.csv,norms,True,,zh,100,2,cbow,word2vec
imagine_mean,0.26058873705112656,0.06790648987790118,0.16738923270312206,0.40913229242278354,Chan2024.csv,norms,True,,zh,100,2,cbow,word2vec
familiar_mean,0.31549905387883204,0.09953965299843816,0.26840879579888044,0.5180818427612383,Chang2016.csv,norms,True,,zh,100,2,cbow,word2vec
gustatory_mean,0.0,-0.030126324727119534,-0.059231418107557054,0.0,Chen2019.csv,norms,True,,zh,100,2,cbow,word2vec
visual_strength_mean,0.08355996199227755,0.006982267248150868,0.01372784747094069,0.11716589721817817,Chen2019.csv,norms,True,,zh,100,2,cbow,word2vec
auditory_mean,0.0,-0.03584652839844868,-0.06026372890173981,0.0,Chen2019.csv,norms,True,,zh,100,2,cbow,word2vec
olfactory_strength_mean,0.28246662892683927,0.07978739645729271,0.13413533317457904,0.36624490873536936,Chen2019.csv,norms,True,,zh,100,2,cbow,word2vec
haptic_strength_mean,0.0,-0.023035742605644633,-0.038726755684851843,0.0,Chen2019.csv,norms,True,,zh,100,2,cbow,word2vec
arousal_mean,0.1850507562671122,0.03424378239503017,0.06420304999559245,0.2533832078011336,Cheng2025.csv,norms,True,,zh,100,2,cbow,word2vec
valence_mean,0.20832384015818575,0.04339882237825333,0.08136766934090839,0.28525018727585155,Cheng2025.csv,norms,True,,zh,100,2,cbow,word2vec
familiar_mean,0.0,-0.09008385440818452,-0.24022361175515872,0.0,Li2021.csv,norms,True,,zh,100,2,cbow,word2vec
aoa_mean,0.44080979591972297,0.1943132761787878,0.2757843847453157,0.5251517730573855,Liu2007.csv,norms,True,,zh,100,2,cbow,word2vec
concrete_mean,0.27521538647693017,0.07574350895364604,0.10750102837035547,0.3278734944614393,Liu2007.csv,norms,True,,zh,100,2,cbow,word2vec
familiar_mean,0.2610970379645721,0.0681716632338732,0.09675448107168994,0.31105382343203875,Liu2007.csv,norms,True,,zh,100,2,cbow,word2vec
imagine_mean,0.28730284462938044,0.08254292453213392,0.11715128325163104,0.34227369640629857,Liu2007.csv,norms,True,,zh,100,2,cbow,word2vec
valence_mean_all,0.04851224386567925,0.002353437804883134,0.02100774352237672,0.14494048268988455,Liu2021.csv,norms,True,,zh,100,2,cbow,word2vec
arousal_mean_all,0.0,-0.008200253530636716,-0.07319879991416844,0.0,Liu2021.csv,norms,True,,zh,100,2,cbow,word2vec
dominance_mean_all,0.0,-0.007121797866446791,-0.0635720658035207,0.0,Liu2021.csv,norms,True,,zh,100,2,cbow,word2vec
familiar_mean_all,0.0,-0.0060091172439202326,-0.05363982578772086,0.0,Liu2021.csv,norms,True,,zh,100,2,cbow,word2vec
valence_mean_old,0.053759121282388765,0.002890043121054585,0.02579770093339634,0.16061662720091074,Liu2021.csv,norms,True,,zh,100,2,cbow,word2vec
arousal_mean_old,0.0,-0.009701329403207257,-0.08659801398014444,0.0,Liu2021.csv,norms,True,,zh,100,2,cbow,word2vec
dominance_mean_old,0.0,-0.007702045060906986,-0.06875158837917839,0.0,Liu2021.csv,norms,True,,zh,100,2,cbow,word2vec
familiar_mean_old,0.0,-0.008876566644463964,-0.07923584597785582,0.0,Liu2021.csv,norms,True,,zh,100,2,cbow,word2vec
valence_mean_young,0.04208273365903354,0.0017709564722171542,0.01580827811996438,0.1257309751809966,Liu2021.csv,norms,True,,zh,100,2,cbow,word2vec
arousal_mean_young,0.0,-0.0021134839807174593,-0.01886581804432641,0.0,Liu2021.csv,norms,True,,zh,100,2,cbow,word2vec
dominance_mean_young,0.0,-0.0048360355854507745,-0.04316842154631817,0.0,Liu2021.csv,norms,True,,zh,100,2,cbow,word2vec
familiar_mean_young,0.0,-0.006882261505915453,-0.06143386677574747,0.0,Liu2021.csv,norms,True,,zh,100,2,cbow,word2vec
concrete_mean,0.38164871615055695,0.1456557425393684,0.2046684906876371,0.45240301799130067,Liu2025.csv,norms,True,,zh,100,2,cbow,word2vec
arousal_mean,0.3654762380158517,0.13357288055421948,0.18769023028695947,0.43323230522083583,Liu2025.csv,norms,True,,zh,100,2,cbow,word2vec
familiar_mean,0.13655699868732485,0.018647813890490042,0.02620301717633261,0.1618734603828948,Liu2025.csv,norms,True,,zh,100,2,cbow,word2vec
valence_mean,0.41595171995634433,0.1730158333346411,0.2431135831400109,0.4930654957913917,Liu2025.csv,norms,True,,zh,100,2,cbow,word2vec
aoa_mean,0.2558598740822608,0.06546427516539034,0.0818952886741639,0.28617352895431103,Song2021.csv,norms,True,,zh,100,2,cbow,word2vec
concrete_mean,0.40392694483473324,0.16315697676352164,0.2041080830345246,0.45178322571176166,Song2021.csv,norms,True,,zh,100,2,cbow,word2vec
emotional_experience_mean,0.3033067809383881,0.09199500336320733,0.11508501908829805,0.33924182980331014,Song2021.csv,norms,True,,zh,100,2,cbow,word2vec
familiar_mean,0.19589452077962505,0.038374663271478954,0.04800639919180055,0.2191036266057697,Song2021.csv,norms,True,,zh,100,2,cbow,word2vec
imagine_mean,0.0,-0.0297745353358013,-0.03724770739925143,0.0,Song2021.csv,norms,True,,zh,100,2,cbow,word2vec
sensory_experience_mean,0.3003299261397408,0.09019806453510218,0.11283706287575779,0.33591228449664917,Song2021.csv,norms,True,,zh,100,2,cbow,word2vec
aoa_mean,0.41159906209417063,0.16941378791680092,0.3297841351974737,0.5742683477238439,Su2023.csv,norms,True,,zh,100,2,cbow,word2vec
familiar_mean,0.333094211313518,0.1109517536105746,0.21598081574727512,0.46473736211679295,Su2023.csv,norms,True,,zh,100,2,cbow,word2vec
imagine_mean,0.2675679782123384,0.07159262296463839,0.1393635756642605,0.37331431216102673,Su2023.csv,norms,True,,zh,100,2,cbow,word2vec
concrete_mean,0.2775370433605134,0.07702681043729549,0.14994186942776028,0.3872232811024671,Su2023.csv,norms,True,,zh,100,2,cbow,word2vec
aoa_mean,0.28055362699558317,0.07871033762037681,0.10645523262265671,0.32627478085603967,Wang2019.csv,norms,True,,zh,100,2,cbow,word2vec
aoa_mean_chinese_l1,0.46394903222964534,0.21524870450682448,0.22199499103397274,0.4711634440764402,Wang2020_zh.csv,norms,True,,zh,100,2,cbow,word2vec
familiar_mean_chinese_l1,0.2940755044657596,0.08648040232679098,0.08919085568081381,0.29864838134638166,Wang2020_zh.csv,norms,True,,zh,100,2,cbow,word2vec
concrete_mean_chinese_l1,0.6235632977507498,0.38883118630179025,0.4010178640311314,0.6332597129386421,Wang2020_zh.csv,norms,True,,zh,100,2,cbow,word2vec
familiar_mean,0.3268358551543209,0.10682167621445623,0.11473439297108262,0.33872465657386475,Weekes2007.csv,norms,True,,zh,100,2,cbow,word2vec
imagine_mean,0.0,-0.07708748862426079,-0.08279767296679863,0.0,Weekes2007.csv,norms,True,,zh,100,2,cbow,word2vec
aoa_mean_subjective,0.38581737545108385,0.1488550471999626,0.1598813469925524,0.3998516562333491,Weekes2007.csv,norms,True,,zh,100,2,cbow,word2vec
aoa_mean,0.2291571292669603,0.05251298989387435,0.10897233014920815,0.33010957294390625,Xu2021.csv,norms,True,,zh,100,2,cbow,word2vec
valence_mean,0.0,-0.05353448058663363,-0.0766769904235638,0.0,Yao2017.csv,norms,True,,zh,100,2,cbow,word2vec
arousal_mean,0.0,-0.04983634717393428,-0.07138018475433294,0.0,Yao2017.csv,norms,True,,zh,100,2,cbow,word2vec
concrete_mean,0.0,-0.04615435994030988,-0.06610650512283966,0.0,Yao2017.csv,norms,True,,zh,100,2,cbow,word2vec
familiar_mean,0.0,-0.003297137983468433,-0.004722463257571974,0.0,Yao2017.csv,norms,True,,zh,100,2,cbow,word2vec
imagine_mean,0.0,-0.06034739821962611,-0.08643507557498531,0.0,Yao2017.csv,norms,True,,zh,100,2,cbow,word2vec
valence_mean,0.04716140838383813,0.0022241984407471572,0.005323491349984999,0.07296225976479209,Yee2017.csv,norms,True,,zh,100,2,cbow,word2vec
arousal_mean,0.0,-0.041919670650555726,-0.1003323264751006,0.0,Yee2017.csv,norms,True,,zh,100,2,cbow,word2vec
familiar_mean,0.0,-0.035677971016904765,-0.08539317653226386,0.0,Yee2017.csv,norms,True,,zh,100,2,cbow,word2vec
concrete_mean,0.03420568207314205,0.0011700286860888713,0.0028003965273602494,0.05291877292001629,Yee2017.csv,norms,True,,zh,100,2,cbow,word2vec
imagine_mean,0.0,-0.011576289737261313,-0.02770718527278937,0.0,Yee2017.csv,norms,True,,zh,100,2,cbow,word2vec
valence_mean_chinese,0.3659516936932085,0.1339206421169279,0.1632313248679465,0.40401896597554243,Yi2025.csv,norms,True,,zh,100,2,cbow,word2vec
arousal_mean_chinese,0.27426095672758494,0.07521907238513022,0.09168197409061551,0.3027903137331436,Yi2025.csv,norms,True,,zh,100,2,cbow,word2vec
sensory_mean_chinese,0.2936920213690939,0.0862550034158643,0.10796678917271801,0.3285830019534151,Yi2025.csv,norms,True,,zh,100,2,cbow,word2vec
concrete_mean,0.0,-0.018295206456901192,-0.07508032813733767,0.0,Zhao2025.csv,norms,True,,zh,100,2,cbow,word2vec
imagine_mean,0.0,-0.02083547649939789,-0.08550515219151811,0.0,Zhao2025.csv,norms,True,,zh,100,2,cbow,word2vec
aoa_mean,0.06352942150324659,0.004035987396537169,0.016562986528958545,0.1286972669832524,Zhao2025.csv,norms,True,,zh,100,2,cbow,word2vec
familiar_mean,0.1144966812607625,0.013109490019728642,0.053799054671126834,0.2319462322848268,Zhao2025.csv,norms,True,,zh,100,2,cbow,word2vec
valence_mean,0.0,-0.010758205432262882,-0.044149793877756416,0.0,Zhao2025.csv,norms,True,,zh,100,2,cbow,word2vec
arousal_mean,0.0,-0.010946915467997424,-0.04492422686593478,0.0,Zhao2025.csv,norms,True,,zh,100,2,cbow,word2vec
,0.031856978815814625,0.0010148670992712616,0.009441404910744577,0.09716689205045398,zh.subs.2018.tsv,counts,True,unigram_freq,zh,100,2,cbow,word2vec
,0.013818700448043137,0.0001909564820727476,0.0096506530924233,0.09823773761861222,zh.wiki.2018.tsv,counts,True,unigram_freq,zh,100,2,cbow,word2vec
aoa_cai_mean,0.3227499712569632,0.10416754394637055,0.18909935034309,0.4348555511236921,Cai2021.csv,norms,False,,zh,100,2,sg,fasttext
valence_mean,0.22988249722021123,0.05284596252820042,0.13026509152451587,0.36092255613152785,Chan2024.csv,norms,False,,zh,100,2,sg,fasttext
arousal_mean,0.19979742836516903,0.03991901238133485,0.0984002098296145,0.31368807728317394,Chan2024.csv,norms,False,,zh,100,2,sg,fasttext
concrete_mean,0.2485090250337633,0.06175673552323159,0.1522301122038629,0.3901667748589863,Chan2024.csv,norms,False,,zh,100,2,sg,fasttext
familiar_mean,0.13992705153691615,0.019579579751814784,0.04826358772480788,0.21968975334504764,Chan2024.csv,norms,False,,zh,100,2,sg,fasttext
imagine_mean,0.26002402864896135,0.06761249547483587,0.1666645376461901,0.40824568294862607,Chan2024.csv,norms,False,,zh,100,2,sg,fasttext
familiar_mean,0.2826554951773808,0.07989412895397034,0.21543461623552296,0.4641493469084309,Chang2016.csv,norms,False,,zh,100,2,sg,fasttext
gustatory_mean,0.0,-0.15017202139340186,-0.2952534657904172,0.0,Chen2019.csv,norms,False,,zh,100,2,sg,fasttext
visual_strength_mean,0.0,-0.008628661176727366,-0.016964825364413127,0.0,Chen2019.csv,norms,False,,zh,100,2,sg,fasttext
auditory_mean,0.1797249864860802,0.03230107076742171,0.05430324940610026,0.2330305761184576,Chen2019.csv,norms,False,,zh,100,2,sg,fasttext
olfactory_strength_mean,0.0,-0.010626976392066211,-0.017865641470720006,0.0,Chen2019.csv,norms,False,,zh,100,2,sg,fasttext
haptic_strength_mean,0.0,-0.12410416708944114,-0.20863888959964016,0.0,Chen2019.csv,norms,False,,zh,100,2,sg,fasttext
arousal_mean,0.15075914902712317,0.022728321015382337,0.042612919146403805,0.20642896876747654,Cheng2025.csv,norms,False,,zh,100,2,sg,fasttext
valence_mean,0.1820377965630692,0.03313775937753737,0.062129387388196844,0.2492576726766838,Cheng2025.csv,norms,False,,zh,100,2,sg,fasttext
familiar_mean,0.0,-0.4041079615486498,-1.0776212307963995,0.0,Li2021.csv,norms,False,,zh,100,2,sg,fasttext
aoa_mean,0.4059446590742479,0.16479106623090736,0.23388418797591431,0.48361574413568703,Liu2007.csv,norms,False,,zh,100,2,sg,fasttext
concrete_mean,0.18844851206917435,0.03551284170108575,0.05040256328178194,0.22450515201612176,Liu2007.csv,norms,False,,zh,100,2,sg,fasttext
familiar_mean,0.17815399317805228,0.0317388452852855,0.04504621656152569,0.212240939880895,Liu2007.csv,norms,False,,zh,100,2,sg,fasttext
imagine_mean,0.17801143535583122,0.031688071117443276,0.04497415394740745,0.21207110587585346,Liu2007.csv,norms,False,,zh,100,2,sg,fasttext
valence_mean_all,0.0,-0.012833512001362303,-0.11455715041908687,0.0,Liu2021.csv,norms,False,,zh,100,2,sg,fasttext
arousal_mean_all,0.0,-0.023050308374726592,-0.20575643233197505,0.0,Liu2021.csv,norms,False,,zh,100,2,sg,fasttext
dominance_mean_all,0.0,-0.019214866996951907,-0.17151972185157938,0.0,Liu2021.csv,norms,False,,zh,100,2,sg,fasttext
familiar_mean_all,0.0,-0.021271798402805023,-0.18988072859993055,0.0,Liu2021.csv,norms,False,,zh,100,2,sg,fasttext
valence_mean_old,0.0,-0.008371858062386911,-0.07473061179498619,0.0,Liu2021.csv,norms,False,,zh,100,2,sg,fasttext
arousal_mean_old,0.0,-0.019873071656437785,-0.17739512448300743,0.0,Liu2021.csv,norms,False,,zh,100,2,sg,fasttext
dominance_mean_old,0.0,-0.02179020414940871,-0.19450822924710287,0.0,Liu2021.csv,norms,False,,zh,100,2,sg,fasttext
familiar_mean_old,0.0,-0.01556674849484102,-0.1389551315859835,0.0,Liu2021.csv,norms,False,,zh,100,2,sg,fasttext
valence_mean_young,0.0,-0.01603133247639715,-0.1431021972568438,0.0,Liu2021.csv,norms,False,,zh,100,2,sg,fasttext
arousal_mean_young,0.0,-0.013055232319951272,-0.1165363162066646,0.0,Liu2021.csv,norms,False,,zh,100,2,sg,fasttext
dominance_mean_young,0.0,-0.015208023534427509,-0.13575300661467327,0.0,Liu2021.csv,norms,False,,zh,100,2,sg,fasttext
familiar_mean_young,0.0,-0.02243430716397924,-0.20025775485768482,0.0,Liu2021.csv,norms,False,,zh,100,2,sg,fasttext
concrete_mean,0.30513504527058755,0.0931073958522835,0.13083006442943818,0.3617043881810645,Liu2025.csv,norms,False,,zh,100,2,sg,fasttext
arousal_mean,0.22433871570605676,0.050327859364642964,0.07071830355687536,0.2659291325839938,Liu2025.csv,norms,False,,zh,100,2,sg,fasttext
familiar_mean,0.2249573958025902,0.05060582992628323,0.07110889450999985,0.2666625105071949,Liu2025.csv,norms,False,,zh,100,2,sg,fasttext
valence_mean,0.3519085843974343,0.12383965177260613,0.174013562209751,0.417149328430181,Liu2025.csv,norms,False,,zh,100,2,sg,fasttext
aoa_mean,0.2803639961658033,0.07860397034605858,0.09833294306188478,0.3135808397556917,Song2021.csv,norms,False,,zh,100,2,sg,fasttext
concrete_mean,0.40174997448488686,0.16140304199860725,0.20191392456373386,0.4493483332157068,Song2021.csv,norms,False,,zh,100,2,sg,fasttext
emotional_experience_mean,0.2999372289674414,0.08996234132066737,0.11254217500531899,0.3354730615195786,Song2021.csv,norms,False,,zh,100,2,sg,fasttext
familiar_mean,0.2053770606514099,0.042179737041812895,0.05276651627949014,0.22970963471193398,Song2021.csv,norms,False,,zh,100,2,sg,fasttext
imagine_mean,0.0,-0.04052035048281378,-0.05069063686391684,0.0,Song2021.csv,norms,False,,zh,100,2,sg,fasttext
sensory_experience_mean,0.2918209408654843,0.08515946152761648,0.10653381050230593,0.32639517536615936,Song2021.csv,norms,False,,zh,100,2,sg,fasttext
aoa_mean,0.3875943902841008,0.15022941137970386,0.29243945916262637,0.5407767183992173,Su2023.csv,norms,False,,zh,100,2,sg,fasttext
familiar_mean,0.2870501333830748,0.08239777907524101,0.16039710019272896,0.40049606763703555,Su2023.csv,norms,False,,zh,100,2,sg,fasttext
imagine_mean,0.1856052975744735,0.034449326487708855,0.06705972095650087,0.2589589175072001,Su2023.csv,norms,False,,zh,100,2,sg,fasttext
concrete_mean,0.17434852870674075,0.03039740946220521,0.05917218140863434,0.2432533276414412,Su2023.csv,norms,False,,zh,100,2,sg,fasttext
aoa_mean,0.19367636742697947,0.03751053529971036,0.05073276118304021,0.2252393419965531,Wang2019.csv,norms,False,,zh,100,2,sg,fasttext
aoa_mean_chinese_l1,0.3911743514704823,0.1530173732483524,0.15781321648434388,0.397257116341978,Wang2020_zh.csv,norms,False,,zh,100,2,sg,fasttext
familiar_mean_chinese_l1,0.20226816091710603,0.040912408920788304,0.04219467834827628,0.20541343273573,Wang2020_zh.csv,norms,False,,zh,100,2,sg,fasttext
concrete_mean_chinese_l1,0.5716935123101535,0.3268334720175196,0.33707702843726556,0.580583351843011,Wang2020_zh.csv,norms,False,,zh,100,2,sg,fasttext
familiar_mean,0.0,-0.33811784270294093,-0.3631636088290847,0.0,Weekes2007.csv,norms,False,,zh,100,2,sg,fasttext
imagine_mean,0.0,-0.5269263702727696,-0.5659579532559377,0.0,Weekes2007.csv,norms,False,,zh,100,2,sg,fasttext
aoa_mean_subjective,0.13926484900880887,0.019394698169446334,0.020831342478294212,0.1443306706084823,Weekes2007.csv,norms,False,,zh,100,2,sg,fasttext
aoa_mean,0.2585690819966592,0.06685797016459505,0.13874031573151835,0.3724786111060853,Xu2021.csv,norms,False,,zh,100,2,sg,fasttext
valence_mean,0.0,-0.12487605125303584,-0.17885892757596278,0.0,Yao2017.csv,norms,False,,zh,100,2,sg,fasttext
arousal_mean,0.0,-0.14688651454551932,-0.21038433072925944,0.0,Yao2017.csv,norms,False,,zh,100,2,sg,fasttext
concrete_mean,0.0,-0.1185897900508005,-0.16985516804151113,0.0,Yao2017.csv,norms,False,,zh,100,2,sg,fasttext
familiar_mean,0.0,-0.12018696648598658,-0.1721427905398245,0.0,Yao2017.csv,norms,False,,zh,100,2,sg,fasttext
imagine_mean,0.0,-0.11775420979540457,-0.16865837340487633,0.0,Yao2017.csv,norms,False,,zh,100,2,sg,fasttext
valence_mean,0.0,-0.2314395379167088,-0.5539372546858932,0.0,Yee2017.csv,norms,False,,zh,100,2,sg,fasttext
arousal_mean,0.0,-0.06285416456609927,-0.15043783650246711,0.0,Yee2017.csv,norms,False,,zh,100,2,sg,fasttext
familiar_mean,0.0,-0.19584352883580472,-0.4687402493447129,0.0,Yee2017.csv,norms,False,,zh,100,2,sg,fasttext
concrete_mean,0.0,-0.13222435317872083,-0.31647140269005314,0.0,Yee2017.csv,norms,False,,zh,100,2,sg,fasttext
imagine_mean,0.0,-0.10594478222061801,-0.25357275744606933,0.0,Yee2017.csv,norms,False,,zh,100,2,sg,fasttext
valence_mean_chinese,0.37599639706075155,0.14137329060266635,0.17231510513417342,0.41510854620710164,Yi2025.csv,norms,False,,zh,100,2,sg,fasttext
arousal_mean_chinese,0.27881268375829527,0.07773651262450318,0.09475039654628103,0.30781552356286557,Yi2025.csv,norms,False,,zh,100,2,sg,fasttext
sensory_mean_chinese,0.271683925859515,0.07381215557043845,0.09239187436391266,0.3039603170874656,Yi2025.csv,norms,False,,zh,100,2,sg,fasttext
concrete_mean,0.0,-0.02918409720417276,-0.1197664316958128,0.0,Zhao2025.csv,norms,False,,zh,100,2,sg,fasttext
imagine_mean,0.0,-0.030199250909725202,-0.12393244499018374,0.0,Zhao2025.csv,norms,False,,zh,100,2,sg,fasttext
aoa_mean,0.0,-0.005541413921208292,-0.02274099374222638,0.0,Zhao2025.csv,norms,False,,zh,100,2,sg,fasttext
familiar_mean,0.0,-0.01691790910777437,-0.06942814065540193,0.0,Zhao2025.csv,norms,False,,zh,100,2,sg,fasttext
valence_mean,0.0,-0.06299647068581539,-0.2585264999182916,0.0,Zhao2025.csv,norms,False,,zh,100,2,sg,fasttext
arousal_mean,0.0,-0.006043560391377864,-0.02480171504876927,0.0,Zhao2025.csv,norms,False,,zh,100,2,sg,fasttext
,0.03236602490333825,0.0010475595680435117,0.009745546049453602,0.09871953225909046,zh.subs.2018.tsv,counts,False,unigram_freq,zh,100,2,sg,fasttext
,0.012441536150038544,0.0001547918217727159,0.007822945611783927,0.08844741721375433,zh.wiki.2018.tsv,counts,False,unigram_freq,zh,100,2,sg,fasttext
aoa_cai_mean,0.323561695768228,0.10469217096841134,0.19005172596107922,0.43594922406293973,Cai2021.csv,norms,True,,zh,100,2,sg,fasttext
valence_mean,0.23188750298757985,0.05377181404181485,0.1325473118946101,0.36407047654899194,Chan2024.csv,norms,True,,zh,100,2,sg,fasttext
arousal_mean,0.21072687674105,0.04440581658103768,0.10946016468264563,0.3308476457263156,Chan2024.csv,norms,True,,zh,100,2,sg,fasttext
concrete_mean,0.2531152559172146,0.06406733277803706,0.15792572542526861,0.3973986983185383,Chan2024.csv,norms,True,,zh,100,2,sg,fasttext
familiar_mean,0.12034158510755948,0.01448209710619998,0.03569831288434494,0.18893997164270174,Chan2024.csv,norms,True,,zh,100,2,sg,fasttext
imagine_mean,0.2626032263451476,0.06896045448688082,0.16998725135363046,0.41229510226733285,Chan2024.csv,norms,True,,zh,100,2,sg,fasttext
familiar_mean,0.30038983338048936,0.09023405199835817,0.2433162313446371,0.4932709512475239,Chang2016.csv,norms,True,,zh,100,2,sg,fasttext
gustatory_mean,0.0,-0.028470100103051295,-0.05597511206701611,0.0,Chen2019.csv,norms,True,,zh,100,2,sg,fasttext
visual_strength_mean,0.1757193365389467,0.030877285233687612,0.06070788283233497,0.24638969709047287,Chen2019.csv,norms,True,,zh,100,2,sg,fasttext
auditory_mean,0.18777694682996246,0.03526018176078255,0.059277986728272114,0.24347071020611927,Chen2019.csv,norms,True,,zh,100,2,sg,fasttext
olfactory_strength_mean,0.285253468710815,0.0813695414115519,0.13679517106869593,0.3698583121530405,Chen2019.csv,norms,True,,zh,100,2,sg,fasttext
haptic_strength_mean,0.09936106147991546,0.009872620538415538,0.016597449021104382,0.12883108716883662,Chen2019.csv,norms,True,,zh,100,2,sg,fasttext
arousal_mean,0.15066642840137562,0.02270037264722685,0.04256051925502258,0.2063020098181852,Cheng2025.csv,norms,True,,zh,100,2,sg,fasttext
valence_mean,0.20034099177128967,0.04013651298390396,0.075251224296073,0.27431956601028845,Cheng2025.csv,norms,True,,zh,100,2,sg,fasttext
familiar_mean,0.0,-0.06811697361796398,-0.1816452629812373,0.0,Li2021.csv,norms,True,,zh,100,2,sg,fasttext
aoa_mean,0.3865790653489876,0.14944337376609684,0.2121015593933278,0.4605448505773654,Liu2007.csv,norms,True,,zh,100,2,sg,fasttext
concrete_mean,0.2711275214018029,0.0735101328614851,0.10433124880822825,0.3230034811085296,Liu2007.csv,norms,True,,zh,100,2,sg,fasttext
familiar_mean,0.19282295664831153,0.03718069261059663,0.05276970589793112,0.22971657732504008,Liu2007.csv,norms,True,,zh,100,2,sg,fasttext
imagine_mean,0.24899317784304453,0.061997602612378,0.08799177816551962,0.29663408126093604,Liu2007.csv,norms,True,,zh,100,2,sg,fasttext
valence_mean_all,0.06796007192498006,0.004618571376048463,0.04122724752126378,0.20304493965933693,Liu2021.csv,norms,True,,zh,100,2,sg,fasttext
arousal_mean_all,0.0,-0.00590096624814471,-0.05267442598993244,0.0,Liu2021.csv,norms,True,,zh,100,2,sg,fasttext
dominance_mean_all,0.0,-0.003067958650312708,-0.027385847346081404,0.0,Liu2021.csv,norms,True,,zh,100,2,sg,fasttext
familiar_mean_all,0.0,-0.005202999968609793,-0.04644409495789348,0.0,Liu2021.csv,norms,True,,zh,100,2,sg,fasttext
valence_mean_old,0.06543732114736452,0.00428204299894332,0.03822325828493994,0.19550769367198811,Liu2021.csv,norms,True,,zh,100,2,sg,fasttext
arousal_mean_old,0.0,-0.008147299386251817,-0.07272610967294912,0.0,Liu2021.csv,norms,True,,zh,100,2,sg,fasttext
dominance_mean_old,0.0,-0.005176036032681118,-0.04620340389345656,0.0,Liu2021.csv,norms,True,,zh,100,2,sg,fasttext
familiar_mean_old,0.0,-0.005505762678277578,-0.04914667810652973,0.0,Liu2021.csv,norms,True,,zh,100,2,sg,fasttext
valence_mean_young,0.05400849913974479,0.002916917979327813,0.026037596854432687,0.16136169574726428,Liu2021.csv,norms,True,,zh,100,2,sg,fasttext
arousal_mean_young,0.0,-0.003946343869359609,-0.035226671249435126,0.0,Liu2021.csv,norms,True,,zh,100,2,sg,fasttext
dominance_mean_young,0.0,-0.005673786230863986,-0.05064652471013653,0.0,Liu2021.csv,norms,True,,zh,100,2,sg,fasttext
familiar_mean_young,0.0,-0.008845517591265692,-0.07895868949432838,0.0,Liu2021.csv,norms,True,,zh,100,2,sg,fasttext
concrete_mean,0.38902768931789733,0.15134254305602243,0.21265931108574582,0.46114998762414144,Liu2025.csv,norms,True,,zh,100,2,sg,fasttext
arousal_mean,0.41805700177587973,0.17477165673383793,0.245580782295791,0.49556107826966295,Liu2025.csv,norms,True,,zh,100,2,sg,fasttext
familiar_mean,0.28615420323383395,0.08188422802839034,0.11505980519211756,0.33920466564025553,Liu2025.csv,norms,True,,zh,100,2,sg,fasttext
valence_mean,0.45993845271814454,0.21154338028876088,0.29725065145961715,0.545206980384163,Liu2025.csv,norms,True,,zh,100,2,sg,fasttext
aoa_mean,0.3042345886125245,0.09255868490823203,0.1157901802274609,0.3402795618715013,Song2021.csv,norms,True,,zh,100,2,sg,fasttext
concrete_mean,0.42226249489671264,0.17830561459639627,0.22305890873616635,0.4722911270987063,Song2021.csv,norms,True,,zh,100,2,sg,fasttext
emotional_experience_mean,0.3346308659114723,0.11197781642066174,0.1400833596294191,0.374277116091031,Song2021.csv,norms,True,,zh,100,2,sg,fasttext
familiar_mean,0.22802273378443907,0.05199436712252917,0.06504454061657666,0.25503831205639804,Song2021.csv,norms,True,,zh,100,2,sg,fasttext
imagine_mean,0.0,-0.028920945759317952,-0.03617987361359121,0.0,Song2021.csv,norms,True,,zh,100,2,sg,fasttext
sensory_experience_mean,0.325608170894712,0.10602068095339998,0.13263103043872754,0.3641854341386096,Song2021.csv,norms,True,,zh,100,2,sg,fasttext
aoa_mean,0.3792905961078612,0.1438613562958567,0.28004328076097373,0.529191157107688,Su2023.csv,norms,True,,zh,100,2,sg,fasttext
familiar_mean,0.3018604247889547,0.09111971605376817,0.17737539032530675,0.42115957821864475,Su2023.csv,norms,True,,zh,100,2,sg,fasttext
imagine_mean,0.2322004516376073,0.0539170497407088,0.10495596515362177,0.3239690805518665,Su2023.csv,norms,True,,zh,100,2,sg,fasttext
concrete_mean,0.2390534311749443,0.05714654295651382,0.11124255870894328,0.33353044644971064,Su2023.csv,norms,True,,zh,100,2,sg,fasttext
aoa_mean,0.20580174848597474,0.04235435967988441,0.057284002948279844,0.23934076741808916,Wang2019.csv,norms,True,,zh,100,2,sg,fasttext
aoa_mean_chinese_l1,0.45296727767579636,0.20517935464502202,0.21161004940372985,0.4600109231352337,Wang2020_zh.csv,norms,True,,zh,100,2,sg,fasttext
familiar_mean_chinese_l1,0.2917902699956574,0.08514156166413862,0.08781005331276981,0.29632761145861825,Wang2020_zh.csv,norms,True,,zh,100,2,sg,fasttext
concrete_mean_chinese_l1,0.6645914580815696,0.44168180615498676,0.45552491859079436,0.6749258615513221,Wang2020_zh.csv,norms,True,,zh,100,2,sg,fasttext
familiar_mean,0.2604120346770218,0.06781442780462639,0.07283771875311723,0.2698846397131879,Weekes2007.csv,norms,True,,zh,100,2,sg,fasttext
imagine_mean,0.0,-0.08368444006146486,-0.08988328747342522,0.0,Weekes2007.csv,norms,True,,zh,100,2,sg,fasttext
aoa_mean_subjective,0.4141947094207041,0.1715572573121015,0.1842652022981831,0.4292612285056538,Weekes2007.csv,norms,True,,zh,100,2,sg,fasttext
aoa_mean,0.24882890113200493,0.06191582203856108,0.12848461712580467,0.358447509582372,Xu2021.csv,norms,True,,zh,100,2,sg,fasttext
valence_mean,0.0,-0.02050472589776751,-0.02936874803065659,0.0,Yao2017.csv,norms,True,,zh,100,2,sg,fasttext
arousal_mean,0.0,-0.037345289826160234,-0.053489347407260746,0.0,Yao2017.csv,norms,True,,zh,100,2,sg,fasttext
concrete_mean,0.0,-0.03531347647906937,-0.0505791980820004,0.0,Yao2017.csv,norms,True,,zh,100,2,sg,fasttext
familiar_mean,0.13682204501842843,0.018720272003024858,0.02681288958766581,0.16374641854912678,Yao2017.csv,norms,True,,zh,100,2,sg,fasttext
imagine_mean,0.0,-0.04546660941566364,-0.06512144577764323,0.0,Yao2017.csv,norms,True,,zh,100,2,sg,fasttext
valence_mean,0.0,-0.02610093439189405,-0.06247108887240216,0.0,Yee2017.csv,norms,True,,zh,100,2,sg,fasttext
arousal_mean,0.0,-0.03047389642927606,-0.07293752260121811,0.0,Yee2017.csv,norms,True,,zh,100,2,sg,fasttext
familiar_mean,0.0,-0.05715360705320972,-0.13679387917653474,0.0,Yee2017.csv,norms,True,,zh,100,2,sg,fasttext
concrete_mean,0.12227813646390445,0.01495194265708524,0.035786616851384345,0.18917350990924797,Yee2017.csv,norms,True,,zh,100,2,sg,fasttext
imagine_mean,0.08103018516153755,0.006565890907313061,0.01571508315520831,0.12535981475420385,Yee2017.csv,norms,True,,zh,100,2,sg,fasttext
valence_mean_chinese,0.39886996775223155,0.15909725117466622,0.19391823905245897,0.44036148679517717,Yi2025.csv,norms,True,,zh,100,2,sg,fasttext
arousal_mean_chinese,0.3079956553884251,0.09486132373814551,0.11562324752733111,0.34003418582155986,Yi2025.csv,norms,True,,zh,100,2,sg,fasttext
sensory_mean_chinese,0.28535388706577275,0.08142684086354578,0.10192329966214997,0.3192542868344135,Yi2025.csv,norms,True,,zh,100,2,sg,fasttext
concrete_mean,0.1008813201330961,0.01017704075179622,0.04176479565354624,0.20436436982396475,Zhao2025.csv,norms,True,,zh,100,2,sg,fasttext
imagine_mean,0.10546457536522216,0.011122776656966626,0.04564593043378107,0.21364908245480735,Zhao2025.csv,norms,True,,zh,100,2,sg,fasttext
aoa_mean,0.1473012723473416,0.021697664835145705,0.08904342235625368,0.2984014449634145,Zhao2025.csv,norms,True,,zh,100,2,sg,fasttext
familiar_mean,0.13887385584821263,0.01928594783815014,0.07914615752158882,0.28132926886761855,Zhao2025.csv,norms,True,,zh,100,2,sg,fasttext
valence_mean,0.0,-0.0027250824270091283,-0.011183261763299757,0.0,Zhao2025.csv,norms,True,,zh,100,2,sg,fasttext
arousal_mean,0.1580966868545268,0.024994562394378302,0.10257331343266723,0.3202706877512634,Zhao2025.csv,norms,True,,zh,100,2,sg,fasttext
,0.029451499934774413,0.0008673908484080172,0.008069419357051633,0.08982994688327291,zh.subs.2018.tsv,counts,True,unigram_freq,zh,100,2,sg,fasttext
,0.011789427195376427,0.00013899059359508126,0.007024375330632215,0.08381154652332944,zh.wiki.2018.tsv,counts,True,unigram_freq,zh,100,2,sg,fasttext
aoa_cai_mean,0.33856816377662136,0.11462840152307309,0.2080893475806601,0.45616811328791945,Cai2021.csv,norms,False,,zh,100,2,sg,word2vec
valence_mean,0.21641071300661416,0.04683359670403112,0.11544463321710324,0.3397714426156254,Chan2024.csv,norms,False,,zh,100,2,sg,word2vec
arousal_mean,0.2018040747045552,0.04072488456736169,0.10038668162514341,0.31683857344891486,Chan2024.csv,norms,False,,zh,100,2,sg,word2vec
concrete_mean,0.24044593446159102,0.05781424739910772,0.1425118943542163,0.37750747589182426,Chan2024.csv,norms,False,,zh,100,2,sg,word2vec
familiar_mean,0.12108106858021374,0.014660625168526422,0.036138383861692325,0.19010098332647393,Chan2024.csv,norms,False,,zh,100,2,sg,word2vec
imagine_mean,0.26131858454715895,0.06828740262973067,0.1683281811507626,0.4102781753283528,Chan2024.csv,norms,False,,zh,100,2,sg,word2vec
familiar_mean,0.28216526703144695,0.07961723791892776,0.2146879792215839,0.4633443419548618,Chang2016.csv,norms,False,,zh,100,2,sg,word2vec
gustatory_mean,0.0,-0.10694252189966523,-0.2102598735654435,0.0,Chen2019.csv,norms,False,,zh,100,2,sg,word2vec
visual_strength_mean,0.0,-0.09550382886098881,-0.18777023979448648,0.0,Chen2019.csv,norms,False,,zh,100,2,sg,word2vec
auditory_mean,0.0,-0.17942721349495444,-0.3016457502234017,0.0,Chen2019.csv,norms,False,,zh,100,2,sg,word2vec
olfactory_strength_mean,0.0,-0.006540528454928627,-0.010995671025677112,0.0,Chen2019.csv,norms,False,,zh,100,2,sg,word2vec
haptic_strength_mean,0.0,-0.3992740669693373,-0.6712433589629438,0.0,Chen2019.csv,norms,False,,zh,100,2,sg,word2vec
arousal_mean,0.17147139139560438,0.029402438067144546,0.05512610083315911,0.23478948194746524,Cheng2025.csv,norms,False,,zh,100,2,sg,word2vec
valence_mean,0.1564649149113677,0.024481269598221528,0.04589949082839362,0.21424166454822371,Cheng2025.csv,norms,False,,zh,100,2,sg,word2vec
familiar_mean,0.0,-0.1549350734693586,-0.41316019591828956,0.0,Li2021.csv,norms,False,,zh,100,2,sg,word2vec
aoa_mean,0.45852740129274994,0.21024737773628252,0.29839929032932627,0.5462593617772846,Liu2007.csv,norms,False,,zh,100,2,sg,word2vec
concrete_mean,0.25432951836203355,0.06468350391026396,0.09180381639312163,0.302991446072528,Liu2007.csv,norms,False,,zh,100,2,sg,word2vec
familiar_mean,0.19580499851244085,0.03833959744245696,0.05441451299664374,0.23326918569893396,Liu2007.csv,norms,False,,zh,100,2,sg,word2vec
imagine_mean,0.23758302785516253,0.05644569512482693,0.08011208296029654,0.283040779677234,Liu2007.csv,norms,False,,zh,100,2,sg,word2vec
valence_mean_all,0.033045414243464466,0.001091999402522164,0.00974763103030607,0.09873009181757135,Liu2021.csv,norms,False,,zh,100,2,sg,word2vec
arousal_mean_all,0.0,-0.006968440860759517,-0.062203138765740795,0.0,Liu2021.csv,norms,False,,zh,100,2,sg,word2vec
dominance_mean_all,0.0,-0.008218510429084879,-0.07336176841893083,0.0,Liu2021.csv,norms,False,,zh,100,2,sg,word2vec
familiar_mean_all,0.0,-0.019438181447278664,-0.1735131175077429,0.0,Liu2021.csv,norms,False,,zh,100,2,sg,word2vec
valence_mean_old,0.008409603699776504,7.072143438729465e-05,0.00063128830176018,0.02512545127475684,Liu2021.csv,norms,False,,zh,100,2,sg,word2vec
arousal_mean_old,0.0,-0.007545726620631744,-0.06735622637118033,0.0,Liu2021.csv,norms,False,,zh,100,2,sg,word2vec
dominance_mean_old,0.0,-0.010998105669842877,-0.09817356662864074,0.0,Liu2021.csv,norms,False,,zh,100,2,sg,word2vec
familiar_mean_old,0.0,-0.027860036708118995,-0.24869002464130463,0.0,Liu2021.csv,norms,False,,zh,100,2,sg,word2vec
valence_mean_young,0.0,-0.0001477911161918107,-0.00131924364323599,0.0,Liu2021.csv,norms,False,,zh,100,2,sg,word2vec
arousal_mean_young,0.0,-0.004861452646468579,-0.0433953045758364,0.0,Liu2021.csv,norms,False,,zh,100,2,sg,word2vec
dominance_mean_young,0.0,-0.0093756779401729,-0.08369111650492,0.0,Liu2021.csv,norms,False,,zh,100,2,sg,word2vec
familiar_mean_young,0.0,-0.011052952280176515,-0.09866314979101287,0.0,Liu2021.csv,norms,False,,zh,100,2,sg,word2vec
concrete_mean,0.26579540462735973,0.07064719712102188,0.09927006621220874,0.31507152554968965,Liu2025.csv,norms,False,,zh,100,2,sg,word2vec
arousal_mean,0.28697678703383983,0.08235567629626588,0.11572226177461248,0.34017974921298955,Liu2025.csv,norms,False,,zh,100,2,sg,word2vec
familiar_mean,0.160395862671411,0.025726832762106137,0.03615011629335757,0.19013183924150517,Liu2025.csv,norms,False,,zh,100,2,sg,word2vec
valence_mean,0.2729398711861452,0.07449617328310953,0.1046784636296621,0.3235405131195506,Liu2025.csv,norms,False,,zh,100,2,sg,word2vec
aoa_mean,0.2620669518213078,0.06867908723691166,0.08591699306125555,0.2931160061498784,Song2021.csv,norms,False,,zh,100,2,sg,word2vec
concrete_mean,0.405078039721322,0.16408821826446893,0.20527305876140406,0.45307069951764045,Song2021.csv,norms,False,,zh,100,2,sg,word2vec
emotional_experience_mean,0.2938783716320647,0.08636449731311394,0.10804130070618717,0.3286963655201973,Song2021.csv,norms,False,,zh,100,2,sg,word2vec
familiar_mean,0.1718867604268495,0.029545058410037153,0.03696063358636592,0.1922514852643951,Song2021.csv,norms,False,,zh,100,2,sg,word2vec
imagine_mean,0.0,-0.045752375970849773,-0.05723585922543806,0.0,Song2021.csv,norms,False,,zh,100,2,sg,word2vec
sensory_experience_mean,0.285974793968092,0.08178158278509266,0.10230811100397008,0.31985639121951287,Song2021.csv,norms,False,,zh,100,2,sg,word2vec
aoa_mean,0.41916866796987484,0.17570237220763918,0.3420256142262585,0.5848295599798786,Su2023.csv,norms,False,,zh,100,2,sg,word2vec
familiar_mean,0.3079427109349214,0.09482871321794858,0.1845953954812024,0.4296456627049811,Su2023.csv,norms,False,,zh,100,2,sg,word2vec
imagine_mean,0.17123327265151353,0.029320833662947573,0.057076498269154174,0.2389068820045881,Su2023.csv,norms,False,,zh,100,2,sg,word2vec
concrete_mean,0.20367254536284546,0.04148250573458034,0.08075064283564215,0.2841665758593754,Su2023.csv,norms,False,,zh,100,2,sg,word2vec
aoa_mean,0.23549715251389333,0.05545890884215194,0.07500782260984201,0.2738755604464225,Wang2019.csv,norms,False,,zh,100,2,sg,word2vec
aoa_mean_chinese_l1,0.3896064466004417,0.1517931832326228,0.15655065812336122,0.3956648305363534,Wang2020_zh.csv,norms,False,,zh,100,2,sg,word2vec
familiar_mean_chinese_l1,0.0695633394291192,0.004839058192530849,0.004990723091807037,0.07064505001631068,Wang2020_zh.csv,norms,False,,zh,100,2,sg,word2vec
concrete_mean_chinese_l1,0.542236291405964,0.29402019571769344,0.3032353242808337,0.5506680708746728,Wang2020_zh.csv,norms,False,,zh,100,2,sg,word2vec
familiar_mean,0.0,-0.3622053747451925,-0.38903540250409563,0.0,Weekes2007.csv,norms,False,,zh,100,2,sg,word2vec
imagine_mean,0.0,-0.3929933321154039,-0.4221039493091375,0.0,Weekes2007.csv,norms,False,,zh,100,2,sg,word2vec
aoa_mean_subjective,0.0,-0.11301141163127247,-0.12138262730766303,0.0,Weekes2007.csv,norms,False,,zh,100,2,sg,word2vec
aoa_mean,0.2566191590289748,0.06585339278073828,0.13665566698926807,0.36966967280163526,Xu2021.csv,norms,False,,zh,100,2,sg,word2vec
valence_mean,0.0,-0.15640327662063083,-0.22401510974309102,0.0,Yao2017.csv,norms,False,,zh,100,2,sg,word2vec
arousal_mean,0.0,-0.15441882726874054,-0.22117279947345647,0.0,Yao2017.csv,norms,False,,zh,100,2,sg,word2vec
concrete_mean,0.0,-0.1335969960816034,-0.19134986417937982,0.0,Yao2017.csv,norms,False,,zh,100,2,sg,word2vec
familiar_mean,0.0,-0.045066314182702585,-0.06454810625126672,0.0,Yao2017.csv,norms,False,,zh,100,2,sg,word2vec
imagine_mean,0.0,-0.1320964930653683,-0.1892007062134181,0.0,Yao2017.csv,norms,False,,zh,100,2,sg,word2vec
valence_mean,0.0,-0.07579354057694543,-0.18140749056121364,0.0,Yee2017.csv,norms,False,,zh,100,2,sg,word2vec
arousal_mean,0.0,-0.016177268154224465,-0.03871936312322577,0.0,Yee2017.csv,norms,False,,zh,100,2,sg,word2vec
familiar_mean,0.0,-0.07199737292008919,-0.17232158108742657,0.0,Yee2017.csv,norms,False,,zh,100,2,sg,word2vec
concrete_mean,0.02434008572621777,0.0005924397731596301,0.0014179706046115736,0.03765595045423198,Yee2017.csv,norms,False,,zh,100,2,sg,word2vec
imagine_mean,0.0,-0.0052991822260243585,-0.012683288606550103,0.0,Yee2017.csv,norms,False,,zh,100,2,sg,word2vec
valence_mean_chinese,0.37605098572210344,0.14141434386256566,0.17236514355915095,0.41516881332676103,Yi2025.csv,norms,False,,zh,100,2,sg,word2vec
arousal_mean_chinese,0.27625066206362386,0.0763144282905905,0.09301706622297029,0.30498699353082304,Yi2025.csv,norms,False,,zh,100,2,sg,word2vec
sensory_mean_chinese,0.2823122421992295,0.07970020209555642,0.09976203786331661,0.3158512907418879,Yi2025.csv,norms,False,,zh,100,2,sg,word2vec
concrete_mean,0.0,-0.1897731326099254,-0.7787957518582184,0.0,Zhao2025.csv,norms,False,,zh,100,2,sg,word2vec
imagine_mean,0.0,-0.15899842087751098,-0.6525017162787472,0.0,Zhao2025.csv,norms,False,,zh,100,2,sg,word2vec
aoa_mean,0.0,-0.11743881179085901,-0.48194834784117546,0.0,Zhao2025.csv,norms,False,,zh,100,2,sg,word2vec
familiar_mean,0.0,-0.11487955283613671,-0.4714455966116867,0.0,Zhao2025.csv,norms,False,,zh,100,2,sg,word2vec
valence_mean,0.0,-0.12939696918317578,-0.5310225347353279,0.0,Zhao2025.csv,norms,False,,zh,100,2,sg,word2vec
arousal_mean,0.0,-0.14115519086266298,-0.5792762204254639,0.0,Zhao2025.csv,norms,False,,zh,100,2,sg,word2vec
,0.04269646859834787,0.0018229884307697061,0.01695943432874969,0.13022839294389565,zh.subs.2018.tsv,counts,False,unigram_freq,zh,100,2,sg,word2vec
,0.017986480512765718,0.0003235134812361009,0.016349884247146895,0.12786666589516946,zh.wiki.2018.tsv,counts,False,unigram_freq,zh,100,2,sg,word2vec
aoa_cai_mean,0.34030055427087025,0.1158044672370615,0.2102243049200641,0.45850224091062425,Cai2021.csv,norms,True,,zh,100,2,sg,word2vec
valence_mean,0.22753249158707428,0.05177103472782203,0.12761539868896926,0.3572329753661737,Chan2024.csv,norms,True,,zh,100,2,sg,word2vec
arousal_mean,0.2114422459211129,0.044707823360164385,0.11020461021531941,0.3319707972327075,Chan2024.csv,norms,True,,zh,100,2,sg,word2vec
concrete_mean,0.2541573361185541,0.0645959515028797,0.1592287685203102,0.3990347961272428,Chan2024.csv,norms,True,,zh,100,2,sg,word2vec
familiar_mean,0.10734081042079725,0.011522049581793535,0.028401807281330183,0.16852835749905765,Chan2024.csv,norms,True,,zh,100,2,sg,word2vec
imagine_mean,0.2703140040491721,0.07306966078509584,0.18011642885218487,0.42440125924905653,Chan2024.csv,norms,True,,zh,100,2,sg,word2vec
familiar_mean,0.30879207347144105,0.09535254463879186,0.2571182529967097,0.5070682922414985,Chang2016.csv,norms,True,,zh,100,2,sg,word2vec
gustatory_mean,0.17505548655112468,0.030644423371651,0.06025005273070366,0.24545886158520264,Chen2019.csv,norms,True,,zh,100,2,sg,word2vec
visual_strength_mean,0.17100512555830374,0.029242752967211225,0.05749422617282207,0.2397795366014833,Chen2019.csv,norms,True,,zh,100,2,sg,word2vec
auditory_mean,0.0,-0.03801783244972143,-0.06391403716185051,0.0,Chen2019.csv,norms,True,,zh,100,2,sg,word2vec
olfactory_strength_mean,0.27387842136285284,0.07500938968820837,0.1261027420845242,0.355109479012493,Chen2019.csv,norms,True,,zh,100,2,sg,word2vec
haptic_strength_mean,0.036946145149104756,0.001365017641378717,0.002294812266665669,0.04790419884170561,Chen2019.csv,norms,True,,zh,100,2,sg,word2vec
arousal_mean,0.19360221298836122,0.037481816873990784,0.07027398243938499,0.26509240358672104,Cheng2025.csv,norms,True,,zh,100,2,sg,word2vec
valence_mean,0.2303527171807832,0.05306237431256989,0.09948568857186735,0.31541351995732103,Cheng2025.csv,norms,True,,zh,100,2,sg,word2vec
familiar_mean,0.0,-0.03233282410885474,-0.08622086429027931,0.0,Li2021.csv,norms,True,,zh,100,2,sg,word2vec
aoa_mean,0.4256120853285701,0.18114564717773404,0.25709587033177195,0.5070462210999821,Liu2007.csv,norms,True,,zh,100,2,sg,word2vec
concrete_mean,0.300184865901471,0.09011095371628412,0.12789241382865385,0.35762048854708234,Liu2007.csv,norms,True,,zh,100,2,sg,word2vec
familiar_mean,0.24848385282086982,0.0617442251127037,0.08763216528043971,0.2960273049575659,Liu2007.csv,norms,True,,zh,100,2,sg,word2vec
imagine_mean,0.28694967081251405,0.08234011357941017,0.11686343830909057,0.34185294836974944,Liu2007.csv,norms,True,,zh,100,2,sg,word2vec
valence_mean_all,0.0,-0.0017033455379814454,-0.015204755408301907,0.0,Liu2021.csv,norms,True,,zh,100,2,sg,word2vec
arousal_mean_all,0.0,-0.010546341348467913,-0.09414093446121574,0.0,Liu2021.csv,norms,True,,zh,100,2,sg,word2vec
dominance_mean_all,0.0,-0.007078515441927828,-0.06318570926950295,0.0,Liu2021.csv,norms,True,,zh,100,2,sg,word2vec
familiar_mean_all,0.0,-0.011280152586365316,-0.10069123217785836,0.0,Liu2021.csv,norms,True,,zh,100,2,sg,word2vec
valence_mean_old,0.022139007989265054,0.000490135674748742,0.0043751504819563025,0.06614492030349951,Liu2021.csv,norms,True,,zh,100,2,sg,word2vec
arousal_mean_old,0.0,-0.014575744048039201,-0.13010902262795165,0.0,Liu2021.csv,norms,True,,zh,100,2,sg,word2vec
dominance_mean_old,0.0,-0.012993791329971981,-0.11598786892814816,0.0,Liu2021.csv,norms,True,,zh,100,2,sg,word2vec
familiar_mean_old,0.0,-0.012765103812182838,-0.11394651108537235,0.0,Liu2021.csv,norms,True,,zh,100,2,sg,word2vec
valence_mean_young,0.0,-0.002396174541212818,-0.02138922902156204,0.0,Liu2021.csv,norms,True,,zh,100,2,sg,word2vec
arousal_mean_young,0.0,-0.014026792581117985,-0.12520885845136487,0.0,Liu2021.csv,norms,True,,zh,100,2,sg,word2vec
dominance_mean_young,0.0,-0.007748992857639942,-0.06917066351711498,0.0,Liu2021.csv,norms,True,,zh,100,2,sg,word2vec
familiar_mean_young,0.0,-0.014129186410814428,-0.12612286744198853,0.0,Liu2021.csv,norms,True,,zh,100,2,sg,word2vec
concrete_mean,0.3899347216092536,0.1520490871164861,0.21365211304424275,0.46222517569280314,Liu2025.csv,norms,True,,zh,100,2,sg,word2vec
arousal_mean,0.4286423121974705,0.1837342318059938,0.2581745645985861,0.5081088117702606,Liu2025.csv,norms,True,,zh,100,2,sg,word2vec
familiar_mean,0.1755517769308029,0.030818426383562383,0.04330458039844831,0.20809752617089977,Liu2025.csv,norms,True,,zh,100,2,sg,word2vec
valence_mean,0.4525464237429331,0.20479826564251832,0.2877727386077541,0.5364445345119606,Liu2025.csv,norms,True,,zh,100,2,sg,word2vec
aoa_mean,0.26322035564550833,0.06928495562614788,0.08667492960771078,0.2944060624506751,Song2021.csv,norms,True,,zh,100,2,sg,word2vec
concrete_mean,0.4096251969412092,0.1677928019691244,0.2099074635744701,0.45815659285278226,Song2021.csv,norms,True,,zh,100,2,sg,word2vec
emotional_experience_mean,0.33482925470633873,0.11211062980720225,0.14024950812190679,0.37449900950724396,Song2021.csv,norms,True,,zh,100,2,sg,word2vec
familiar_mean,0.15896324778683232,0.02526931414693785,0.03161171144770697,0.1777968263150582,Song2021.csv,norms,True,,zh,100,2,sg,word2vec
imagine_mean,0.0,-0.027571599710648487,-0.03449185241580133,0.0,Song2021.csv,norms,True,,zh,100,2,sg,word2vec
sensory_experience_mean,0.3041819167233481,0.09252663846148988,0.11575009037692335,0.34022064954514936,Song2021.csv,norms,True,,zh,100,2,sg,word2vec
aoa_mean,0.4150960655453927,0.17230474363126494,0.3354117251469819,0.5791474122768588,Su2023.csv,norms,True,,zh,100,2,sg,word2vec
familiar_mean,0.34371446219308055,0.1181396315206786,0.2299728770171217,0.479554873833143,Su2023.csv,norms,True,,zh,100,2,sg,word2vec
imagine_mean,0.26299035484523803,0.06916392674162421,0.134635828924087,0.3669275526913821,Su2023.csv,norms,True,,zh,100,2,sg,word2vec
concrete_mean,0.2730977593708101,0.07458238617335688,0.14518350618087622,0.38102953452570604,Su2023.csv,norms,True,,zh,100,2,sg,word2vec
aoa_mean,0.2985933871588536,0.08915801085499704,0.1205856444361752,0.34725443760472696,Wang2019.csv,norms,True,,zh,100,2,sg,word2vec
aoa_mean_chinese_l1,0.4852217013727082,0.2354400994830256,0.24281922111226834,0.49276690342622276,Wang2020_zh.csv,norms,True,,zh,100,2,sg,word2vec
familiar_mean_chinese_l1,0.27125798380586,0.07358089377842023,0.0758870530349427,0.2754760480240391,Wang2020_zh.csv,norms,True,,zh,100,2,sg,word2vec
concrete_mean_chinese_l1,0.6463302609936297,0.41774280627609345,0.4308356268449818,0.6563807026756513,Wang2020_zh.csv,norms,True,,zh,100,2,sg,word2vec
familiar_mean,0.250149987044058,0.06257501601814239,0.06721020238985664,0.2592493054761317,Weekes2007.csv,norms,True,,zh,100,2,sg,word2vec
imagine_mean,0.0,-0.0923197291232455,-0.09915822757681925,0.0,Weekes2007.csv,norms,True,,zh,100,2,sg,word2vec
aoa_mean_subjective,0.3589069182196446,0.12881417594592265,0.13835596675673173,0.3719623190011748,Weekes2007.csv,norms,True,,zh,100,2,sg,word2vec
aoa_mean,0.23360580046485413,0.054571670010825246,0.11324440016139675,0.33651805324736556,Xu2021.csv,norms,True,,zh,100,2,sg,word2vec
valence_mean,0.0,-0.018238827742609272,-0.02612332098550807,0.0,Yao2017.csv,norms,True,,zh,100,2,sg,word2vec
arousal_mean,0.0,-0.023002908855281032,-0.032946874662511894,0.0,Yao2017.csv,norms,True,,zh,100,2,sg,word2vec
concrete_mean,0.0,-0.03564492987895514,-0.05105393602454511,0.0,Yao2017.csv,norms,True,,zh,100,2,sg,word2vec
familiar_mean,0.16399400906563652,0.02689403500942007,0.03852010222703395,0.19626538723634882,Yao2017.csv,norms,True,,zh,100,2,sg,word2vec
imagine_mean,0.0,-0.05276617093208245,-0.07557654690793059,0.0,Yao2017.csv,norms,True,,zh,100,2,sg,word2vec
valence_mean,0.09543707152612547,0.009108234621482789,0.021800036962893232,0.14764835577443194,Yee2017.csv,norms,True,,zh,100,2,sg,word2vec
arousal_mean,0.0,-0.015823680201279958,-0.03787307064568646,0.0,Yee2017.csv,norms,True,,zh,100,2,sg,word2vec
familiar_mean,0.0,-0.030048328733554838,-0.07191895073932797,0.0,Yee2017.csv,norms,True,,zh,100,2,sg,word2vec
concrete_mean,0.0625656215479524,0.003914456999681604,0.009369028228746135,0.09679374064858809,Yee2017.csv,norms,True,,zh,100,2,sg,word2vec
imagine_mean,0.0,-0.0007455777555942165,-0.0017844975789632067,0.0,Yee2017.csv,norms,True,,zh,100,2,sg,word2vec
valence_mean_chinese,0.39186834317254166,0.15356079838079287,0.18717004467161258,0.43263153453211495,Yi2025.csv,norms,True,,zh,100,2,sg,word2vec
arousal_mean_chinese,0.2958985863513946,0.08755597340475374,0.10671900397910439,0.326678747363682,Yi2025.csv,norms,True,,zh,100,2,sg,word2vec
sensory_mean_chinese,0.2923907141338466,0.08549232971170082,0.10701213810595045,0.32712709778609056,Yi2025.csv,norms,True,,zh,100,2,sg,word2vec
concrete_mean,0.0,-0.0037073279038766153,-0.01521422544159201,0.0,Zhao2025.csv,norms,True,,zh,100,2,sg,word2vec
imagine_mean,0.0,-0.006638021911850377,-0.027241281179232968,0.0,Zhao2025.csv,norms,True,,zh,100,2,sg,word2vec
aoa_mean,0.0832930347175826,0.00693772963246442,0.028471229256725572,0.16873419705775583,Zhao2025.csv,norms,True,,zh,100,2,sg,word2vec
familiar_mean,0.11407501232810958,0.013013108437658355,0.05340352151192035,0.23109201957644568,Zhao2025.csv,norms,True,,zh,100,2,sg,word2vec
valence_mean,0.0,-0.004927702988058762,-0.020222431388153717,0.0,Zhao2025.csv,norms,True,,zh,100,2,sg,word2vec
arousal_mean,0.1421389068425156,0.020203468838385325,0.08291150326572339,0.28794357653145064,Zhao2025.csv,norms,True,,zh,100,2,sg,word2vec
,0.02671216670050502,0.0007135398498355692,0.00663812892061133,0.08147471338158441,zh.subs.2018.tsv,counts,True,unigram_freq,zh,100,2,sg,word2vec
,0.012163181993875791,0.00014794299621614427,0.007476816280013898,0.08646858550950107,zh.wiki.2018.tsv,counts,True,unigram_freq,zh,100,2,sg,word2vec
aoa_cai_mean,0.1733481546471945,0.03004958271958766,0.05455016366019405,0.23355976464321515,Cai2021.csv,norms,False,,zh,200,3,cbow,fasttext
valence_mean,0.1863978585670159,0.034744161678369266,0.0856442230295294,0.29265034260962247,Chan2024.csv,norms,False,,zh,200,3,cbow,fasttext
arousal_mean,0.1464433050781973,0.02144564160222597,0.05286342290813911,0.22992047083315376,Chan2024.csv,norms,False,,zh,200,3,cbow,fasttext
concrete_mean,0.19822081070923844,0.03929148979822774,0.09685336910969145,0.31121273931137755,Chan2024.csv,norms,False,,zh,200,3,cbow,fasttext
familiar_mean,0.11250589275287912,0.012657575904122339,0.03120087523714088,0.1766376948364671,Chan2024.csv,norms,False,,zh,200,3,cbow,fasttext
imagine_mean,0.20112527836488542,0.04045137759735264,0.09971248801079097,0.3157728424212427,Chan2024.csv,norms,False,,zh,200,3,cbow,fasttext
familiar_mean,0.0,-0.03374605543780333,-0.09099627967524837,0.0,Chang2016.csv,norms,False,,zh,200,3,cbow,fasttext
gustatory_mean,0.0,-0.13626190101983002,-0.26790475454746243,0.0,Chen2019.csv,norms,False,,zh,200,3,cbow,fasttext
visual_strength_mean,0.0,-0.13721111267715658,-0.26977100119576547,0.0,Chen2019.csv,norms,False,,zh,200,3,cbow,fasttext
auditory_mean,0.0,-0.37256745193539886,-0.6263452815145836,0.0,Chen2019.csv,norms,False,,zh,200,3,cbow,fasttext
olfactory_strength_mean,0.0,-0.224140728105281,-0.3768162965248202,0.0,Chen2019.csv,norms,False,,zh,200,3,cbow,fasttext
haptic_strength_mean,0.0,-0.2770750302057792,-0.4658072971575419,0.0,Chen2019.csv,norms,False,,zh,200,3,cbow,fasttext
arousal_mean,0.0,-0.07852939363708103,-0.14723334378321473,0.0,Cheng2025.csv,norms,False,,zh,200,3,cbow,fasttext
valence_mean,0.0,-0.05854861132353648,-0.10977173539460028,0.0,Cheng2025.csv,norms,False,,zh,200,3,cbow,fasttext
familiar_mean,0.0,-0.3231445510913763,-0.8617188029103369,0.0,Li2021.csv,norms,False,,zh,200,3,cbow,fasttext
aoa_mean,0.3318802771174613,0.11014451833956293,0.15632559349880137,0.3953803150117636,Liu2007.csv,norms,False,,zh,200,3,cbow,fasttext
concrete_mean,0.0,-0.12588228369754528,-0.17866184360928716,0.0,Liu2007.csv,norms,False,,zh,200,3,cbow,fasttext
familiar_mean,0.0,-0.09519171277033737,-0.13510341884753907,0.0,Liu2007.csv,norms,False,,zh,200,3,cbow,fasttext
imagine_mean,0.0,-0.1432082128089299,-0.203252138179421,0.0,Liu2007.csv,norms,False,,zh,200,3,cbow,fasttext
valence_mean_all,0.0,-0.014974572683047091,-0.1336691293179355,0.0,Liu2021.csv,norms,False,,zh,200,3,cbow,fasttext
arousal_mean_all,0.0,-0.017750167744923467,-0.15844522030316965,0.0,Liu2021.csv,norms,False,,zh,200,3,cbow,fasttext
dominance_mean_all,0.0,-0.03866218064539078,-0.3451143571030121,0.0,Liu2021.csv,norms,False,,zh,200,3,cbow,fasttext
familiar_mean_all,0.0,-0.04032947422320947,-0.3599972980444066,0.0,Liu2021.csv,norms,False,,zh,200,3,cbow,fasttext
valence_mean_old,0.0,-0.02212257425310298,-0.19747510004284996,0.0,Liu2021.csv,norms,False,,zh,200,3,cbow,fasttext
arousal_mean_old,0.0,-0.032151040510573305,-0.2869932707047712,0.0,Liu2021.csv,norms,False,,zh,200,3,cbow,fasttext
dominance_mean_old,0.0,-0.04052100600430275,-0.36170698866178475,0.0,Liu2021.csv,norms,False,,zh,200,3,cbow,fasttext
familiar_mean_old,0.0,-0.03883156160927748,-0.34662632051225184,0.0,Liu2021.csv,norms,False,,zh,200,3,cbow,fasttext
valence_mean_young,0.0,-0.02481863002391834,-0.22154119094943558,0.0,Liu2021.csv,norms,False,,zh,200,3,cbow,fasttext
arousal_mean_young,0.0,-0.01340552705722713,-0.11966318957576771,0.0,Liu2021.csv,norms,False,,zh,200,3,cbow,fasttext
dominance_mean_young,0.0,-0.02976634412752071,-0.265706500393713,0.0,Liu2021.csv,norms,False,,zh,200,3,cbow,fasttext
familiar_mean_young,0.0,-0.038170708204410646,-0.3407272741017089,0.0,Liu2021.csv,norms,False,,zh,200,3,cbow,fasttext
concrete_mean,0.0,-0.11658410959543997,-0.163818420977199,0.0,Liu2025.csv,norms,False,,zh,200,3,cbow,fasttext
arousal_mean,0.0,-0.10186453964801837,-0.14313518451712182,0.0,Liu2025.csv,norms,False,,zh,200,3,cbow,fasttext
familiar_mean,0.0,-0.11493345776170703,-0.16149900388061877,0.0,Liu2025.csv,norms,False,,zh,200,3,cbow,fasttext
valence_mean,0.0,-0.03887522087706917,-0.05462560310595199,0.0,Liu2025.csv,norms,False,,zh,200,3,cbow,fasttext
aoa_mean,0.11169691359290981,0.01247620050618196,0.015607627815769298,0.12493049193759423,Song2021.csv,norms,False,,zh,200,3,cbow,fasttext
concrete_mean,0.2403227892417625,0.057755043028940606,0.07225110045584732,0.26879564813413054,Song2021.csv,norms,False,,zh,200,3,cbow,fasttext
emotional_experience_mean,0.14455483974657793,0.020896101694158824,0.02614085737731575,0.16168134517412872,Song2021.csv,norms,False,,zh,200,3,cbow,fasttext
familiar_mean,0.0,-0.01005635974393914,-0.012580426227288943,0.0,Song2021.csv,norms,False,,zh,200,3,cbow,fasttext
imagine_mean,0.0,-0.0976148986226262,-0.12211546345548774,0.0,Song2021.csv,norms,False,,zh,200,3,cbow,fasttext
sensory_experience_mean,0.11700371015422571,0.013689868189854062,0.017125916455759893,0.13086602483364387,Song2021.csv,norms,False,,zh,200,3,cbow,fasttext
aoa_mean,0.26371696048710014,0.06954663524855474,0.13538081665821866,0.36794132230318827,Su2023.csv,norms,False,,zh,200,3,cbow,fasttext
familiar_mean,0.0,-0.015339573308274682,-0.029860308183723316,0.0,Su2023.csv,norms,False,,zh,200,3,cbow,fasttext
imagine_mean,0.0,-0.06293794594326965,-0.12251621505682742,0.0,Su2023.csv,norms,False,,zh,200,3,cbow,fasttext
concrete_mean,0.0,-0.04599413671428783,-0.08953307040112257,0.0,Su2023.csv,norms,False,,zh,200,3,cbow,fasttext
aoa_mean,0.0,-0.14753235494327976,-0.19953657473309183,0.0,Wang2019.csv,norms,False,,zh,200,3,cbow,fasttext
aoa_mean_chinese_l1,0.0,-0.02406417045145291,-0.02481838539214487,0.0,Wang2020_zh.csv,norms,False,,zh,200,3,cbow,fasttext
familiar_mean_chinese_l1,0.0,-0.16801798821483735,-0.1732839780511496,0.0,Wang2020_zh.csv,norms,False,,zh,200,3,cbow,fasttext
concrete_mean_chinese_l1,0.19874403574934732,0.03949919174593784,0.04073716837264696,0.20183450738822378,Wang2020_zh.csv,norms,False,,zh,200,3,cbow,fasttext
familiar_mean,0.0,-0.32516998934072244,-0.349256655217813,0.0,Weekes2007.csv,norms,False,,zh,200,3,cbow,fasttext
imagine_mean,0.0,-0.6213939827169169,-0.6674231666218737,0.0,Weekes2007.csv,norms,False,,zh,200,3,cbow,fasttext
aoa_mean_subjective,0.0,-0.31788747964200675,-0.34143470035622947,0.0,Weekes2007.csv,norms,False,,zh,200,3,cbow,fasttext
aoa_mean,0.2257492150063996,0.05096270807600564,0.10575526285933345,0.3252003426494712,Xu2021.csv,norms,False,,zh,200,3,cbow,fasttext
valence_mean,0.0,-0.3484299737565271,-0.4990533478283591,0.0,Yao2017.csv,norms,False,,zh,200,3,cbow,fasttext
arousal_mean,0.0,-0.21127719745193377,-0.3026105692670926,0.0,Yao2017.csv,norms,False,,zh,200,3,cbow,fasttext
concrete_mean,0.0,-0.41489849146216273,-0.5942556518338268,0.0,Yao2017.csv,norms,False,,zh,200,3,cbow,fasttext
familiar_mean,0.0,-0.28223005282081176,-0.40423575273814183,0.0,Yao2017.csv,norms,False,,zh,200,3,cbow,fasttext
imagine_mean,0.0,-0.3818717102789374,-0.5469516683682697,0.0,Yao2017.csv,norms,False,,zh,200,3,cbow,fasttext
valence_mean,0.0,-0.1059494951810199,-0.2535840376463755,0.0,Yee2017.csv,norms,False,,zh,200,3,cbow,fasttext
arousal_mean,0.0,-0.11841205452434433,-0.28341245836974216,0.0,Yee2017.csv,norms,False,,zh,200,3,cbow,fasttext
familiar_mean,0.0,-0.17674946045201895,-0.4230396922294224,0.0,Yee2017.csv,norms,False,,zh,200,3,cbow,fasttext
concrete_mean,0.0,-0.08424590169077356,-0.20163773191562195,0.0,Yee2017.csv,norms,False,,zh,200,3,cbow,fasttext
imagine_mean,0.0,-0.1958302544604203,-0.4687084778888748,0.0,Yee2017.csv,norms,False,,zh,200,3,cbow,fasttext
valence_mean_chinese,0.2892736171238807,0.08367922556393355,0.10199376762843398,0.31936463114821273,Yi2025.csv,norms,False,,zh,200,3,cbow,fasttext
arousal_mean_chinese,0.08901314688557999,0.007923340318473837,0.009657490563963034,0.098272532092966,Yi2025.csv,norms,False,,zh,200,3,cbow,fasttext
sensory_mean_chinese,0.1567914394678894,0.02458355549041282,0.030771635819807353,0.17541845917635734,Yi2025.csv,norms,False,,zh,200,3,cbow,fasttext
concrete_mean,0.0,-0.16945877015052171,-0.69542916056307,0.0,Zhao2025.csv,norms,False,,zh,200,3,cbow,fasttext
imagine_mean,0.0,-0.23716062086456316,-0.9732657173185079,0.0,Zhao2025.csv,norms,False,,zh,200,3,cbow,fasttext
aoa_mean,0.0,-0.13544112399804137,-0.5558266891941479,0.0,Zhao2025.csv,norms,False,,zh,200,3,cbow,fasttext
familiar_mean,0.0,-0.08749084943407906,-0.3590471471311113,0.0,Zhao2025.csv,norms,False,,zh,200,3,cbow,fasttext
valence_mean,0.0,-0.08672753796783855,-0.35591465034888936,0.0,Zhao2025.csv,norms,False,,zh,200,3,cbow,fasttext
arousal_mean,0.0,-0.13944795961383244,-0.5722700419125036,0.0,Zhao2025.csv,norms,False,,zh,200,3,cbow,fasttext
,0.05203759070666858,0.00270791084655476,0.02519195152042958,0.15871972631160117,zh.subs.2018.tsv,counts,False,unigram_freq,zh,200,3,cbow,fasttext
,0.0,-0.001004639221918673,-0.05077295365174128,0.0,zh.wiki.2018.tsv,counts,False,unigram_freq,zh,200,3,cbow,fasttext
aoa_cai_mean,0.32805941634739216,0.10762298065419161,0.1953721375457626,0.44200920527265336,Cai2021.csv,norms,True,,zh,200,3,cbow,fasttext
valence_mean,0.21627818694731227,0.04677625414921655,0.11530328404313023,0.3395633726465948,Chan2024.csv,norms,True,,zh,200,3,cbow,fasttext
arousal_mean,0.19359871133416817,0.03748046103025058,0.09238919025992248,0.3039559018343327,Chan2024.csv,norms,True,,zh,200,3,cbow,fasttext
concrete_mean,0.23618502358507582,0.055783365365882825,0.13750577806307368,0.3708177154115937,Chan2024.csv,norms,True,,zh,200,3,cbow,fasttext
familiar_mean,0.10930744584076085,0.011948117716230866,0.02945206357098601,0.17161603529678107,Chan2024.csv,norms,True,,zh,200,3,cbow,fasttext
imagine_mean,0.24270447320976965,0.0589054613160318,0.14520173240352963,0.381053450848473,Chan2024.csv,norms,True,,zh,200,3,cbow,fasttext
familiar_mean,0.2944677546911926,0.08671125855287237,0.23381701451929948,0.48354628994471616,Chang2016.csv,norms,True,,zh,200,3,cbow,fasttext
gustatory_mean,0.12509885707523424,0.015649724041529887,0.030768948963007914,0.17541080058824177,Chen2019.csv,norms,True,,zh,200,3,cbow,fasttext
visual_strength_mean,0.11908149657289904,0.014180402826041365,0.027880114030860992,0.16697339318244986,Chen2019.csv,norms,True,,zh,200,3,cbow,fasttext
auditory_mean,0.0,-0.01575055206774064,-0.026479188983448032,0.0,Chen2019.csv,norms,True,,zh,200,3,cbow,fasttext
olfactory_strength_mean,0.2736588349053733,0.07488915792176634,0.1259006133177521,0.3548247642396907,Chen2019.csv,norms,True,,zh,200,3,cbow,fasttext
haptic_strength_mean,0.0,-0.023002340554871336,-0.03867060151253732,0.0,Chen2019.csv,norms,True,,zh,200,3,cbow,fasttext
arousal_mean,0.15872890648620888,0.025194865754307648,0.047237399391102775,0.2173416651061245,Cheng2025.csv,norms,True,,zh,200,3,cbow,fasttext
valence_mean,0.17843052064650602,0.031837450698183216,0.05969146209749082,0.24431836217830788,Cheng2025.csv,norms,True,,zh,200,3,cbow,fasttext
familiar_mean,0.0,-0.08541345430114827,-0.22776921146972873,0.0,Li2021.csv,norms,True,,zh,200,3,cbow,fasttext
aoa_mean,0.40726453502517684,0.16586440148927348,0.23540754813778814,0.4851881574583083,Liu2007.csv,norms,True,,zh,200,3,cbow,fasttext
concrete_mean,0.24278389314826965,0.05894401877223042,0.08365789652251499,0.28923674822282697,Liu2007.csv,norms,True,,zh,200,3,cbow,fasttext
familiar_mean,0.19474547095639377,0.03792579845802761,0.053827217570550034,0.23200693431565797,Liu2007.csv,norms,True,,zh,200,3,cbow,fasttext
imagine_mean,0.19366480367354283,0.03750605618191189,0.053231486966617114,0.23071949845346212,Liu2007.csv,norms,True,,zh,200,3,cbow,fasttext
valence_mean_all,0.0,-0.000846429021333921,-0.007555569878746948,0.0,Liu2021.csv,norms,True,,zh,200,3,cbow,fasttext
arousal_mean_all,0.0,-0.008998212940577777,-0.0803217103180579,0.0,Liu2021.csv,norms,True,,zh,200,3,cbow,fasttext
dominance_mean_all,0.0,-0.008742357739451038,-0.07803784267856295,0.0,Liu2021.csv,norms,True,,zh,200,3,cbow,fasttext
familiar_mean_all,0.0,-0.011458947129475658,-0.10228722502588228,0.0,Liu2021.csv,norms,True,,zh,200,3,cbow,fasttext
valence_mean_old,0.0,-0.001915010824466536,-0.017094165887662327,0.0,Liu2021.csv,norms,True,,zh,200,3,cbow,fasttext
arousal_mean_old,0.0,-0.010750737726604249,-0.09596545970674442,0.0,Liu2021.csv,norms,True,,zh,200,3,cbow,fasttext
dominance_mean_old,0.0,-0.010978569775592468,-0.09799918128689034,0.0,Liu2021.csv,norms,True,,zh,200,3,cbow,fasttext
familiar_mean_old,0.0,-0.013045096659870883,-0.11644584118031931,0.0,Liu2021.csv,norms,True,,zh,200,3,cbow,fasttext
valence_mean_young,0.0,-0.0022994747413647536,-0.020526047258416114,0.0,Liu2021.csv,norms,True,,zh,200,3,cbow,fasttext
arousal_mean_young,0.0,-0.006330478310824868,-0.056508425441215926,0.0,Liu2021.csv,norms,True,,zh,200,3,cbow,fasttext
dominance_mean_young,0.0,-0.008936884714077135,-0.07977426961223832,0.0,Liu2021.csv,norms,True,,zh,200,3,cbow,fasttext
familiar_mean_young,0.0,-0.013437262810418037,-0.11994647582286577,0.0,Liu2021.csv,norms,True,,zh,200,3,cbow,fasttext
concrete_mean,0.3666445189780579,0.13442820329665145,0.1888920889414306,0.43461717515697723,Liu2025.csv,norms,True,,zh,200,3,cbow,fasttext
arousal_mean,0.386039825728948,0.14902674704883656,0.2094052651740092,0.45760820051000967,Liu2025.csv,norms,True,,zh,200,3,cbow,fasttext
familiar_mean,0.2182657789069533,0.04763995024185902,0.06694138207286982,0.2587303269291596,Liu2025.csv,norms,True,,zh,200,3,cbow,fasttext
valence_mean,0.43675578890389904,0.1907556191410672,0.2680406826338181,0.5177264554123326,Liu2025.csv,norms,True,,zh,200,3,cbow,fasttext
aoa_mean,0.27491643373655533,0.07557904553842582,0.09454878613487594,0.307487863394437,Song2021.csv,norms,True,,zh,200,3,cbow,fasttext
concrete_mean,0.38184299735287897,0.14580407462743075,0.1823997401837204,0.4270828259058428,Song2021.csv,norms,True,,zh,200,3,cbow,fasttext
emotional_experience_mean,0.30222618896776215,0.09134066929797748,0.114266452365823,0.3380332119272055,Song2021.csv,norms,True,,zh,200,3,cbow,fasttext
familiar_mean,0.193510881194555,0.03744646114069319,0.04684522569287114,0.21643757920673373,Song2021.csv,norms,True,,zh,200,3,cbow,fasttext
imagine_mean,0.0,-0.028902684545310645,-0.036157028979798334,0.0,Song2021.csv,norms,True,,zh,200,3,cbow,fasttext
sensory_experience_mean,0.30541991996693857,0.09328132751261117,0.11669420039028044,0.3416053283985489,Song2021.csv,norms,True,,zh,200,3,cbow,fasttext
aoa_mean,0.40781871409227544,0.16631610356387708,0.3237541233076184,0.5689939571802308,Su2023.csv,norms,True,,zh,200,3,cbow,fasttext
familiar_mean,0.303706876049487,0.09223786655973844,0.17955200358781825,0.4237357709561682,Su2023.csv,norms,True,,zh,200,3,cbow,fasttext
imagine_mean,0.22259197706430384,0.04954718825339557,0.09644950880643194,0.3105632122554633,Su2023.csv,norms,True,,zh,200,3,cbow,fasttext
concrete_mean,0.2179619362057688,0.04750740563456764,0.09247882876195196,0.304103319222188,Su2023.csv,norms,True,,zh,200,3,cbow,fasttext
aoa_mean,0.2731405011556858,0.07460573337157918,0.10090378139858552,0.3176535556208769,Wang2019.csv,norms,True,,zh,200,3,cbow,fasttext
aoa_mean_chinese_l1,0.43829208842490136,0.19209995477586156,0.19812071731535968,0.4451075345524491,Wang2020_zh.csv,norms,True,,zh,200,3,cbow,fasttext
familiar_mean_chinese_l1,0.3097335530201121,0.09593487386646257,0.09894164758215973,0.31454991270410443,Wang2020_zh.csv,norms,True,,zh,200,3,cbow,fasttext
concrete_mean_chinese_l1,0.6339048485315009,0.4018353569917451,0.4144296091207714,0.6437620749320135,Wang2020_zh.csv,norms,True,,zh,200,3,cbow,fasttext
familiar_mean,0.3992843637534837,0.15942800313802427,0.171237484851952,0.4138085123000154,Weekes2007.csv,norms,True,,zh,200,3,cbow,fasttext
imagine_mean,0.0,-0.06885694345076258,-0.07395745778044871,0.0,Weekes2007.csv,norms,True,,zh,200,3,cbow,fasttext
aoa_mean_subjective,0.44031653636170937,0.19387865219357253,0.20824003383754086,0.4563332486654253,Weekes2007.csv,norms,True,,zh,200,3,cbow,fasttext
aoa_mean,0.22464677522910098,0.05046617362083422,0.10472487939252367,0.3236122361600743,Xu2021.csv,norms,True,,zh,200,3,cbow,fasttext
valence_mean,0.0,-0.03904290614207864,-0.05592082910974805,0.0,Yao2017.csv,norms,True,,zh,200,3,cbow,fasttext
arousal_mean,0.0,-0.028312361475168604,-0.04055155940453836,0.0,Yao2017.csv,norms,True,,zh,200,3,cbow,fasttext
concrete_mean,0.0,-0.02030380183531569,-0.029080966170374034,0.0,Yao2017.csv,norms,True,,zh,200,3,cbow,fasttext
familiar_mean,0.11119304343764645,0.012363892908926331,0.017708700781014275,0.13307404247641338,Yao2017.csv,norms,True,,zh,200,3,cbow,fasttext
imagine_mean,0.0,-0.04061814347747073,-0.05817702841825234,0.0,Yao2017.csv,norms,True,,zh,200,3,cbow,fasttext
valence_mean,0.06993150585016002,0.0048904155104709645,0.011704928926700997,0.10818931983657627,Yee2017.csv,norms,True,,zh,200,3,cbow,fasttext
arousal_mean,0.0,-0.020347193918242353,-0.04869984118136694,0.0,Yee2017.csv,norms,True,,zh,200,3,cbow,fasttext
familiar_mean,0.0,-0.006779952865703108,-0.016227428170371372,0.0,Yee2017.csv,norms,True,,zh,200,3,cbow,fasttext
concrete_mean,0.16390792781138297,0.026865808799421527,0.06430177188058267,0.2535779404455022,Yee2017.csv,norms,True,,zh,200,3,cbow,fasttext
imagine_mean,0.14784916490175012,0.021859375562144897,0.05231916118152713,0.2287338216825993,Yee2017.csv,norms,True,,zh,200,3,cbow,fasttext
valence_mean_chinese,0.38787102360026005,0.1504439309487135,0.18337100075774115,0.42821840310493564,Yi2025.csv,norms,True,,zh,200,3,cbow,fasttext
arousal_mean_chinese,0.2714251942197346,0.07367163605722064,0.08979585647677574,0.29965956763763735,Yi2025.csv,norms,True,,zh,200,3,cbow,fasttext
sensory_mean_chinese,0.2570268341035869,0.06606279344931278,0.08269187189193156,0.2875619444431609,Yi2025.csv,norms,True,,zh,200,3,cbow,fasttext
concrete_mean,0.10137390396142065,0.010276668404379337,0.04217365011851848,0.20536224121906754,Zhao2025.csv,norms,True,,zh,200,3,cbow,fasttext
imagine_mean,0.07883352025343358,0.006214723915548523,0.02550414022173192,0.1597001572376556,Zhao2025.csv,norms,True,,zh,200,3,cbow,fasttext
aoa_mean,0.16614670446638605,0.02760472740504063,0.11328497421412848,0.3365783329540517,Zhao2025.csv,norms,True,,zh,200,3,cbow,fasttext
familiar_mean,0.16253277362850707,0.026416902503375528,0.10841034852478154,0.3292572679908244,Zhao2025.csv,norms,True,,zh,200,3,cbow,fasttext
valence_mean,0.09774391606454298,0.009553873127632425,0.03920742469318006,0.19800864802624168,Zhao2025.csv,norms,True,,zh,200,3,cbow,fasttext
arousal_mean,0.14275549668082627,0.0203791318325894,0.0836323934769106,0.2891926580619062,Zhao2025.csv,norms,True,,zh,200,3,cbow,fasttext
,0.03771864984631766,0.0014226965462291194,0.013235480948896816,0.11504556031806189,zh.subs.2018.tsv,counts,True,unigram_freq,zh,200,3,cbow,fasttext
,0.013364242655267835,0.00017860298174888025,0.009026325785967348,0.09500697756463652,zh.wiki.2018.tsv,counts,True,unigram_freq,zh,200,3,cbow,fasttext
aoa_cai_mean,0.247903654361083,0.061456221845579306,0.11156384402730057,0.3340117423494279,Cai2021.csv,norms,False,,zh,200,3,cbow,word2vec
valence_mean,0.181320082330799,0.03287697225644773,0.08104160838682284,0.284678078514702,Chan2024.csv,norms,False,,zh,200,3,cbow,word2vec
arousal_mean,0.16396964497874275,0.026886044474454942,0.06627399476976359,0.2574373608662185,Chan2024.csv,norms,False,,zh,200,3,cbow,word2vec
concrete_mean,0.20300019597980967,0.04120907956784114,0.10158022041288922,0.3187165204580541,Chan2024.csv,norms,False,,zh,200,3,cbow,word2vec
familiar_mean,0.09684650783349368,0.009379246079542951,0.023119805005550442,0.1520519812615095,Chan2024.csv,norms,False,,zh,200,3,cbow,word2vec
imagine_mean,0.21427056026284644,0.04591187299535411,0.11317258787008067,0.33641133730907563,Chan2024.csv,norms,False,,zh,200,3,cbow,word2vec
familiar_mean,0.19841601788969238,0.03936891615520272,0.1061583304624425,0.3258194752657405,Chang2016.csv,norms,False,,zh,200,3,cbow,word2vec
gustatory_mean,0.0,-0.11994668480921857,-0.23582738030287043,0.0,Chen2019.csv,norms,False,,zh,200,3,cbow,word2vec
visual_strength_mean,0.0,-0.1400062267878042,-0.27526647978619134,0.0,Chen2019.csv,norms,False,,zh,200,3,cbow,word2vec
auditory_mean,0.0,-0.23653051650939158,-0.39764550601578874,0.0,Chen2019.csv,norms,False,,zh,200,3,cbow,word2vec
olfactory_strength_mean,0.0,-0.13142641482125095,-0.22094875535166825,0.0,Chen2019.csv,norms,False,,zh,200,3,cbow,word2vec
haptic_strength_mean,0.0,-0.16407939210208664,-0.27584361570785576,0.0,Chen2019.csv,norms,False,,zh,200,3,cbow,word2vec
arousal_mean,0.0,-0.033817394568794325,-0.06340362315046377,0.0,Cheng2025.csv,norms,False,,zh,200,3,cbow,word2vec
valence_mean,0.0,-0.049725792818614556,-0.09322999210704364,0.0,Cheng2025.csv,norms,False,,zh,200,3,cbow,word2vec
familiar_mean,0.0,-0.2226111841553426,-0.5936298244142469,0.0,Li2021.csv,norms,False,,zh,200,3,cbow,word2vec
aoa_mean,0.36703394816775753,0.1347139191076121,0.19119638157682778,0.43726008459134225,Liu2007.csv,norms,False,,zh,200,3,cbow,word2vec
concrete_mean,0.0,-0.08304930628042141,-0.11786997927510412,0.0,Liu2007.csv,norms,False,,zh,200,3,cbow,word2vec
familiar_mean,0.0,-0.07639894544956494,-0.10843127438504518,0.0,Liu2007.csv,norms,False,,zh,200,3,cbow,word2vec
imagine_mean,0.0,-0.05244014399036993,-0.07442709592850094,0.0,Liu2007.csv,norms,False,,zh,200,3,cbow,word2vec
valence_mean_all,0.0,-0.004819370524509371,-0.04301966243090183,0.0,Liu2021.csv,norms,False,,zh,200,3,cbow,word2vec
arousal_mean_all,0.0,-0.0033061051563139056,-0.029511639966750103,0.0,Liu2021.csv,norms,False,,zh,200,3,cbow,word2vec
dominance_mean_all,0.0,-0.007469869801930573,-0.066679097539311,0.0,Liu2021.csv,norms,False,,zh,200,3,cbow,word2vec
familiar_mean_all,0.0,-0.019624548521656886,-0.17517670585132683,0.0,Liu2021.csv,norms,False,,zh,200,3,cbow,word2vec
valence_mean_old,0.0,-0.004554767597931927,-0.040657709034353395,0.0,Liu2021.csv,norms,False,,zh,200,3,cbow,word2vec
arousal_mean_old,0.0,-0.0031432521420638104,-0.028057947692361807,0.0,Liu2021.csv,norms,False,,zh,200,3,cbow,word2vec
dominance_mean_old,0.0,-0.0071287846559072105,-0.06363443272935354,0.0,Liu2021.csv,norms,False,,zh,200,3,cbow,word2vec
familiar_mean_old,0.0,-0.02283577505831858,-0.20384142065044553,0.0,Liu2021.csv,norms,False,,zh,200,3,cbow,word2vec
valence_mean_young,0.0,-0.0043391388242086945,-0.038732918855057696,0.0,Liu2021.csv,norms,False,,zh,200,3,cbow,word2vec
arousal_mean_young,0.0,-0.008304933090631607,-0.07413321226356007,0.0,Liu2021.csv,norms,False,,zh,200,3,cbow,word2vec
dominance_mean_young,0.0,-0.003847818121688955,-0.03434719033299838,0.0,Liu2021.csv,norms,False,,zh,200,3,cbow,word2vec
familiar_mean_young,0.0,-0.01803126897597366,-0.1609544442790376,0.0,Liu2021.csv,norms,False,,zh,200,3,cbow,word2vec
concrete_mean,0.0,-0.06824994660627674,-0.09590156431795327,0.0,Liu2025.csv,norms,False,,zh,200,3,cbow,word2vec
arousal_mean,0.058973992744399566,0.003477931820216493,0.004887023634964627,0.06990725023175083,Liu2025.csv,norms,False,,zh,200,3,cbow,word2vec
familiar_mean,0.0,-0.08080462980441722,-0.11354280534578531,0.0,Liu2025.csv,norms,False,,zh,200,3,cbow,word2vec
valence_mean,0.0,-0.0018566972729592863,-0.0026089423039240556,0.0,Liu2025.csv,norms,False,,zh,200,3,cbow,word2vec
aoa_mean,0.0,-0.00705344894452631,-0.008823808649848885,0.0,Song2021.csv,norms,False,,zh,200,3,cbow,word2vec
concrete_mean,0.295004604995187,0.0870277169683663,0.10887098323125982,0.32995603226984627,Song2021.csv,norms,False,,zh,200,3,cbow,word2vec
emotional_experience_mean,0.05977134543849731,0.0035726137355281736,0.004469311429068479,0.06685290890506171,Song2021.csv,norms,False,,zh,200,3,cbow,word2vec
familiar_mean,0.0,-0.004268768828154274,-0.005340195924903313,0.0,Song2021.csv,norms,False,,zh,200,3,cbow,word2vec
imagine_mean,0.0,-0.10152854949286703,-0.12701140963343782,0.0,Song2021.csv,norms,False,,zh,200,3,cbow,word2vec
sensory_experience_mean,0.08840179237000105,0.007814876894228776,0.009776348971847704,0.09887542147494342,Song2021.csv,norms,False,,zh,200,3,cbow,word2vec
aoa_mean,0.3230392947337375,0.10435438594207053,0.2031382530616106,0.45070861214493185,Su2023.csv,norms,False,,zh,200,3,cbow,word2vec
familiar_mean,0.09301833638686222,0.008652410904179456,0.01684294934016428,0.12978038888893914,Su2023.csv,norms,False,,zh,200,3,cbow,word2vec
imagine_mean,0.014352877685180804,0.0002060050978457611,0.0004010134822833855,0.02002532102822288,Su2023.csv,norms,False,,zh,200,3,cbow,word2vec
concrete_mean,0.0,-0.013127516964496627,-0.025554276795657138,0.0,Su2023.csv,norms,False,,zh,200,3,cbow,word2vec
aoa_mean,0.05861306160898225,0.003435490991178349,0.004646479785194724,0.06816509213075798,Wang2019.csv,norms,False,,zh,200,3,cbow,word2vec
aoa_mean_chinese_l1,0.0,-0.01978361317858152,-0.02040366765626478,0.0,Wang2020_zh.csv,norms,False,,zh,200,3,cbow,word2vec
familiar_mean_chinese_l1,0.0,-0.17483838803883298,-0.18031814163064752,0.0,Wang2020_zh.csv,norms,False,,zh,200,3,cbow,word2vec
concrete_mean_chinese_l1,0.3840400432533174,0.14748675482200993,0.15210925840115225,0.39001186956444317,Wang2020_zh.csv,norms,False,,zh,200,3,cbow,word2vec
familiar_mean,0.0,-0.2190181427722379,-0.2352417089035148,0.0,Weekes2007.csv,norms,False,,zh,200,3,cbow,word2vec
imagine_mean,0.0,-0.32487578265215666,-0.34894065544120534,0.0,Weekes2007.csv,norms,False,,zh,200,3,cbow,word2vec
aoa_mean_subjective,0.20304767685179892,0.04122835907491256,0.04428231159898016,0.210433627538424,Weekes2007.csv,norms,False,,zh,200,3,cbow,word2vec
aoa_mean,0.22756330925333398,0.051785059718328516,0.10746176585691664,0.3278136145081785,Xu2021.csv,norms,False,,zh,200,3,cbow,word2vec
valence_mean,0.0,-0.2382961670155551,-0.34130961421498773,0.0,Yao2017.csv,norms,False,,zh,200,3,cbow,word2vec
arousal_mean,0.0,-0.215054381757072,-0.30802059887080624,0.0,Yao2017.csv,norms,False,,zh,200,3,cbow,word2vec
concrete_mean,0.0,-0.1343340256896973,-0.19240550554513935,0.0,Yao2017.csv,norms,False,,zh,200,3,cbow,word2vec
familiar_mean,0.0,-0.17804618749305198,-0.25501407062806924,0.0,Yao2017.csv,norms,False,,zh,200,3,cbow,word2vec
imagine_mean,0.0,-0.232306060272742,-0.33273003424481273,0.0,Yao2017.csv,norms,False,,zh,200,3,cbow,word2vec
valence_mean,0.0,-0.11248112692664425,-0.26921712346377147,0.0,Yee2017.csv,norms,False,,zh,200,3,cbow,word2vec
arousal_mean,0.0,-0.06831465107504019,-0.1635071976550142,0.0,Yee2017.csv,norms,False,,zh,200,3,cbow,word2vec
familiar_mean,0.0,-0.06506554460060436,-0.15573064773259404,0.0,Yee2017.csv,norms,False,,zh,200,3,cbow,word2vec
concrete_mean,0.17336797407916021,0.030056454436312365,0.07193839914264927,0.2682133463171609,Yee2017.csv,norms,False,,zh,200,3,cbow,word2vec
imagine_mean,0.07107442510324291,0.0050515739037564865,0.012090652294236837,0.10995750221897929,Yee2017.csv,norms,False,,zh,200,3,cbow,word2vec
valence_mean_chinese,0.2675819283817586,0.07160008839650059,0.08727091734983222,0.2954165150255351,Yi2025.csv,norms,False,,zh,200,3,cbow,word2vec
arousal_mean_chinese,0.15090900672707422,0.022773528311352133,0.027757880633024645,0.16660696453937526,Yi2025.csv,norms,False,,zh,200,3,cbow,word2vec
sensory_mean_chinese,0.2130505543873059,0.045390538724738395,0.05681607478817369,0.2383612275269904,Yi2025.csv,norms,False,,zh,200,3,cbow,word2vec
concrete_mean,0.0,-0.13311815263743934,-0.5462936209328795,0.0,Zhao2025.csv,norms,False,,zh,200,3,cbow,word2vec
imagine_mean,0.0,-0.10109641348298452,-0.4148820028727944,0.0,Zhao2025.csv,norms,False,,zh,200,3,cbow,word2vec
aoa_mean,0.0,-0.0786295961729875,-0.32268211325635854,0.0,Zhao2025.csv,norms,False,,zh,200,3,cbow,word2vec
familiar_mean,0.0,-0.06749454020987619,-0.27698579069736073,0.0,Zhao2025.csv,norms,False,,zh,200,3,cbow,word2vec
valence_mean,0.0,-0.08757919176172263,-0.3594096885959218,0.0,Zhao2025.csv,norms,False,,zh,200,3,cbow,word2vec
arousal_mean,0.0,-0.09988283158702285,-0.4099016749828096,0.0,Zhao2025.csv,norms,False,,zh,200,3,cbow,word2vec
,0.05589893204033738,0.0031246906032502565,0.02906929313923795,0.1704971939336186,zh.subs.2018.tsv,counts,False,unigram_freq,zh,200,3,cbow,word2vec
,0.0,-0.0015414644323231248,-0.07790329152059061,0.0,zh.wiki.2018.tsv,counts,False,unigram_freq,zh,200,3,cbow,word2vec
aoa_cai_mean,0.3337014873078816,0.11135668263149223,0.20215007039830019,0.4496110212153392,Cai2021.csv,norms,True,,zh,200,3,cbow,word2vec
valence_mean,0.2252355440314102,0.05073105029512531,0.1250518411184734,0.35362669740628094,Chan2024.csv,norms,True,,zh,200,3,cbow,word2vec
arousal_mean,0.21699014621899673,0.04708472355614158,0.11606365992812162,0.34068117049247326,Chan2024.csv,norms,True,,zh,200,3,cbow,word2vec
concrete_mean,0.2469936062456254,0.061005841526219046,0.1503791614298307,0.38778752098260033,Chan2024.csv,norms,True,,zh,200,3,cbow,word2vec
familiar_mean,0.10210360473797506,0.010425146100488643,0.025697944478008328,0.16030578429366898,Chan2024.csv,norms,True,,zh,200,3,cbow,word2vec
imagine_mean,0.26127166618584186,0.06826288355152597,0.16826774171861625,0.4102045120651603,Chan2024.csv,norms,True,,zh,200,3,cbow,word2vec
familiar_mean,0.3272071428505871,0.10706451433244453,0.28869959357015557,0.5373077270709548,Chang2016.csv,norms,True,,zh,200,3,cbow,word2vec
gustatory_mean,0.0,-0.027928680782016962,-0.05491062662227064,0.0,Chen2019.csv,norms,True,,zh,200,3,cbow,word2vec
visual_strength_mean,0.1163522851880572,0.013537854268482993,0.026616798222780125,0.16314655443122336,Chen2019.csv,norms,True,,zh,200,3,cbow,word2vec
auditory_mean,0.1375100279829424,0.0189090077958696,0.03178905658436049,0.17829485854718438,Chen2019.csv,norms,True,,zh,200,3,cbow,word2vec
olfactory_strength_mean,0.24023505834147602,0.05771288325633238,0.09702455735847182,0.31148765201604994,Chen2019.csv,norms,True,,zh,200,3,cbow,word2vec
haptic_strength_mean,0.0836840337542273,0.007003017505378654,0.011773188849622085,0.10850432640969707,Chen2019.csv,norms,True,,zh,200,3,cbow,word2vec
arousal_mean,0.17817650555694728,0.03174686713248487,0.059521628603917576,0.24397054864044057,Cheng2025.csv,norms,True,,zh,200,3,cbow,word2vec
valence_mean,0.2236404279933313,0.05001504103304041,0.09377229836742373,0.30622262876447215,Cheng2025.csv,norms,True,,zh,200,3,cbow,word2vec
familiar_mean,0.0,-0.05659907577218419,-0.1509308687258245,0.0,Li2021.csv,norms,True,,zh,200,3,cbow,word2vec
aoa_mean,0.4479989390760783,0.20070304941329173,0.2848532436251297,0.5337164449641117,Liu2007.csv,norms,True,,zh,200,3,cbow,word2vec
concrete_mean,0.30468013209553085,0.09282998289375013,0.13175146969739476,0.36297585277452654,Liu2007.csv,norms,True,,zh,200,3,cbow,word2vec
familiar_mean,0.2294723529695195,0.052657560777367746,0.07473567059727615,0.27337825553118916,Liu2007.csv,norms,True,,zh,200,3,cbow,word2vec
imagine_mean,0.30442462969215617,0.09267435516320642,0.13153059082199658,0.3626714640304591,Liu2007.csv,norms,True,,zh,200,3,cbow,word2vec
valence_mean_all,0.0,-0.005096502204826497,-0.045493452581611415,0.0,Liu2021.csv,norms,True,,zh,200,3,cbow,word2vec
arousal_mean_all,0.051993493209646184,0.002703323336141524,0.024130964152051182,0.15534144376840064,Liu2021.csv,norms,True,,zh,200,3,cbow,word2vec
dominance_mean_all,0.0,-0.01004246335104594,-0.0896431144149642,0.0,Liu2021.csv,norms,True,,zh,200,3,cbow,word2vec
familiar_mean_all,0.0,-0.010007812108620406,-0.0893338033245683,0.0,Liu2021.csv,norms,True,,zh,200,3,cbow,word2vec
valence_mean_old,0.0,-0.0022116749389913403,-0.019742310494372917,0.0,Liu2021.csv,norms,True,,zh,200,3,cbow,word2vec
arousal_mean_old,0.0,-0.0007395004687180206,-0.006601082106045708,0.0,Liu2021.csv,norms,True,,zh,200,3,cbow,word2vec
dominance_mean_old,0.0,-0.014588297158578576,-0.1302210768008183,0.0,Liu2021.csv,norms,True,,zh,200,3,cbow,word2vec
familiar_mean_old,0.0,-0.008494376335933107,-0.07582425976058038,0.0,Liu2021.csv,norms,True,,zh,200,3,cbow,word2vec
valence_mean_young,0.0,-0.0037034927025444884,-0.03305888291189063,0.0,Liu2021.csv,norms,True,,zh,200,3,cbow,word2vec
arousal_mean_young,0.0,-0.003706065787072711,-0.03308185131144559,0.0,Liu2021.csv,norms,True,,zh,200,3,cbow,word2vec
dominance_mean_young,0.0,-0.00912282913934941,-0.08143408521791551,0.0,Liu2021.csv,norms,True,,zh,200,3,cbow,word2vec
familiar_mean_young,0.0,-0.006791660083616329,-0.060625121612194244,0.0,Liu2021.csv,norms,True,,zh,200,3,cbow,word2vec
concrete_mean,0.36025204901712715,0.1297815388210386,0.1823628180155109,0.4270395977137377,Liu2025.csv,norms,True,,zh,200,3,cbow,word2vec
arousal_mean,0.4293195123614075,0.18431524369423669,0.258990974746,0.5089115588646027,Liu2025.csv,norms,True,,zh,200,3,cbow,word2vec
familiar_mean,0.10868913855633071,0.011813328840117255,0.01659952530227249,0.12883914506962738,Liu2025.csv,norms,True,,zh,200,3,cbow,word2vec
valence_mean,0.4365060373210592,0.1905375206177339,0.2677342210085254,0.5174304020914556,Liu2025.csv,norms,True,,zh,200,3,cbow,word2vec
aoa_mean,0.2488240898416892,0.06191342768554501,0.0774532066582066,0.2783041621287878,Song2021.csv,norms,True,,zh,200,3,cbow,word2vec
concrete_mean,0.41124611634938396,0.16912336821245105,0.2115719913848222,0.4599695548455595,Song2021.csv,norms,True,,zh,200,3,cbow,word2vec
emotional_experience_mean,0.3226056035176311,0.104074375420975,0.1301962176645332,0.36082712988983134,Song2021.csv,norms,True,,zh,200,3,cbow,word2vec
familiar_mean,0.19897201077778578,0.039589861072955305,0.04952660199702047,0.22254573012533957,Song2021.csv,norms,True,,zh,200,3,cbow,word2vec
imagine_mean,0.0,-0.042644057397988856,-0.05334737735998407,0.0,Song2021.csv,norms,True,,zh,200,3,cbow,word2vec
sensory_experience_mean,0.3050363427432595,0.0930471703941833,0.116401271693517,0.3411763058794045,Song2021.csv,norms,True,,zh,200,3,cbow,word2vec
aoa_mean,0.4144003098680563,0.17172761681874107,0.3342882790030298,0.578176684935522,Su2023.csv,norms,True,,zh,200,3,cbow,word2vec
familiar_mean,0.33419152232250854,0.11168397359223571,0.21740616923470796,0.466268344662929,Su2023.csv,norms,True,,zh,200,3,cbow,word2vec
imagine_mean,0.29262282240536436,0.0856281161924814,0.16668533650280187,0.4082711556096045,Su2023.csv,norms,True,,zh,200,3,cbow,word2vec
concrete_mean,0.2840944216322054,0.08070964040253728,0.15711093701134482,0.3963722202820788,Su2023.csv,norms,True,,zh,200,3,cbow,word2vec
aoa_mean,0.27780524666809886,0.07717575507632325,0.10437971946079222,0.3230785035572503,Wang2019.csv,norms,True,,zh,200,3,cbow,word2vec
aoa_mean_chinese_l1,0.4763533865684616,0.2269125488952422,0.2340244015540549,0.48376068624274843,Wang2020_zh.csv,norms,True,,zh,200,3,cbow,word2vec
familiar_mean_chinese_l1,0.28423757421669527,0.08079099859659135,0.08332313567307609,0.28865747118873625,Wang2020_zh.csv,norms,True,,zh,200,3,cbow,word2vec
concrete_mean_chinese_l1,0.6453725905532137,0.416505780637366,0.42955983056919333,0.6554081404508135,Wang2020_zh.csv,norms,True,,zh,200,3,cbow,word2vec
familiar_mean,0.3089649394937839,0.09545933383639754,0.10253039560205662,0.32020367830813035,Weekes2007.csv,norms,True,,zh,200,3,cbow,word2vec
imagine_mean,0.0,-0.0706566370976675,-0.0758904620678651,0.0,Weekes2007.csv,norms,True,,zh,200,3,cbow,word2vec
aoa_mean_subjective,0.4376179586845101,0.19150947776319757,0.20569536500491592,0.45353650900993175,Weekes2007.csv,norms,True,,zh,200,3,cbow,word2vec
aoa_mean,0.22789723239865642,0.05193714853496721,0.10777737296236328,0.32829464351762316,Xu2021.csv,norms,True,,zh,200,3,cbow,word2vec
valence_mean,0.0,-0.034199853830756,-0.04898416564300989,0.0,Yao2017.csv,norms,True,,zh,200,3,cbow,word2vec
arousal_mean,0.0,-0.047883710493195876,-0.06858343950848367,0.0,Yao2017.csv,norms,True,,zh,200,3,cbow,word2vec
concrete_mean,0.0,-0.020199536335299903,-0.028931627563580586,0.0,Yao2017.csv,norms,True,,zh,200,3,cbow,word2vec
familiar_mean,0.18626343802714435,0.03469406834569184,0.0496920249742982,0.2229170809388509,Yao2017.csv,norms,True,,zh,200,3,cbow,word2vec
imagine_mean,0.0,-0.05772561635389976,-0.08267991925688767,0.0,Yao2017.csv,norms,True,,zh,200,3,cbow,word2vec
valence_mean,0.025273041110789065,0.0006387266069876341,0.0015287554855769603,0.0390993028784013,Yee2017.csv,norms,True,,zh,200,3,cbow,word2vec
arousal_mean,0.0,-0.02380174405405436,-0.056968108719539945,0.0,Yee2017.csv,norms,True,,zh,200,3,cbow,word2vec
familiar_mean,0.0,-0.03184804962066413,-0.0762264794199502,0.0,Yee2017.csv,norms,True,,zh,200,3,cbow,word2vec
concrete_mean,0.0,-0.006376427913360876,-0.015261614350011277,0.0,Yee2017.csv,norms,True,,zh,200,3,cbow,word2vec
imagine_mean,0.0,-3.515130526327319e-05,-8.413263226947354e-05,0.0,Yee2017.csv,norms,True,,zh,200,3,cbow,word2vec
valence_mean_chinese,0.38313874330044434,0.14679529661784377,0.17892380422125398,0.4229938583729721,Yi2025.csv,norms,True,,zh,200,3,cbow,word2vec
arousal_mean_chinese,0.2889140529425334,0.08347132998768099,0.10174037076735665,0.3189676641406722,Yi2025.csv,norms,True,,zh,200,3,cbow,word2vec
sensory_mean_chinese,0.2733220348358487,0.07470493472680889,0.09350938053904911,0.3057930354652459,Yi2025.csv,norms,True,,zh,200,3,cbow,word2vec
concrete_mean,0.0,-0.019430910451915494,-0.07974105873982806,0.0,Zhao2025.csv,norms,True,,zh,200,3,cbow,word2vec
imagine_mean,0.0,-0.015684289186706505,-0.06436558021429828,0.0,Zhao2025.csv,norms,True,,zh,200,3,cbow,word2vec
aoa_mean,0.10658982596140451,0.011361390998482504,0.04662516196645006,0.21592860386352258,Zhao2025.csv,norms,True,,zh,200,3,cbow,word2vec
familiar_mean,0.10363457913936902,0.01074012599339414,0.04407559902207103,0.20994189439478494,Zhao2025.csv,norms,True,,zh,200,3,cbow,word2vec
valence_mean,0.10972686667683909,0.012039985270716822,0.04940999419840619,0.22228358958413055,Zhao2025.csv,norms,True,,zh,200,3,cbow,word2vec
arousal_mean,0.0,-0.008841068406492498,-0.036282198761070306,0.0,Zhao2025.csv,norms,True,,zh,200,3,cbow,word2vec
,0.03304934771735882,0.0010922593845428905,0.010161392683273596,0.10080373347884292,zh.subs.2018.tsv,counts,True,unigram_freq,zh,200,3,cbow,word2vec
,0.011519791213261434,0.00013270558959713535,0.006706740691523383,0.08189469269448041,zh.wiki.2018.tsv,counts,True,unigram_freq,zh,200,3,cbow,word2vec
aoa_cai_mean,0.2934115306652093,0.08609032632730107,0.15628308168327965,0.3953265506935749,Cai2021.csv,norms,False,,zh,200,3,sg,fasttext
valence_mean,0.23737287240661722,0.05634588055456818,0.1388923758092861,0.372682674415227,Chan2024.csv,norms,False,,zh,200,3,sg,fasttext
arousal_mean,0.20177104422528358,0.040711554287761346,0.10035382253791875,0.316786714585569,Chan2024.csv,norms,False,,zh,200,3,sg,fasttext
concrete_mean,0.24720288217562753,0.06110926495593718,0.1506340997807184,0.38811609059754065,Chan2024.csv,norms,False,,zh,200,3,sg,fasttext
familiar_mean,0.12566489913088336,0.01579166687357509,0.03892639725339819,0.19729773757800212,Chan2024.csv,norms,False,,zh,200,3,sg,fasttext
imagine_mean,0.2617034456702645,0.06848869347568907,0.16882436230098435,0.41088241907020595,Chan2024.csv,norms,False,,zh,200,3,sg,fasttext
familiar_mean,0.25275792716509693,0.06388656974479644,0.17227021329068787,0.4150544702694911,Chang2016.csv,norms,False,,zh,200,3,sg,fasttext
gustatory_mean,0.0,-0.17365816944573315,-0.34142962128313636,0.0,Chen2019.csv,norms,False,,zh,200,3,sg,fasttext
visual_strength_mean,0.0,-0.07999047937064775,-0.15726941706771425,0.0,Chen2019.csv,norms,False,,zh,200,3,sg,fasttext
auditory_mean,0.0,-0.050337200750054455,-0.0846248592319756,0.0,Chen2019.csv,norms,False,,zh,200,3,sg,fasttext
olfactory_strength_mean,0.0,-0.1501325191160349,-0.2523966988037688,0.0,Chen2019.csv,norms,False,,zh,200,3,sg,fasttext
haptic_strength_mean,0.0,-0.25666400953948715,-0.43149311748667407,0.0,Chen2019.csv,norms,False,,zh,200,3,sg,fasttext
arousal_mean,0.0,-0.011263495977155343,-0.02111772546047397,0.0,Cheng2025.csv,norms,False,,zh,200,3,sg,fasttext
valence_mean,0.0,-0.0014410822036538947,-0.002701859032440801,0.0,Cheng2025.csv,norms,False,,zh,200,3,sg,fasttext
familiar_mean,0.0,-0.32964100832247856,-0.8790426888599427,0.0,Li2021.csv,norms,False,,zh,200,3,sg,fasttext
aoa_mean,0.37992643380741803,0.14434409510562238,0.20486426992099177,0.4526193432907964,Liu2007.csv,norms,False,,zh,200,3,sg,fasttext
concrete_mean,0.0,-0.026579348370797517,-0.037723460699758404,0.0,Liu2007.csv,norms,False,,zh,200,3,sg,fasttext
familiar_mean,0.0,-0.04195576638951054,-0.059546858803425806,0.0,Liu2007.csv,norms,False,,zh,200,3,sg,fasttext
imagine_mean,0.0,-0.029744734528653092,-0.042216020812955835,0.0,Liu2007.csv,norms,False,,zh,200,3,sg,fasttext
valence_mean_all,0.0,-0.016447537832171975,-0.14681741562743988,0.0,Liu2021.csv,norms,False,,zh,200,3,sg,fasttext
arousal_mean_all,0.0,-0.02320129852155804,-0.20710423182447046,0.0,Liu2021.csv,norms,False,,zh,200,3,sg,fasttext
dominance_mean_all,0.0,-0.01588561265261705,-0.14180144281253837,0.0,Liu2021.csv,norms,False,,zh,200,3,sg,fasttext
familiar_mean_all,0.0,-0.02106513348480711,-0.18803595344446866,0.0,Liu2021.csv,norms,False,,zh,200,3,sg,fasttext
valence_mean_old,0.0,-0.014020912901538351,-0.12515637403884017,0.0,Liu2021.csv,norms,False,,zh,200,3,sg,fasttext
arousal_mean_old,0.0,-0.020554191038193056,-0.18347507325001766,0.0,Liu2021.csv,norms,False,,zh,200,3,sg,fasttext
dominance_mean_old,0.0,-0.01638917566847537,-0.14629645120517842,0.0,Liu2021.csv,norms,False,,zh,200,3,sg,fasttext
familiar_mean_old,0.0,-0.01420316129768129,-0.12678319738449706,0.0,Liu2021.csv,norms,False,,zh,200,3,sg,fasttext
valence_mean_young,0.0,-0.01520360080229363,-0.13571352750791976,0.0,Liu2021.csv,norms,False,,zh,200,3,sg,fasttext
arousal_mean_young,0.0,-0.027334801499813342,-0.24400156143989227,0.0,Liu2021.csv,norms,False,,zh,200,3,sg,fasttext
dominance_mean_young,0.0,-0.016623299787682937,-0.14838633836451176,0.0,Liu2021.csv,norms,False,,zh,200,3,sg,fasttext
familiar_mean_young,0.0,-0.02214678008074581,-0.19769117111038037,0.0,Liu2021.csv,norms,False,,zh,200,3,sg,fasttext
concrete_mean,0.0,-0.04915014881392704,-0.06906344095633776,0.0,Liu2025.csv,norms,False,,zh,200,3,sg,fasttext
arousal_mean,0.2725137966955901,0.07426376938944543,0.10435190078142215,0.3230354481808802,Liu2025.csv,norms,False,,zh,200,3,sg,fasttext
familiar_mean,0.0,-0.09320999209818456,-0.13097422777262469,0.0,Liu2025.csv,norms,False,,zh,200,3,sg,fasttext
valence_mean,0.2728764704905936,0.07446156814740379,0.10462983814623483,0.323465358494901,Liu2025.csv,norms,False,,zh,200,3,sg,fasttext
aoa_mean,0.20715236909957577,0.04291210402356688,0.05368270156122801,0.23169527738222895,Song2021.csv,norms,False,,zh,200,3,sg,fasttext
concrete_mean,0.35806782562378897,0.12821256774694814,0.16039290469137063,0.4004908297219434,Song2021.csv,norms,False,,zh,200,3,sg,fasttext
emotional_experience_mean,0.22953687871665354,0.052687178690983716,0.06591124239020879,0.25673184919329506,Song2021.csv,norms,False,,zh,200,3,sg,fasttext
familiar_mean,0.13798619822767294,0.019040190901326654,0.02381912770493344,0.1543344670024601,Song2021.csv,norms,False,,zh,200,3,sg,fasttext
imagine_mean,0.0,-0.09247574297721978,-0.11568642053003386,0.0,Song2021.csv,norms,False,,zh,200,3,sg,fasttext
sensory_experience_mean,0.23805728718005753,0.05667127197952838,0.07089531147439015,0.26626173490456745,Song2021.csv,norms,False,,zh,200,3,sg,fasttext
aoa_mean,0.35965813164705895,0.12935397165985318,0.2518029270389313,0.5017996881614528,Su2023.csv,norms,False,,zh,200,3,sg,fasttext
familiar_mean,0.26297034877031944,0.06915340433238344,0.1346153458000489,0.3668996399562814,Su2023.csv,norms,False,,zh,200,3,sg,fasttext
imagine_mean,0.15254428380221932,0.023269758520732035,0.04529735911331112,0.21283176246347987,Su2023.csv,norms,False,,zh,200,3,sg,fasttext
concrete_mean,0.038039778416453895,0.0014470247419729118,0.0028168061703173763,0.05307359202388111,Su2023.csv,norms,False,,zh,200,3,sg,fasttext
aoa_mean,0.03763412111685585,0.0014163270722381753,0.0019155733859518853,0.04376726386183954,Wang2019.csv,norms,False,,zh,200,3,sg,fasttext
aoa_mean_chinese_l1,0.13240743876818506,0.017531729841150676,0.018081206192685273,0.13446637569550715,Wang2020_zh.csv,norms,False,,zh,200,3,sg,fasttext
familiar_mean_chinese_l1,0.0,-0.09382157403557621,-0.09676211308468341,0.0,Wang2020_zh.csv,norms,False,,zh,200,3,sg,fasttext
concrete_mean_chinese_l1,0.46829767844399606,0.21930271563603632,0.22617606225734205,0.4755797117806247,Wang2020_zh.csv,norms,False,,zh,200,3,sg,fasttext
familiar_mean,0.0,-0.2198794314885357,-0.23616679678398278,0.0,Weekes2007.csv,norms,False,,zh,200,3,sg,fasttext
imagine_mean,0.0,-0.5406171691903527,-0.5806628854266752,0.0,Weekes2007.csv,norms,False,,zh,200,3,sg,fasttext
aoa_mean_subjective,0.0,-0.09717079329097561,-0.10436862983104789,0.0,Weekes2007.csv,norms,False,,zh,200,3,sg,fasttext
aoa_mean,0.2510673405143424,0.06303480947294475,0.13080668388259958,0.3616720667712667,Xu2021.csv,norms,False,,zh,200,3,sg,fasttext
valence_mean,0.0,-0.24570788573744348,-0.3519253571760258,0.0,Yao2017.csv,norms,False,,zh,200,3,sg,fasttext
arousal_mean,0.0,-0.2350647267931202,-0.33668124931306276,0.0,Yao2017.csv,norms,False,,zh,200,3,sg,fasttext
concrete_mean,0.0,-0.2745202305110416,-0.3931930384923772,0.0,Yao2017.csv,norms,False,,zh,200,3,sg,fasttext
familiar_mean,0.0,-0.1881799584005746,-0.269528586250823,0.0,Yao2017.csv,norms,False,,zh,200,3,sg,fasttext
imagine_mean,0.0,-0.3222713460872905,-0.46158656340627546,0.0,Yao2017.csv,norms,False,,zh,200,3,sg,fasttext
valence_mean,0.0,-0.07143284302203981,-0.1709704111675051,0.0,Yee2017.csv,norms,False,,zh,200,3,sg,fasttext
arousal_mean,0.0,-0.09218135253428775,-0.22063077819681987,0.0,Yee2017.csv,norms,False,,zh,200,3,sg,fasttext
familiar_mean,0.0,-0.08673172961649621,-0.20758741842636796,0.0,Yee2017.csv,norms,False,,zh,200,3,sg,fasttext
concrete_mean,0.0,-0.05296797519665161,-0.1267758094870678,0.0,Yee2017.csv,norms,False,,zh,200,3,sg,fasttext
imagine_mean,0.0,-0.04056777067649026,-0.0970966314552062,0.0,Yee2017.csv,norms,False,,zh,200,3,sg,fasttext
valence_mean_chinese,0.38070467671207386,0.14493605087044467,0.17665763269007156,0.4203065936790328,Yi2025.csv,norms,False,,zh,200,3,sg,fasttext
arousal_mean_chinese,0.25785183832023073,0.0664875705251224,0.08103944285594888,0.28467427501611187,Yi2025.csv,norms,False,,zh,200,3,sg,fasttext
sensory_mean_chinese,0.24132807976698517,0.058239242084020364,0.07289900553766393,0.2699981583968008,Yi2025.csv,norms,False,,zh,200,3,sg,fasttext
concrete_mean,0.0,-0.07093860101951609,-0.2911196140199813,0.0,Zhao2025.csv,norms,False,,zh,200,3,sg,fasttext
imagine_mean,0.0,-0.059235350560693366,-0.24309152060699846,0.0,Zhao2025.csv,norms,False,,zh,200,3,sg,fasttext
aoa_mean,0.0,-0.05334286253189876,-0.2189097801172457,0.0,Zhao2025.csv,norms,False,,zh,200,3,sg,fasttext
familiar_mean,0.0,-0.06816656544576243,-0.2797436647528283,0.0,Zhao2025.csv,norms,False,,zh,200,3,sg,fasttext
valence_mean,0.0,-0.0709915462497984,-0.2913368919868776,0.0,Zhao2025.csv,norms,False,,zh,200,3,sg,fasttext
arousal_mean,0.0,-0.059423784269404915,-0.24386481959739392,0.0,Zhao2025.csv,norms,False,,zh,200,3,sg,fasttext
,0.03225777987651448,0.0010405643625616624,0.009680468989180957,0.09838937437132608,zh.subs.2018.tsv,counts,False,unigram_freq,zh,200,3,sg,fasttext
,0.011597060569827728,0.00013449181386025302,0.006797013776372374,0.0824440038836808,zh.wiki.2018.tsv,counts,False,unigram_freq,zh,200,3,sg,fasttext
aoa_cai_mean,0.30768172183011216,0.09466804194834252,0.17185453887537588,0.41455342101516407,Cai2021.csv,norms,True,,zh,200,3,sg,fasttext
valence_mean,0.24670823894366606,0.06086495516268503,0.15003187709319815,0.3873394855849299,Chan2024.csv,norms,True,,zh,200,3,sg,fasttext
arousal_mean,0.22465791552577116,0.050471179008384534,0.12441125941019593,0.3527198029742531,Chan2024.csv,norms,True,,zh,200,3,sg,fasttext
concrete_mean,0.260555309833312,0.06788906948233321,0.16734629149598929,0.4090798106677831,Chan2024.csv,norms,True,,zh,200,3,sg,fasttext
familiar_mean,0.11478138745294318,0.013174766905622663,0.032475749038713586,0.18021029115650855,Chan2024.csv,norms,True,,zh,200,3,sg,fasttext
imagine_mean,0.2691027734410281,0.07241630267365332,0.1785059036556776,0.42249959012486343,Chan2024.csv,norms,True,,zh,200,3,sg,fasttext
familiar_mean,0.3037147844547778,0.09224267029641212,0.24873247303686719,0.4987308623264327,Chang2016.csv,norms,True,,zh,200,3,sg,fasttext
gustatory_mean,0.0,-0.0473345487747395,-0.0930645365740641,0.0,Chen2019.csv,norms,True,,zh,200,3,sg,fasttext
visual_strength_mean,0.19052857294745434,0.03630113710939343,0.07137172719812945,0.26715487492862533,Chen2019.csv,norms,True,,zh,200,3,sg,fasttext
auditory_mean,0.1540635584997764,0.023735580057614024,0.039903294009901835,0.19975808872208864,Chen2019.csv,norms,True,,zh,200,3,sg,fasttext
olfactory_strength_mean,0.16925087618143586,0.02864585908818373,0.04815825585839584,0.21944989373065515,Chen2019.csv,norms,True,,zh,200,3,sg,fasttext
haptic_strength_mean,0.0,-0.05847917118515943,-0.09831280952867383,0.0,Chen2019.csv,norms,True,,zh,200,3,sg,fasttext
arousal_mean,0.14083408100758701,0.01983423837325158,0.03718685579800851,0.19283893745301675,Cheng2025.csv,norms,True,,zh,200,3,sg,fasttext
valence_mean,0.1805624253882187,0.032602789462076044,0.06112638194235315,0.24723750108418655,Cheng2025.csv,norms,True,,zh,200,3,sg,fasttext
familiar_mean,0.0,-0.09674346458490515,-0.25798257222641374,0.0,Li2021.csv,norms,True,,zh,200,3,sg,fasttext
aoa_mean,0.3911945683130004,0.15303319027759474,0.21719650379157424,0.4660434569775379,Liu2007.csv,norms,True,,zh,200,3,sg,fasttext
concrete_mean,0.251702816097438,0.06335430763138068,0.08991731854188728,0.29986216590608306,Liu2007.csv,norms,True,,zh,200,3,sg,fasttext
familiar_mean,0.18730631805740983,0.035083656784223566,0.04979343095399441,0.2231444172593041,Liu2007.csv,norms,True,,zh,200,3,sg,fasttext
imagine_mean,0.2621284673837171,0.06871133341293643,0.0975204226029387,0.31228260054466483,Liu2007.csv,norms,True,,zh,200,3,sg,fasttext
valence_mean_all,0.028906606637195745,0.0008355919072775692,0.007458833388772068,0.08636453779632047,Liu2021.csv,norms,True,,zh,200,3,sg,fasttext
arousal_mean_all,0.0,-0.007729345471116903,-0.06899528294996993,0.0,Liu2021.csv,norms,True,,zh,200,3,sg,fasttext
dominance_mean_all,0.0,-0.0031288688124123886,-0.02792955623893656,0.0,Liu2021.csv,norms,True,,zh,200,3,sg,fasttext
familiar_mean_all,0.0,-0.008526242951441023,-0.07610871413797138,0.0,Liu2021.csv,norms,True,,zh,200,3,sg,fasttext
valence_mean_old,0.0,-0.002076183953391077,-0.018532862822045026,0.0,Liu2021.csv,norms,True,,zh,200,3,sg,fasttext
arousal_mean_old,0.0,-0.0066870625521655075,-0.05969144148296657,0.0,Liu2021.csv,norms,True,,zh,200,3,sg,fasttext
dominance_mean_old,0.0,-0.00439552223939522,-0.03923622016291317,0.0,Liu2021.csv,norms,True,,zh,200,3,sg,fasttext
familiar_mean_old,0.0,-0.004691269510682294,-0.04187618065379606,0.0,Liu2021.csv,norms,True,,zh,200,3,sg,fasttext
valence_mean_young,0.0,-0.0005274311696193797,-0.004708065245693338,0.0,Liu2021.csv,norms,True,,zh,200,3,sg,fasttext
arousal_mean_young,0.0,-0.011079436025519696,-0.09889955447888144,0.0,Liu2021.csv,norms,True,,zh,200,3,sg,fasttext
dominance_mean_young,0.0,-0.006230944823789446,-0.0556199490331335,0.0,Liu2021.csv,norms,True,,zh,200,3,sg,fasttext
familiar_mean_young,0.0,-0.01055468919350619,-0.09421545072298598,0.0,Liu2021.csv,norms,True,,zh,200,3,sg,fasttext
concrete_mean,0.395212554875931,0.15619296353156076,0.2194748902082821,0.4684814726414291,Liu2025.csv,norms,True,,zh,200,3,sg,fasttext
arousal_mean,0.4289765099050465,0.18402084605031446,0.2585773012416597,0.5085049667817019,Liu2025.csv,norms,True,,zh,200,3,sg,fasttext
familiar_mean,0.2342185043493357,0.054858307779639785,0.07708427322666012,0.2776405467986622,Liu2025.csv,norms,True,,zh,200,3,sg,fasttext
valence_mean,0.4975663852859161,0.24757230776649275,0.3478767790629875,0.5898107993780611,Liu2025.csv,norms,True,,zh,200,3,sg,fasttext
aoa_mean,0.29384304188466775,0.08634373326403462,0.10801532504558298,0.3286568499903554,Song2021.csv,norms,True,,zh,200,3,sg,fasttext
concrete_mean,0.42723492528106705,0.18252968137991893,0.22834318275801363,0.47785267892731714,Song2021.csv,norms,True,,zh,200,3,sg,fasttext
emotional_experience_mean,0.3131671612775491,0.09807367090263847,0.12268938393673323,0.350270443995398,Song2021.csv,norms,True,,zh,200,3,sg,fasttext
familiar_mean,0.19843514108886007,0.0393765052189558,0.04925969551696752,0.2219452534229275,Song2021.csv,norms,True,,zh,200,3,sg,fasttext
imagine_mean,0.0,-0.04778172438533713,-0.05977455798602194,0.0,Song2021.csv,norms,True,,zh,200,3,sg,fasttext
sensory_experience_mean,0.332222986144628,0.11037211252285367,0.13807463679694293,0.3715839565925081,Song2021.csv,norms,True,,zh,200,3,sg,fasttext
aoa_mean,0.3734376365356583,0.13945566838133844,0.27146708400210723,0.5210250320302349,Su2023.csv,norms,True,,zh,200,3,sg,fasttext
familiar_mean,0.3150892698280365,0.09928124796076519,0.1932627851762938,0.4396166343261977,Su2023.csv,norms,True,,zh,200,3,sg,fasttext
imagine_mean,0.2650861010658715,0.07027064097830545,0.13679018012502875,0.36985156498929234,Su2023.csv,norms,True,,zh,200,3,sg,fasttext
concrete_mean,0.2557147841238535,0.065390050819509,0.12728952953121503,0.3567765820947544,Su2023.csv,norms,True,,zh,200,3,sg,fasttext
aoa_mean,0.18128969952905621,0.03286595515533548,0.04445099598354757,0.2108340484446181,Wang2019.csv,norms,True,,zh,200,3,sg,fasttext
aoa_mean_chinese_l1,0.45534494287669325,0.20733901700337906,0.21383739951474845,0.4624255610525314,Wang2020_zh.csv,norms,True,,zh,200,3,sg,fasttext
familiar_mean_chinese_l1,0.2787623617584264,0.07770845433313578,0.08014397885679919,0.28309711912486707,Wang2020_zh.csv,norms,True,,zh,200,3,sg,fasttext
concrete_mean_chinese_l1,0.6806864931979505,0.4633341020221235,0.47785583685533406,0.691271174616253,Wang2020_zh.csv,norms,True,,zh,200,3,sg,fasttext
familiar_mean,0.39336313750575325,0.15473455794837013,0.16619637705565682,0.4076718987809398,Weekes2007.csv,norms,True,,zh,200,3,sg,fasttext
imagine_mean,0.0,-0.08072585393551887,-0.08670554681963138,0.0,Weekes2007.csv,norms,True,,zh,200,3,sg,fasttext
aoa_mean_subjective,0.41175287740760835,0.16954043205344496,0.18209898257592239,0.4267305737534193,Weekes2007.csv,norms,True,,zh,200,3,sg,fasttext
aoa_mean,0.24990809278583356,0.0624540548398528,0.12960153091490767,0.3600021262644259,Xu2021.csv,norms,True,,zh,200,3,sg,fasttext
valence_mean,0.0,-0.04873147480310495,-0.06979768526486385,0.0,Yao2017.csv,norms,True,,zh,200,3,sg,fasttext
arousal_mean,0.0,-0.0269017557066712,-0.0385311605173676,0.0,Yao2017.csv,norms,True,,zh,200,3,sg,fasttext
concrete_mean,0.0,-0.04896505001172678,-0.07013223308971284,0.0,Yao2017.csv,norms,True,,zh,200,3,sg,fasttext
familiar_mean,0.10078148574133168,0.010156907868230241,0.01454765449876727,0.12061365801088728,Yao2017.csv,norms,True,,zh,200,3,sg,fasttext
imagine_mean,0.0,-0.05983399507385488,-0.08569973252765672,0.0,Yao2017.csv,norms,True,,zh,200,3,sg,fasttext
valence_mean,0.1738979886886841,0.030240510469969704,0.07237892669861601,0.2690333189376662,Yee2017.csv,norms,True,,zh,200,3,sg,fasttext
arousal_mean,0.0,-0.03304541766773751,-0.07909231113917503,0.0,Yee2017.csv,norms,True,,zh,200,3,sg,fasttext
familiar_mean,0.0,-0.04807553046048499,-0.11506602372509522,0.0,Yee2017.csv,norms,True,,zh,200,3,sg,fasttext
concrete_mean,0.19031968290421802,0.0362215817007621,0.08669427751329944,0.29443891983448695,Yee2017.csv,norms,True,,zh,200,3,sg,fasttext
imagine_mean,0.1499170629977867,0.02247512577788235,0.053792923992964314,0.23193301617700812,Yee2017.csv,norms,True,,zh,200,3,sg,fasttext
valence_mean_chinese,0.4316062444462673,0.18628395024501104,0.22705518372275052,0.476503078397979,Yi2025.csv,norms,True,,zh,200,3,sg,fasttext
arousal_mean_chinese,0.31160801741765887,0.097099556518964,0.11835135348919529,0.3440223153942129,Yi2025.csv,norms,True,,zh,200,3,sg,fasttext
sensory_mean_chinese,0.27909990739074647,0.07789675830552326,0.0975046379705291,0.3122573265281843,Yi2025.csv,norms,True,,zh,200,3,sg,fasttext
concrete_mean,0.0933313980077477,0.008710749854080612,0.03574739420991552,0.1890698130583397,Zhao2025.csv,norms,True,,zh,200,3,sg,fasttext
imagine_mean,0.06761565275693462,0.004571876497746361,0.018762181692937252,0.13697511340728014,Zhao2025.csv,norms,True,,zh,200,3,sg,fasttext
aoa_mean,0.12424284168202142,0.015436283709223838,0.06334780910178744,0.25168990663470686,Zhao2025.csv,norms,True,,zh,200,3,sg,fasttext
familiar_mean,0.09742895254413877,0.009492400793848044,0.038955152984589514,0.19737059807526935,Zhao2025.csv,norms,True,,zh,200,3,sg,fasttext
valence_mean,0.0,-0.003520808465199022,-0.01444878228068014,0.0,Zhao2025.csv,norms,True,,zh,200,3,sg,fasttext
arousal_mean,0.0958581669287254,0.009188788166935384,0.03770917985447253,0.19418851627857023,Zhao2025.csv,norms,True,,zh,200,3,sg,fasttext
,0.026855200755142472,0.0007212018075990048,0.0067094088406181585,0.08191098119677336,zh.subs.2018.tsv,counts,True,unigram_freq,zh,200,3,sg,fasttext
,0.0086901129071242,7.551806233856662e-05,0.0038165691676486646,0.06177838754490655,zh.wiki.2018.tsv,counts,True,unigram_freq,zh,200,3,sg,fasttext
aoa_cai_mean,0.3074060884690471,0.0944985032278396,0.17154676871309188,0.41418204779190015,Cai2021.csv,norms,False,,zh,200,3,sg,word2vec
valence_mean,0.22464077386053993,0.050463477280662236,0.12439227468139841,0.3526928900352237,Chan2024.csv,norms,False,,zh,200,3,sg,word2vec
arousal_mean,0.20883240114381144,0.04361097176748977,0.10750087531726882,0.3278732610587036,Chan2024.csv,norms,False,,zh,200,3,sg,word2vec
concrete_mean,0.24241295385141678,0.05876404019496913,0.1448531298916746,0.38059575653398264,Chan2024.csv,norms,False,,zh,200,3,sg,word2vec
familiar_mean,0.10864499957258071,0.011803735932126063,0.029096163036279155,0.17057597438173747,Chan2024.csv,norms,False,,zh,200,3,sg,word2vec
imagine_mean,0.2612602308313348,0.06825690821404234,0.16825301253502384,0.4101865582086081,Chan2024.csv,norms,False,,zh,200,3,sg,word2vec
familiar_mean,0.2506917315286808,0.06284634425684818,0.16946524399283552,0.4116615648719656,Chang2016.csv,norms,False,,zh,200,3,sg,word2vec
gustatory_mean,0.0,-0.12435892883571797,-0.2445023007617506,0.0,Chen2019.csv,norms,False,,zh,200,3,sg,word2vec
visual_strength_mean,0.0,-0.10302986990812935,-0.20256720185327126,0.0,Chen2019.csv,norms,False,,zh,200,3,sg,word2vec
auditory_mean,0.0,-0.14502686806048679,-0.24381328543502123,0.0,Chen2019.csv,norms,False,,zh,200,3,sg,word2vec
olfactory_strength_mean,0.10682853134387017,0.011412335109088251,0.019185954676148365,0.1385133736364412,Chen2019.csv,norms,False,,zh,200,3,sg,word2vec
haptic_strength_mean,0.0,-0.2212648789292676,-0.3719815355912325,0.0,Chen2019.csv,norms,False,,zh,200,3,sg,word2vec
arousal_mean,0.0,-0.015699307758504578,-0.029434348965543755,0.0,Cheng2025.csv,norms,False,,zh,200,3,sg,word2vec
valence_mean,0.0,-0.013372104916512619,-0.025071118330250997,0.0,Cheng2025.csv,norms,False,,zh,200,3,sg,word2vec
familiar_mean,0.0,-0.3429840682892605,-0.9146241821046946,0.0,Li2021.csv,norms,False,,zh,200,3,sg,word2vec
aoa_mean,0.3810811542877784,0.14522284615330555,0.20611146116698065,0.4539950012577018,Liu2007.csv,norms,False,,zh,200,3,sg,word2vec
concrete_mean,0.0,-0.0289196247316962,-0.04104496136619051,0.0,Liu2007.csv,norms,False,,zh,200,3,sg,word2vec
familiar_mean,0.0,-0.024083262375853415,-0.0341808229864522,0.0,Liu2007.csv,norms,False,,zh,200,3,sg,word2vec
imagine_mean,0.0,-0.03242311602197764,-0.04601738635408392,0.0,Liu2007.csv,norms,False,,zh,200,3,sg,word2vec
valence_mean_all,0.0,-0.005151952578572093,-0.04598842518188595,0.0,Liu2021.csv,norms,False,,zh,200,3,sg,word2vec
arousal_mean_all,0.0,-0.008940026443795017,-0.07980231397015292,0.0,Liu2021.csv,norms,False,,zh,200,3,sg,word2vec
dominance_mean_all,0.0,-0.009055143435115015,-0.08082989507881888,0.0,Liu2021.csv,norms,False,,zh,200,3,sg,word2vec
familiar_mean_all,0.0,-0.010822850783222388,-0.09660917019482496,0.0,Liu2021.csv,norms,False,,zh,200,3,sg,word2vec
valence_mean_old,0.0,-0.008354333960149047,-0.07457418452739106,0.0,Liu2021.csv,norms,False,,zh,200,3,sg,word2vec
arousal_mean_old,0.0,-0.011891581916030222,-0.10614909918118753,0.0,Liu2021.csv,norms,False,,zh,200,3,sg,word2vec
dominance_mean_old,0.0,-0.007788996659596326,-0.06952775373198106,0.0,Liu2021.csv,norms,False,,zh,200,3,sg,word2vec
familiar_mean_old,0.0,-0.013087806088745648,-0.11682708292204991,0.0,Liu2021.csv,norms,False,,zh,200,3,sg,word2vec
valence_mean_young,0.0,-0.009377537692579938,-0.08370771741168759,0.0,Liu2021.csv,norms,False,,zh,200,3,sg,word2vec
arousal_mean_young,0.0,-0.011328427825603908,-0.10112215660777168,0.0,Liu2021.csv,norms,False,,zh,200,3,sg,word2vec
dominance_mean_young,0.0,-0.01183449891872872,-0.10563955311869533,0.0,Liu2021.csv,norms,False,,zh,200,3,sg,word2vec
familiar_mean_young,0.0,-0.010081492983767445,-0.08999150879882456,0.0,Liu2021.csv,norms,False,,zh,200,3,sg,word2vec
concrete_mean,0.18278722731793837,0.03341117047057967,0.04694778052072085,0.2166743651674578,Liu2025.csv,norms,False,,zh,200,3,sg,word2vec
arousal_mean,0.2523859432682867,0.06369866435942284,0.08950631994298291,0.2991760684663513,Liu2025.csv,norms,False,,zh,200,3,sg,word2vec
familiar_mean,0.0,-0.0752157618377068,-0.1056895950881126,0.0,Liu2025.csv,norms,False,,zh,200,3,sg,word2vec
valence_mean,0.19708788892907267,0.03884363596251848,0.05458122149300021,0.23362624315988179,Liu2025.csv,norms,False,,zh,200,3,sg,word2vec
aoa_mean,0.1489413556502063,0.022183527422921245,0.027751416746333024,0.16658756480101697,Song2021.csv,norms,False,,zh,200,3,sg,word2vec
concrete_mean,0.38403424188762,0.14748229894219902,0.1844991854822549,0.4295336837574615,Song2021.csv,norms,False,,zh,200,3,sg,word2vec
emotional_experience_mean,0.183214622129614,0.03356759776209725,0.041992798390877606,0.20492144443878393,Song2021.csv,norms,False,,zh,200,3,sg,word2vec
familiar_mean,0.06720184771223806,0.004516088335938835,0.005649590666288562,0.07516375899520035,Song2021.csv,norms,False,,zh,200,3,sg,word2vec
imagine_mean,0.0,-0.0936267905897344,-0.11712637195799114,0.0,Song2021.csv,norms,False,,zh,200,3,sg,word2vec
sensory_experience_mean,0.23682644930219612,0.056086767089085665,0.07016410049537403,0.26488507035198117,Song2021.csv,norms,False,,zh,200,3,sg,word2vec
aoa_mean,0.38528173774155455,0.14844201743715202,0.28896008376555926,0.5375500755888323,Su2023.csv,norms,False,,zh,200,3,sg,word2vec
familiar_mean,0.2729237630914259,0.07448738045998478,0.1449985662334935,0.3807867726608863,Su2023.csv,norms,False,,zh,200,3,sg,word2vec
imagine_mean,0.09868691016243301,0.009739106237408125,0.018958331358940372,0.13768925651241049,Su2023.csv,norms,False,,zh,200,3,sg,word2vec
concrete_mean,0.08598934427944828,0.007394167329609484,0.014393628218136612,0.11997344797135995,Su2023.csv,norms,False,,zh,200,3,sg,word2vec
aoa_mean,0.0,-0.001362091221711613,-0.0018422197419599162,0.0,Wang2019.csv,norms,False,,zh,200,3,sg,word2vec
aoa_mean_chinese_l1,0.0,-0.023294205825237176,-0.024024288671865568,0.0,Wang2020_zh.csv,norms,False,,zh,200,3,sg,word2vec
familiar_mean_chinese_l1,0.0,-0.1308582928157965,-0.13495963010287337,0.0,Wang2020_zh.csv,norms,False,,zh,200,3,sg,word2vec
concrete_mean_chinese_l1,0.48658732765290535,0.2367672274323959,0.24418794366925844,0.49415376520801546,Wang2020_zh.csv,norms,False,,zh,200,3,sg,word2vec
familiar_mean,0.0,-0.1182127417691471,-0.1269692411594543,0.0,Weekes2007.csv,norms,False,,zh,200,3,sg,word2vec
imagine_mean,0.0,-0.5329104677310353,-0.5723853171925936,0.0,Weekes2007.csv,norms,False,,zh,200,3,sg,word2vec
aoa_mean_subjective,0.0,-0.033016228348689704,-0.03546187489303709,0.0,Weekes2007.csv,norms,False,,zh,200,3,sg,word2vec
aoa_mean,0.2524362021319146,0.06372403614678485,0.13223693260393748,0.3636439640691668,Xu2021.csv,norms,False,,zh,200,3,sg,word2vec
valence_mean,0.0,-0.20362544823360096,-0.29165103262625136,0.0,Yao2017.csv,norms,False,,zh,200,3,sg,word2vec
arousal_mean,0.0,-0.23190558582870063,-0.33215643803589934,0.0,Yao2017.csv,norms,False,,zh,200,3,sg,word2vec
concrete_mean,0.0,-0.26982252013972763,-0.38646454707513067,0.0,Yao2017.csv,norms,False,,zh,200,3,sg,word2vec
familiar_mean,0.0,-0.10217651438806527,-0.14634657008707264,0.0,Yao2017.csv,norms,False,,zh,200,3,sg,word2vec
imagine_mean,0.0,-0.2549973822291203,-0.36523062558858366,0.0,Yao2017.csv,norms,False,,zh,200,3,sg,word2vec
valence_mean,0.0,-0.024012545800694667,-0.05747265060494133,0.0,Yee2017.csv,norms,False,,zh,200,3,sg,word2vec
arousal_mean,0.0,-0.05906411041681428,-0.1413665593582768,0.0,Yee2017.csv,norms,False,,zh,200,3,sg,word2vec
familiar_mean,0.0,-0.11573886097136886,-0.2770143229806533,0.0,Yee2017.csv,norms,False,,zh,200,3,sg,word2vec
concrete_mean,0.0838584582126628,0.007032241013804913,0.01683126537730356,0.12973536671742042,Yee2017.csv,norms,False,,zh,200,3,sg,word2vec
imagine_mean,0.0,-0.01468373157136951,-0.0351446690068844,0.0,Yee2017.csv,norms,False,,zh,200,3,sg,word2vec
valence_mean_chinese,0.3579018179857171,0.12809371131748137,0.15612907670610565,0.3951317207034961,Yi2025.csv,norms,False,,zh,200,3,sg,word2vec
arousal_mean_chinese,0.2446633947223506,0.05986017671706474,0.07296153750386475,0.27011393430155495,Yi2025.csv,norms,False,,zh,200,3,sg,word2vec
sensory_mean_chinese,0.22810740278520014,0.05203298720540953,0.06513053547221742,0.25520684840383384,Yi2025.csv,norms,False,,zh,200,3,sg,word2vec
concrete_mean,0.0,-0.05404954425902855,-0.22180987835262533,0.0,Zhao2025.csv,norms,False,,zh,200,3,sg,word2vec
imagine_mean,0.0,-0.08596087122783247,-0.352768384109848,0.0,Zhao2025.csv,norms,False,,zh,200,3,sg,word2vec
aoa_mean,0.0,-0.08831188267414959,-0.3624165239797068,0.0,Zhao2025.csv,norms,False,,zh,200,3,sg,word2vec
familiar_mean,0.0,-0.048667587425825165,-0.19972326861636447,0.0,Zhao2025.csv,norms,False,,zh,200,3,sg,word2vec
valence_mean,0.0,-0.15007904322956225,-0.6158981500841598,0.0,Zhao2025.csv,norms,False,,zh,200,3,sg,word2vec
arousal_mean,0.0,-0.030172450430009875,-0.12382246050785473,0.0,Zhao2025.csv,norms,False,,zh,200,3,sg,word2vec
,0.041779808711797116,0.0017455524159943581,0.016239039736498706,0.12743249089811715,zh.subs.2018.tsv,counts,False,unigram_freq,zh,200,3,sg,word2vec
,0.0,-0.0007496014089710502,-0.03788372658025496,0.0,zh.wiki.2018.tsv,counts,False,unigram_freq,zh,200,3,sg,word2vec
aoa_cai_mean,0.32030494579616614,0.10259525830148492,0.1862451197186768,0.4315612583616337,Cai2021.csv,norms,True,,zh,200,3,sg,word2vec
valence_mean,0.2459757903131464,0.06050408942017697,0.14914234444534846,0.38618951881860863,Chan2024.csv,norms,True,,zh,200,3,sg,word2vec
arousal_mean,0.233159712917339,0.054363451727695945,0.13400569648282773,0.3660678850743776,Chan2024.csv,norms,True,,zh,200,3,sg,word2vec
concrete_mean,0.26357682072395416,0.06947274042294747,0.1712500341880397,0.41382367523866936,Chan2024.csv,norms,True,,zh,200,3,sg,word2vec
familiar_mean,0.10127275652505954,0.010256171214183991,0.025281422042295776,0.1590013271714918,Chan2024.csv,norms,True,,zh,200,3,sg,word2vec
imagine_mean,0.27594158123660295,0.07614375625535674,0.18769406219692608,0.4332367276639021,Chan2024.csv,norms,True,,zh,200,3,sg,word2vec
familiar_mean,0.3060646209395189,0.09367555219085141,0.2525962408140615,0.5025895351219138,Chang2016.csv,norms,True,,zh,200,3,sg,word2vec
gustatory_mean,0.1058095467709411,0.011195660187871971,0.022011806471070317,0.1483637640095125,Chen2019.csv,norms,True,,zh,200,3,sg,word2vec
visual_strength_mean,0.18966121796828336,0.035971377601212697,0.0707233864701809,0.2659386893067289,Chen2019.csv,norms,True,,zh,200,3,sg,word2vec
auditory_mean,0.017179529621264407,0.0002951362380079012,0.0004961710667958918,0.02227489768317448,Chen2019.csv,norms,True,,zh,200,3,sg,word2vec
olfactory_strength_mean,0.34881794006238603,0.12167395530936635,0.20455331617226807,0.4522757081385956,Chen2019.csv,norms,True,,zh,200,3,sg,word2vec
haptic_strength_mean,0.0,-0.01879515726638084,-0.03159765569420547,0.0,Chen2019.csv,norms,True,,zh,200,3,sg,word2vec
arousal_mean,0.2124723176615083,0.04514448577245289,0.08464058215411258,0.29093054524080586,Cheng2025.csv,norms,True,,zh,200,3,sg,word2vec
valence_mean,0.22559083737371405,0.050891225906973495,0.09541504158479308,0.30889325273432744,Cheng2025.csv,norms,True,,zh,200,3,sg,word2vec
familiar_mean,0.0,-0.06070945778756272,-0.16189188743350058,0.0,Li2021.csv,norms,True,,zh,200,3,sg,word2vec
aoa_mean,0.4382051532314635,0.19202375631861038,0.2725349216184615,0.5220487732180409,Liu2007.csv,norms,True,,zh,200,3,sg,word2vec
concrete_mean,0.33384370700596894,0.11145162070748725,0.15818073396797588,0.39771941613149325,Liu2007.csv,norms,True,,zh,200,3,sg,word2vec
familiar_mean,0.25932897710386454,0.0672515183657367,0.095448540523901,0.3089474721112005,Liu2007.csv,norms,True,,zh,200,3,sg,word2vec
imagine_mean,0.3101940760728923,0.0962203648307153,0.13656336116937667,0.3695448026550728,Liu2007.csv,norms,True,,zh,200,3,sg,word2vec
valence_mean_all,0.0,-0.003363807348200418,-0.03002671321207473,0.0,Liu2021.csv,norms,True,,zh,200,3,sg,word2vec
arousal_mean_all,0.0,-0.008739508808791978,-0.07801241196419506,0.0,Liu2021.csv,norms,True,,zh,200,3,sg,word2vec
dominance_mean_all,0.0,-0.007763791483654685,-0.06930276207487429,0.0,Liu2021.csv,norms,True,,zh,200,3,sg,word2vec
familiar_mean_all,0.0,-0.012641298352967543,-0.11284137317670595,0.0,Liu2021.csv,norms,True,,zh,200,3,sg,word2vec
valence_mean_old,0.016383108727677134,0.0002684062515828907,0.0023959034232204357,0.048947966487081315,Liu2021.csv,norms,True,,zh,200,3,sg,word2vec
arousal_mean_old,0.0,-0.008707810249104903,-0.07772945772144724,0.0,Liu2021.csv,norms,True,,zh,200,3,sg,word2vec
dominance_mean_old,0.0,-0.008517297979242366,-0.07602886767618078,0.0,Liu2021.csv,norms,True,,zh,200,3,sg,word2vec
familiar_mean_old,0.0,-0.012536168904205296,-0.11190294493710529,0.0,Liu2021.csv,norms,True,,zh,200,3,sg,word2vec
valence_mean_young,0.0,-0.0005819033569061342,-0.005194306155586359,0.0,Liu2021.csv,norms,True,,zh,200,3,sg,word2vec
arousal_mean_young,0.0,-0.009140528470686653,-0.08159207665175705,0.0,Liu2021.csv,norms,True,,zh,200,3,sg,word2vec
dominance_mean_young,0.0,-0.008609522405413515,-0.07685210043273882,0.0,Liu2021.csv,norms,True,,zh,200,3,sg,word2vec
familiar_mean_young,0.0,-0.011831395499627367,-0.10561185073693347,0.0,Liu2021.csv,norms,True,,zh,200,3,sg,word2vec
concrete_mean,0.39595446546922775,0.15677993872502188,0.2202996797072907,0.46936092690731157,Liu2025.csv,norms,True,,zh,200,3,sg,word2vec
arousal_mean,0.4359068000105451,0.1900147382954334,0.266999632265246,0.5167200714751131,Liu2025.csv,norms,True,,zh,200,3,sg,word2vec
familiar_mean,0.20245985896130478,0.04098999449063142,0.05759718195404884,0.2399941289991254,Liu2025.csv,norms,True,,zh,200,3,sg,word2vec
valence_mean,0.4802947101863972,0.23068300863303526,0.3241447428098856,0.5693371082319205,Liu2025.csv,norms,True,,zh,200,3,sg,word2vec
aoa_mean,0.23090296788097545,0.05331618057624278,0.06669811875658943,0.25825978927542986,Song2021.csv,norms,True,,zh,200,3,sg,word2vec
concrete_mean,0.41935097123957665,0.17585523707957626,0.2199935059100651,0.469034653208124,Song2021.csv,norms,True,,zh,200,3,sg,word2vec
emotional_experience_mean,0.31920308707630435,0.10189061079904273,0.12746434545396118,0.3570214915855363,Song2021.csv,norms,True,,zh,200,3,sg,word2vec
familiar_mean,0.1639323508747534,0.026873815663323263,0.0336189301105661,0.18335465663725617,Song2021.csv,norms,True,,zh,200,3,sg,word2vec
imagine_mean,0.0,-0.0397575559514819,-0.04973638695914551,0.0,Song2021.csv,norms,True,,zh,200,3,sg,word2vec
sensory_experience_mean,0.3042757608260136,0.09258373862624944,0.11582152222986164,0.3403256120685918,Song2021.csv,norms,True,,zh,200,3,sg,word2vec
aoa_mean,0.41191340117382874,0.16967265006659157,0.3302880412328313,0.574706917683119,Su2023.csv,norms,True,,zh,200,3,sg,word2vec
familiar_mean,0.34758747879842666,0.1208170554174467,0.23518480182684465,0.4849585568137185,Su2023.csv,norms,True,,zh,200,3,sg,word2vec
imagine_mean,0.28502178827058233,0.08123741978896068,0.15813832250733628,0.3976660942390441,Su2023.csv,norms,True,,zh,200,3,sg,word2vec
concrete_mean,0.28716532156125213,0.08246392190737735,0.16052585510083778,0.4006567796766177,Su2023.csv,norms,True,,zh,200,3,sg,word2vec
aoa_mean,0.2753250221873607,0.07580386784247066,0.10252425067451654,0.32019408282246026,Wang2019.csv,norms,True,,zh,200,3,sg,word2vec
aoa_mean_chinese_l1,0.48515440095278867,0.23537479276385923,0.2427518675615512,0.49269855648413585,Wang2020_zh.csv,norms,True,,zh,200,3,sg,word2vec
familiar_mean_chinese_l1,0.27467078144978657,0.07544403818223641,0.07780859177854549,0.2789419147036628,Wang2020_zh.csv,norms,True,,zh,200,3,sg,word2vec
concrete_mean_chinese_l1,0.6612817619568861,0.4372935686968038,0.4509991457764294,0.6715646996205424,Wang2020_zh.csv,norms,True,,zh,200,3,sg,word2vec
familiar_mean,0.3705459496980559,0.13730430083763417,0.14747498978857004,0.38402472549117206,Weekes2007.csv,norms,True,,zh,200,3,sg,word2vec
imagine_mean,0.0,-0.09532624593609257,-0.10238744933876609,0.0,Weekes2007.csv,norms,True,,zh,200,3,sg,word2vec
aoa_mean_subjective,0.43428310035908074,0.1886018112574954,0.20257231579508767,0.4500803437110842,Weekes2007.csv,norms,True,,zh,200,3,sg,word2vec
aoa_mean,0.23212466590386985,0.05388186052098319,0.11181294200944158,0.33438442249818034,Xu2021.csv,norms,True,,zh,200,3,sg,word2vec
valence_mean,0.0,-0.030527752974198383,-0.04372464618700289,0.0,Yao2017.csv,norms,True,,zh,200,3,sg,word2vec
arousal_mean,0.0,-0.02436313670553181,-0.034895117677194,0.0,Yao2017.csv,norms,True,,zh,200,3,sg,word2vec
concrete_mean,0.0,-0.04383124927474453,-0.06277913307580596,0.0,Yao2017.csv,norms,True,,zh,200,3,sg,word2vec
familiar_mean,0.23927569707220597,0.05725285920939008,0.08200279313844933,0.28636129825527984,Yao2017.csv,norms,True,,zh,200,3,sg,word2vec
imagine_mean,0.0,-0.06002941432572747,-0.08597962989362007,0.0,Yao2017.csv,norms,True,,zh,200,3,sg,word2vec
valence_mean,0.13989332426774992,0.01957014217468183,0.04684001241809094,0.21642553550376384,Yee2017.csv,norms,True,,zh,200,3,sg,word2vec
arousal_mean,0.0,-0.005661881900504541,-0.01355138946678136,0.0,Yee2017.csv,norms,True,,zh,200,3,sg,word2vec
familiar_mean,0.0,-0.03976764816482005,-0.09518158413219224,0.0,Yee2017.csv,norms,True,,zh,200,3,sg,word2vec
concrete_mean,0.07453380901059807,0.0055552886856283104,0.013296264722979234,0.11530943032978366,Yee2017.csv,norms,True,,zh,200,3,sg,word2vec
imagine_mean,0.0972559126386391,0.0094587125431746,0.022638885759073635,0.15046224030989847,Yee2017.csv,norms,True,,zh,200,3,sg,word2vec
valence_mean_chinese,0.41070954107513913,0.16868232713015138,0.20560116277834495,0.45343264414722606,Yi2025.csv,norms,True,,zh,200,3,sg,word2vec
arousal_mean_chinese,0.3124843632634581,0.09764647728416884,0.11901797664520009,0.3449898210747675,Yi2025.csv,norms,True,,zh,200,3,sg,word2vec
sensory_mean_chinese,0.28840110725061247,0.08317519866337926,0.10411174752601476,0.3226635206000436,Yi2025.csv,norms,True,,zh,200,3,sg,word2vec
concrete_mean,0.038368144299973296,0.0014721144970235734,0.006041300476856304,0.07772580315993077,Zhao2025.csv,norms,True,,zh,200,3,sg,word2vec
imagine_mean,0.08748611554193725,0.007653820412617193,0.031409940600412634,0.1772284982738742,Zhao2025.csv,norms,True,,zh,200,3,sg,word2vec
aoa_mean,0.1320757539198992,0.01744400477350977,0.07158714527270948,0.26755774194126675,Zhao2025.csv,norms,True,,zh,200,3,sg,word2vec
familiar_mean,0.13933075539123183,0.019413059397891275,0.07966780113560845,0.2822548513942824,Zhao2025.csv,norms,True,,zh,200,3,sg,word2vec
valence_mean,0.0,-0.008877244164146965,-0.03643065774466869,0.0,Zhao2025.csv,norms,True,,zh,200,3,sg,word2vec
arousal_mean,0.11038143397583157,0.012184060966560863,0.05000125566058583,0.22360960547477793,Zhao2025.csv,norms,True,,zh,200,3,sg,word2vec
,0.025840318130641627,0.0006677220410927664,0.006211881498880467,0.07881549022165926,zh.subs.2018.tsv,counts,True,unigram_freq,zh,200,3,sg,word2vec
,0.009135379244138498,8.345515393423647e-05,0.00421769782649889,0.06494380514336136,zh.wiki.2018.tsv,counts,True,unigram_freq,zh,200,3,sg,word2vec
aoa_cai_mean,0.0,-0.03505055146311129,-0.06362861463119218,0.0,Cai2021.csv,norms,False,,zh,300,4,cbow,fasttext
valence_mean,0.1619258662420356,0.0262199861582336,0.06463216361800933,0.2542285657002559,Chan2024.csv,norms,False,,zh,300,4,cbow,fasttext
arousal_mean,0.12892269738476447,0.016621061900963557,0.040970852761140764,0.20241258054068864,Chan2024.csv,norms,False,,zh,300,4,cbow,fasttext
concrete_mean,0.16668387070205865,0.02778351275222061,0.06848625057418967,0.26169877832001753,Chan2024.csv,norms,False,,zh,300,4,cbow,fasttext
familiar_mean,0.06504466212523921,0.004230808070986529,0.010428925394170285,0.10212211021209014,Chan2024.csv,norms,False,,zh,300,4,cbow,fasttext
imagine_mean,0.16945402268783197,0.02871466580508827,0.07078153921786628,0.26604800171748383,Chan2024.csv,norms,False,,zh,300,4,cbow,fasttext
familiar_mean,0.0,-0.030582993595638843,-0.08246707955732069,0.0,Chang2016.csv,norms,False,,zh,300,4,cbow,fasttext
gustatory_mean,0.0,-0.1572186676823061,-0.3091078890025002,0.0,Chen2019.csv,norms,False,,zh,300,4,cbow,fasttext
visual_strength_mean,0.0,-0.10136471959201886,-0.19929334699447776,0.0,Chen2019.csv,norms,False,,zh,300,4,cbow,fasttext
auditory_mean,0.0,-0.30257391012675,-0.5086749793435217,0.0,Chen2019.csv,norms,False,,zh,300,4,cbow,fasttext
olfactory_strength_mean,0.0,-0.08939360389091715,-0.1502848992948752,0.0,Chen2019.csv,norms,False,,zh,300,4,cbow,fasttext
haptic_strength_mean,0.0,-0.193023170351604,-0.32450272117081247,0.0,Chen2019.csv,norms,False,,zh,300,4,cbow,fasttext
arousal_mean,0.0,-0.13239628652406227,-0.2482274097200431,0.0,Cheng2025.csv,norms,False,,zh,300,4,cbow,fasttext
valence_mean,0.0,-0.13186143501674583,-0.24722462627549469,0.0,Cheng2025.csv,norms,False,,zh,300,4,cbow,fasttext
familiar_mean,0.0,-0.2868427838395833,-0.7649140902388888,0.0,Li2021.csv,norms,False,,zh,300,4,cbow,fasttext
aoa_mean,0.2668108322073742,0.07118802018319159,0.10103552744072253,0.3178608617630087,Liu2007.csv,norms,False,,zh,300,4,cbow,fasttext
concrete_mean,0.0,-0.17542568734875025,-0.2489776622853347,0.0,Liu2007.csv,norms,False,,zh,300,4,cbow,fasttext
familiar_mean,0.0,-0.1836634938245861,-0.2606693924401957,0.0,Liu2007.csv,norms,False,,zh,300,4,cbow,fasttext
imagine_mean,0.0,-0.1704730729582819,-0.2419485300540435,0.0,Liu2007.csv,norms,False,,zh,300,4,cbow,fasttext
valence_mean_all,0.0,-0.022303624743729617,-0.19909123039640897,0.0,Liu2021.csv,norms,False,,zh,300,4,cbow,fasttext
arousal_mean_all,0.0,-0.014754254193905332,-0.131702476830445,0.0,Liu2021.csv,norms,False,,zh,300,4,cbow,fasttext
dominance_mean_all,0.0,-0.03533731546673672,-0.31543525754290525,0.0,Liu2021.csv,norms,False,,zh,300,4,cbow,fasttext
familiar_mean_all,0.0,-0.03785342247993677,-0.33789505261311525,0.0,Liu2021.csv,norms,False,,zh,300,4,cbow,fasttext
valence_mean_old,0.0,-0.016620807667383542,-0.14836409268460982,0.0,Liu2021.csv,norms,False,,zh,300,4,cbow,fasttext
arousal_mean_old,0.0,-0.022265744757247043,-0.1987530982226987,0.0,Liu2021.csv,norms,False,,zh,300,4,cbow,fasttext
dominance_mean_old,0.0,-0.029736671355141416,-0.26544162915282077,0.0,Liu2021.csv,norms,False,,zh,300,4,cbow,fasttext
familiar_mean_old,0.0,-0.03395362199870048,-0.30308384658580256,0.0,Liu2021.csv,norms,False,,zh,300,4,cbow,fasttext
valence_mean_young,0.0,-0.021337346159508067,-0.19046583454937505,0.0,Liu2021.csv,norms,False,,zh,300,4,cbow,fasttext
arousal_mean_young,0.0,-0.009355096003892671,-0.0835073937663493,0.0,Liu2021.csv,norms,False,,zh,300,4,cbow,fasttext
dominance_mean_young,0.0,-0.03908636351378311,-0.3489007859974925,0.0,Liu2021.csv,norms,False,,zh,300,4,cbow,fasttext
familiar_mean_young,0.0,-0.035421041747528574,-0.316182632395688,0.0,Liu2021.csv,norms,False,,zh,300,4,cbow,fasttext
concrete_mean,0.0,-0.12570775252655522,-0.17663852814035863,0.0,Liu2025.csv,norms,False,,zh,300,4,cbow,fasttext
arousal_mean,0.0,-0.17484088965718445,-0.24567806509206247,0.0,Liu2025.csv,norms,False,,zh,300,4,cbow,fasttext
familiar_mean,0.0,-0.20993774963736464,-0.29499449597756155,0.0,Liu2025.csv,norms,False,,zh,300,4,cbow,fasttext
valence_mean,0.0,-0.13912313619765446,-0.19548918435267604,0.0,Liu2025.csv,norms,False,,zh,300,4,cbow,fasttext
aoa_mean,0.0,-0.04759871436983036,-0.05954561390908342,0.0,Song2021.csv,norms,False,,zh,300,4,cbow,fasttext
concrete_mean,0.08228657691795802,0.00677108074087502,0.00847056826809861,0.09203569018646304,Song2021.csv,norms,False,,zh,300,4,cbow,fasttext
emotional_experience_mean,0.0,-0.04272702577999376,-0.05345117014739298,0.0,Song2021.csv,norms,False,,zh,300,4,cbow,fasttext
familiar_mean,0.0,-0.06595491320894038,-0.08250907297269228,0.0,Song2021.csv,norms,False,,zh,300,4,cbow,fasttext
imagine_mean,0.0,-0.17476978119546477,-0.2186356092137709,0.0,Song2021.csv,norms,False,,zh,300,4,cbow,fasttext
sensory_experience_mean,0.0,-0.05271541443241883,-0.06594656507865093,0.0,Song2021.csv,norms,False,,zh,300,4,cbow,fasttext
aoa_mean,0.1521095448826248,0.02313731364439925,0.04503953937183769,0.21222520908656844,Su2023.csv,norms,False,,zh,300,4,cbow,fasttext
familiar_mean,0.0,-0.08560702161788399,-0.1666442733985144,0.0,Su2023.csv,norms,False,,zh,300,4,cbow,fasttext
imagine_mean,0.0,-0.17677143295856657,-0.34410666842824167,0.0,Su2023.csv,norms,False,,zh,300,4,cbow,fasttext
concrete_mean,0.0,-0.1472903315878279,-0.2867181899592237,0.0,Su2023.csv,norms,False,,zh,300,4,cbow,fasttext
aoa_mean,0.0,-0.31301903274936216,-0.4233562573110562,0.0,Wang2019.csv,norms,False,,zh,300,4,cbow,fasttext
aoa_mean_chinese_l1,0.0,-0.22903504323972754,-0.23621341873793644,0.0,Wang2020_zh.csv,norms,False,,zh,300,4,cbow,fasttext
familiar_mean_chinese_l1,0.0,-0.3012795971167511,-0.31072224854450436,0.0,Wang2020_zh.csv,norms,False,,zh,300,4,cbow,fasttext
concrete_mean_chinese_l1,0.0,-0.06255896236902066,-0.06451967421604188,0.0,Wang2020_zh.csv,norms,False,,zh,300,4,cbow,fasttext
familiar_mean,0.0,-0.6264294766162748,-0.6728316600693321,0.0,Weekes2007.csv,norms,False,,zh,300,4,cbow,fasttext
imagine_mean,0.0,-0.4735301810103946,-0.5086064907148683,0.0,Weekes2007.csv,norms,False,,zh,300,4,cbow,fasttext
aoa_mean_subjective,0.0,-0.29073805863923413,-0.31227421113102927,0.0,Weekes2007.csv,norms,False,,zh,300,4,cbow,fasttext
aoa_mean,0.21125855767341156,0.04463017819025016,0.09261431356688477,0.30432599883494144,Xu2021.csv,norms,False,,zh,300,4,cbow,fasttext
valence_mean,0.0,-0.48856595686118354,-0.6997689486292993,0.0,Yao2017.csv,norms,False,,zh,300,4,cbow,fasttext
arousal_mean,0.0,-0.3235265787175325,-0.46338442264229907,0.0,Yao2017.csv,norms,False,,zh,300,4,cbow,fasttext
concrete_mean,0.0,-0.41195129227109434,-0.5900344029924528,0.0,Yao2017.csv,norms,False,,zh,300,4,cbow,fasttext
familiar_mean,0.0,-0.37874104802391345,-0.542467646909251,0.0,Yao2017.csv,norms,False,,zh,300,4,cbow,fasttext
imagine_mean,0.0,-0.3659143809134711,-0.524096118495857,0.0,Yao2017.csv,norms,False,,zh,300,4,cbow,fasttext
valence_mean,0.0,-0.1295546251775578,-0.3100815619003843,0.0,Yee2017.csv,norms,False,,zh,300,4,cbow,fasttext
arousal_mean,0.0,-0.19885734909502015,-0.47595365521103183,0.0,Yee2017.csv,norms,False,,zh,300,4,cbow,fasttext
familiar_mean,0.0,-0.13575492166755634,-0.3249216157944791,0.0,Yee2017.csv,norms,False,,zh,300,4,cbow,fasttext
concrete_mean,0.0,-0.11530096323190225,-0.27596623986652014,0.0,Yee2017.csv,norms,False,,zh,300,4,cbow,fasttext
imagine_mean,0.0,-0.18116049687670738,-0.43359725481966027,0.0,Yee2017.csv,norms,False,,zh,300,4,cbow,fasttext
valence_mean_chinese,0.22802983877218716,0.05199760737046967,0.0633781186147121,0.2517501114492546,Yi2025.csv,norms,False,,zh,300,4,cbow,fasttext
arousal_mean_chinese,0.0,-0.030934403349670406,-0.03770489420411671,0.0,Yi2025.csv,norms,False,,zh,300,4,cbow,fasttext
sensory_mean_chinese,0.0,-0.024402260718822084,-0.030544706208685768,0.0,Yi2025.csv,norms,False,,zh,300,4,cbow,fasttext
concrete_mean,0.0,-0.09258420364121672,-0.37994938215603147,0.0,Zhao2025.csv,norms,False,,zh,300,4,cbow,fasttext
imagine_mean,0.0,-0.09689483148433987,-0.3976394450532199,0.0,Zhao2025.csv,norms,False,,zh,300,4,cbow,fasttext
aoa_mean,0.0,-0.1043181239070464,-0.4281033390939445,0.0,Zhao2025.csv,norms,False,,zh,300,4,cbow,fasttext
familiar_mean,0.0,-0.09897262100327457,-0.4061663299096131,0.0,Zhao2025.csv,norms,False,,zh,300,4,cbow,fasttext
valence_mean,0.0,-0.116862305408391,-0.479582466457386,0.0,Zhao2025.csv,norms,False,,zh,300,4,cbow,fasttext
arousal_mean,0.0,-0.11196137623826759,-0.45946991013627847,0.0,Zhao2025.csv,norms,False,,zh,300,4,cbow,fasttext
,0.06002936171449693,0.00360352426784991,0.0335239281506865,0.1830954072353714,zh.subs.2018.tsv,counts,False,unigram_freq,zh,300,4,cbow,fasttext
,0.0,-0.0011981793453092332,-0.06055418008633562,0.0,zh.wiki.2018.tsv,counts,False,unigram_freq,zh,300,4,cbow,fasttext
aoa_cai_mean,0.313018456984868,0.09798055441318768,0.17786787020080386,0.42174384429509326,Cai2021.csv,norms,True,,zh,300,4,cbow,fasttext
valence_mean,0.21557768493960155,0.046473738243918115,0.11455758351642881,0.33846356305580194,Chan2024.csv,norms,True,,zh,300,4,cbow,fasttext
arousal_mean,0.19612302168009568,0.03846423963293128,0.09481420067864038,0.30791914633331974,Chan2024.csv,norms,True,,zh,300,4,cbow,fasttext
concrete_mean,0.23234793787463387,0.05398556423459472,0.13307420528615338,0.36479337341316026,Chan2024.csv,norms,True,,zh,300,4,cbow,fasttext
familiar_mean,0.09675816122717473,0.00936214176406394,0.02307764293460418,0.15191327438576321,Chan2024.csv,norms,True,,zh,300,4,cbow,fasttext
imagine_mean,0.2399812668608832,0.05759100844415444,0.1419616112009232,0.3767779335376784,Chan2024.csv,norms,True,,zh,300,4,cbow,fasttext
familiar_mean,0.2941433112715034,0.08652028756576453,0.23330206101948225,0.48301352053486274,Chang2016.csv,norms,True,,zh,300,4,cbow,fasttext
gustatory_mean,0.05919459354733101,0.003503999905233722,0.0068892201526629115,0.08300132621026553,Chen2019.csv,norms,True,,zh,300,4,cbow,fasttext
visual_strength_mean,0.1448546408334947,0.02098286697100075,0.04125445031586589,0.20311191574072135,Chen2019.csv,norms,True,,zh,300,4,cbow,fasttext
auditory_mean,0.006158169488225945,3.792305144571699e-05,6.375469518410393e-05,0.007984653729755846,Chen2019.csv,norms,True,,zh,300,4,cbow,fasttext
olfactory_strength_mean,0.2531358100696186,0.06407773833960202,0.10772489344049035,0.3282147063135507,Chen2019.csv,norms,True,,zh,300,4,cbow,fasttext
haptic_strength_mean,0.009791127582685496,9.58661793404247e-05,0.00016116633048535167,0.012695130187806334,Chen2019.csv,norms,True,,zh,300,4,cbow,fasttext
arousal_mean,0.1543738467762731,0.02383128456850425,0.04468084561923058,0.2113784417087764,Cheng2025.csv,norms,True,,zh,300,4,cbow,fasttext
valence_mean,0.17283473114316628,0.02987184428933057,0.05600618209298003,0.2366562530189727,Cheng2025.csv,norms,True,,zh,300,4,cbow,fasttext
familiar_mean,0.0,-0.11774583003921589,-0.3139888801045757,0.0,Li2021.csv,norms,True,,zh,300,4,cbow,fasttext
aoa_mean,0.44171867526097497,0.19511538807431067,0.2769228037970337,0.5262345520744849,Liu2007.csv,norms,True,,zh,300,4,cbow,fasttext
concrete_mean,0.26372028220885724,0.0695483872483193,0.09870843395002427,0.3141789839407217,Liu2007.csv,norms,True,,zh,300,4,cbow,fasttext
familiar_mean,0.21631635060215204,0.04679276353783316,0.06641189812959936,0.2577050603492282,Liu2007.csv,norms,True,,zh,300,4,cbow,fasttext
imagine_mean,0.24116795516639566,0.058161982599140634,0.08254797048408152,0.28731162608582606,Liu2007.csv,norms,True,,zh,300,4,cbow,fasttext
valence_mean_all,0.0,-0.0008528770797664464,-0.00761312787220092,0.0,Liu2021.csv,norms,True,,zh,300,4,cbow,fasttext
arousal_mean_all,0.0,-0.0020352416031805686,-0.018167394743542564,0.0,Liu2021.csv,norms,True,,zh,300,4,cbow,fasttext
dominance_mean_all,0.0,-0.009004130140011163,-0.08037452964806502,0.0,Liu2021.csv,norms,True,,zh,300,4,cbow,fasttext
familiar_mean_all,0.0,-0.011232989760694386,-0.10027023760412046,0.0,Liu2021.csv,norms,True,,zh,300,4,cbow,fasttext
valence_mean_old,0.0,-0.001182515671969033,-0.010555616084849118,0.0,Liu2021.csv,norms,True,,zh,300,4,cbow,fasttext
arousal_mean_old,0.0,-0.0037100266442305556,-0.03311720753421388,0.0,Liu2021.csv,norms,True,,zh,300,4,cbow,fasttext
dominance_mean_old,0.0,-0.011081409527751843,-0.09891717076287576,0.0,Liu2021.csv,norms,True,,zh,300,4,cbow,fasttext
familiar_mean_old,0.0,-0.01119418492457082,-0.09992384984616898,0.0,Liu2021.csv,norms,True,,zh,300,4,cbow,fasttext
valence_mean_young,0.0,-0.0008897809609431047,-0.00794254693274754,0.0,Liu2021.csv,norms,True,,zh,300,4,cbow,fasttext
arousal_mean_young,0.0,-0.0005406478523040018,-0.004826042733553471,0.0,Liu2021.csv,norms,True,,zh,300,4,cbow,fasttext
dominance_mean_young,0.0,-0.011635890272484609,-0.10386669152321759,0.0,Liu2021.csv,norms,True,,zh,300,4,cbow,fasttext
familiar_mean_young,0.0,-0.014529838903084596,-0.12969925462407117,0.0,Liu2021.csv,norms,True,,zh,300,4,cbow,fasttext
concrete_mean,0.3891591203820356,0.15144482097651965,0.21280302713328286,0.4613057848469742,Liu2025.csv,norms,True,,zh,300,4,cbow,fasttext
arousal_mean,0.409906124407084,0.16802303082643585,0.2360979355874977,0.48589910021268584,Liu2025.csv,norms,True,,zh,300,4,cbow,fasttext
familiar_mean,0.23737853609816767,0.056348569400109086,0.07917831765823291,0.2813864205291949,Liu2025.csv,norms,True,,zh,300,4,cbow,fasttext
valence_mean,0.44447020891881817,0.1975537666163379,0.27759311468337877,0.5268710607761435,Liu2025.csv,norms,True,,zh,300,4,cbow,fasttext
aoa_mean,0.27650424661398215,0.07645459839556587,0.09564409581032596,0.30926379647531643,Song2021.csv,norms,True,,zh,300,4,cbow,fasttext
concrete_mean,0.38531205108854416,0.14846537671406085,0.18572900797264952,0.4309628846810935,Song2021.csv,norms,True,,zh,300,4,cbow,fasttext
emotional_experience_mean,0.30435296109463567,0.09263072492707282,0.11588030171928454,0.34041195883706044,Song2021.csv,norms,True,,zh,300,4,cbow,fasttext
familiar_mean,0.20569872340915676,0.04231196481215678,0.052931932170763585,0.23006940728998193,Song2021.csv,norms,True,,zh,300,4,cbow,fasttext
imagine_mean,0.0,-0.03980490031379774,-0.04979561438065372,0.0,Song2021.csv,norms,True,,zh,300,4,cbow,fasttext
sensory_experience_mean,0.30533784992880897,0.09323120259914788,0.11663149452135463,0.34151353490213915,Song2021.csv,norms,True,,zh,300,4,cbow,fasttext
aoa_mean,0.398229536816488,0.15858676399307456,0.308708042363743,0.5556150127235071,Su2023.csv,norms,True,,zh,300,4,cbow,fasttext
familiar_mean,0.2837957918924187,0.08054005149584503,0.1567808119865738,0.3959555681974605,Su2023.csv,norms,True,,zh,300,4,cbow,fasttext
imagine_mean,0.22119224584556338,0.04892600962220415,0.09524031054571414,0.3086102891118735,Su2023.csv,norms,True,,zh,300,4,cbow,fasttext
concrete_mean,0.2147614540013686,0.04612248212478196,0.08978291004361472,0.2996379649570707,Su2023.csv,norms,True,,zh,300,4,cbow,fasttext
aoa_mean,0.26838735766127486,0.07203177375240108,0.09742251733207247,0.31212580369471615,Wang2019.csv,norms,True,,zh,300,4,cbow,fasttext
aoa_mean_chinese_l1,0.46359375653857304,0.21491917110154574,0.22165512945144727,0.4708026438450057,Wang2020_zh.csv,norms,True,,zh,300,4,cbow,fasttext
familiar_mean_chinese_l1,0.2868633841017889,0.08229060113833046,0.08486973849036433,0.29132411244242096,Wang2020_zh.csv,norms,True,,zh,300,4,cbow,fasttext
concrete_mean_chinese_l1,0.6403271896612489,0.4100189098194731,0.42286964940245364,0.6502842835271768,Wang2020_zh.csv,norms,True,,zh,300,4,cbow,fasttext
familiar_mean,0.3280906442675684,0.1076434708559081,0.11561706128967908,0.34002508920619234,Weekes2007.csv,norms,True,,zh,300,4,cbow,fasttext
imagine_mean,0.0,-0.034875374087176135,-0.03745873513067066,0.0,Weekes2007.csv,norms,True,,zh,300,4,cbow,fasttext
aoa_mean_subjective,0.466430249974568,0.217557178091338,0.2336725246166223,0.48339686037108504,Weekes2007.csv,norms,True,,zh,300,4,cbow,fasttext
aoa_mean,0.22621918467748475,0.05117511951614596,0.10619604845598712,0.32587735186107536,Xu2021.csv,norms,True,,zh,300,4,cbow,fasttext
valence_mean,0.0,-0.037995589634807196,-0.054420766404020715,0.0,Yao2017.csv,norms,True,,zh,300,4,cbow,fasttext
arousal_mean,0.0,-0.034815517055430664,-0.049865974949184544,0.0,Yao2017.csv,norms,True,,zh,300,4,cbow,fasttext
concrete_mean,0.0,-0.04720090845314598,-0.0676054678365372,0.0,Yao2017.csv,norms,True,,zh,300,4,cbow,fasttext
familiar_mean,0.07081606088453131,0.005014914479201645,0.0071828202176065226,0.08475152044421694,Yao2017.csv,norms,True,,zh,300,4,cbow,fasttext
imagine_mean,0.0,-0.05124629331887191,-0.07339963886817591,0.0,Yao2017.csv,norms,True,,zh,300,4,cbow,fasttext
valence_mean,0.0,-0.012367680323371872,-0.029601333232988414,0.0,Yee2017.csv,norms,True,,zh,300,4,cbow,fasttext
arousal_mean,0.0,-0.0686752574239051,-0.16437028826049416,0.0,Yee2017.csv,norms,True,,zh,300,4,cbow,fasttext
familiar_mean,0.0,-0.03408208905072871,-0.08157352461321954,0.0,Yee2017.csv,norms,True,,zh,300,4,cbow,fasttext
concrete_mean,0.20212193190540936,0.040853275357174944,0.09777997052700887,0.31269789018637284,Yee2017.csv,norms,True,,zh,300,4,cbow,fasttext
imagine_mean,0.1691037224084631,0.02859606893239855,0.06844305023164243,0.2616162270036827,Yee2017.csv,norms,True,,zh,300,4,cbow,fasttext
valence_mean_chinese,0.39194935974699774,0.15362430060608145,0.18724744537849441,0.4327209786669632,Yi2025.csv,norms,True,,zh,300,4,cbow,fasttext
arousal_mean_chinese,0.2708209837665159,0.07334400524826348,0.08939651840485296,0.29899250559981094,Yi2025.csv,norms,True,,zh,300,4,cbow,fasttext
sensory_mean_chinese,0.24428241952031893,0.05967390048670109,0.07469479076939473,0.27330347741914063,Yi2025.csv,norms,True,,zh,300,4,cbow,fasttext
concrete_mean,0.1351528661308398,0.0182662972233807,0.0749616896981361,0.2737913250965708,Zhao2025.csv,norms,True,,zh,300,4,cbow,fasttext
imagine_mean,0.12929576235678758,0.016717394163422886,0.06860526238650594,0.2619260628240457,Zhao2025.csv,norms,True,,zh,300,4,cbow,fasttext
aoa_mean,0.18234077557878772,0.033248158438673826,0.13644462834668875,0.36938412032285406,Zhao2025.csv,norms,True,,zh,300,4,cbow,fasttext
familiar_mean,0.18447699877501164,0.03403176307703565,0.1396604047587638,0.37371165991812966,Zhao2025.csv,norms,True,,zh,300,4,cbow,fasttext
valence_mean,0.018790862575303602,0.0003530965163239455,0.0014490463593403446,0.03806634155445391,Zhao2025.csv,norms,True,,zh,300,4,cbow,fasttext
arousal_mean,0.11197502388068657,0.012538405973080327,0.05145542560537336,0.22683788397305543,Zhao2025.csv,norms,True,,zh,300,4,cbow,fasttext
,0.03520655475429389,0.001239501497667094,0.011531200031366262,0.10738342531026966,zh.subs.2018.tsv,counts,True,unigram_freq,zh,300,4,cbow,fasttext
,0.013447614917112565,0.0001808383469589484,0.009139297778031075,0.09559967457073834,zh.wiki.2018.tsv,counts,True,unigram_freq,zh,300,4,cbow,fasttext
aoa_cai_mean,0.12978137792758987,0.01684320605678391,0.030576119992542172,0.17486028706525153,Cai2021.csv,norms,False,,zh,300,4,cbow,word2vec
valence_mean,0.17256024853078886,0.029777039373007616,0.07340028591936482,0.2709248713561839,Chan2024.csv,norms,False,,zh,300,4,cbow,word2vec
arousal_mean,0.15107087834960647,0.022822410285321594,0.056257152342357175,0.23718590249497792,Chan2024.csv,norms,False,,zh,300,4,cbow,word2vec
concrete_mean,0.18669156313598387,0.034853739746157054,0.08591433253925473,0.29311146777165636,Chan2024.csv,norms,False,,zh,300,4,cbow,word2vec
familiar_mean,0.07380991413363341,0.005447903424414337,0.013429060693508077,0.11588382412359405,Chan2024.csv,norms,False,,zh,300,4,cbow,word2vec
imagine_mean,0.20233205949251895,0.04093826229848423,0.10091265690015405,0.3176675257248592,Chan2024.csv,norms,False,,zh,300,4,cbow,word2vec
familiar_mean,0.0,-0.00044518365167587644,-0.00120043826009264,0.0,Chang2016.csv,norms,False,,zh,300,4,cbow,word2vec
gustatory_mean,0.0,-0.1460165658268033,-0.28708341755778277,0.0,Chen2019.csv,norms,False,,zh,300,4,cbow,word2vec
visual_strength_mean,0.0,-0.11884185639478162,-0.2336551752846554,0.0,Chen2019.csv,norms,False,,zh,300,4,cbow,word2vec
auditory_mean,0.0,-0.31357452299392896,-0.5271687632941414,0.0,Chen2019.csv,norms,False,,zh,300,4,cbow,word2vec
olfactory_strength_mean,0.0,-0.02649365030505068,-0.04454004978820114,0.0,Chen2019.csv,norms,False,,zh,300,4,cbow,word2vec
haptic_strength_mean,0.0,-0.1673836460738803,-0.28139859339956685,0.0,Chen2019.csv,norms,False,,zh,300,4,cbow,word2vec
arousal_mean,0.0,-0.0886776485951299,-0.1662601239713224,0.0,Cheng2025.csv,norms,False,,zh,300,4,cbow,word2vec
valence_mean,0.0,-0.08799766874823242,-0.1649852420204112,0.0,Cheng2025.csv,norms,False,,zh,300,4,cbow,word2vec
familiar_mean,0.0,-0.16015379317385248,-0.42707678179694,0.0,Li2021.csv,norms,False,,zh,300,4,cbow,word2vec
aoa_mean,0.3252358802693766,0.10577837781459627,0.15012883019951134,0.38746461799693577,Liu2007.csv,norms,False,,zh,300,4,cbow,word2vec
concrete_mean,0.0,-0.10042867763687546,-0.1425361232002883,0.0,Liu2007.csv,norms,False,,zh,300,4,cbow,word2vec
familiar_mean,0.0,-0.11958882647657189,-0.16972968384265263,0.0,Liu2007.csv,norms,False,,zh,300,4,cbow,word2vec
imagine_mean,0.0,-0.12981482375022557,-0.1842432076840551,0.0,Liu2007.csv,norms,False,,zh,300,4,cbow,word2vec
valence_mean_all,0.02577646456873609,0.000664426125663307,0.005930937970206662,0.07701258319396034,Liu2021.csv,norms,False,,zh,300,4,cbow,word2vec
arousal_mean_all,0.0,-0.00921556753138752,-0.08226190584294835,0.0,Liu2021.csv,norms,False,,zh,300,4,cbow,word2vec
dominance_mean_all,0.0,-0.0069583810464995625,-0.06211334077005237,0.0,Liu2021.csv,norms,False,,zh,300,4,cbow,word2vec
familiar_mean_all,0.0,-0.017765692181622376,-0.15858379774244735,0.0,Liu2021.csv,norms,False,,zh,300,4,cbow,word2vec
valence_mean_old,0.05053579662025938,0.002553866740044219,0.022796853757450997,0.15098627009583024,Liu2021.csv,norms,False,,zh,300,4,cbow,word2vec
arousal_mean_old,0.0,-0.005027035439965304,-0.04487336397059938,0.0,Liu2021.csv,norms,False,,zh,300,4,cbow,word2vec
dominance_mean_old,0.0,-0.005618494753545304,-0.05015297048402778,0.0,Liu2021.csv,norms,False,,zh,300,4,cbow,word2vec
familiar_mean_old,0.0,-0.017361943146257382,-0.15497976955663517,0.0,Liu2021.csv,norms,False,,zh,300,4,cbow,word2vec
valence_mean_young,0.018054324798335446,0.0003259586439237902,0.00290963949684353,0.05394107430190402,Liu2021.csv,norms,False,,zh,300,4,cbow,word2vec
arousal_mean_young,0.0,-0.015094759354593801,-0.13474196445529185,0.0,Liu2021.csv,norms,False,,zh,300,4,cbow,word2vec
dominance_mean_young,0.0,-0.011820473809483638,-0.10551435928638642,0.0,Liu2021.csv,norms,False,,zh,300,4,cbow,word2vec
familiar_mean_young,0.0,-0.013988315066949884,-0.12486539250238382,0.0,Liu2021.csv,norms,False,,zh,300,4,cbow,word2vec
concrete_mean,0.15129567200137842,0.022890380366348682,0.03216446889885061,0.17934455358011464,Liu2025.csv,norms,False,,zh,300,4,cbow,word2vec
arousal_mean,0.0,-0.009023807180559004,-0.012679822736148483,0.0,Liu2025.csv,norms,False,,zh,300,4,cbow,word2vec
familiar_mean,0.0,-0.11556087839670579,-0.162380625381788,0.0,Liu2025.csv,norms,False,,zh,300,4,cbow,word2vec
valence_mean,0.0,-0.023559337833432076,-0.03310445597203571,0.0,Liu2025.csv,norms,False,,zh,300,4,cbow,word2vec
aoa_mean,0.0,-0.07238200145793271,-0.09054930936354477,0.0,Song2021.csv,norms,False,,zh,300,4,cbow,word2vec
concrete_mean,0.19040803415873048,0.03625521947219228,0.045354991819875456,0.2129671144094211,Song2021.csv,norms,False,,zh,300,4,cbow,word2vec
emotional_experience_mean,0.0,-0.08238488065343895,-0.10306283184919296,0.0,Song2021.csv,norms,False,,zh,300,4,cbow,word2vec
familiar_mean,0.0,-0.04662646012736659,-0.058329331568064746,0.0,Song2021.csv,norms,False,,zh,300,4,cbow,word2vec
imagine_mean,0.0,-0.19702605254196967,-0.24647802803117436,0.0,Song2021.csv,norms,False,,zh,300,4,cbow,word2vec
sensory_experience_mean,0.0,-0.0408390889596549,-0.051089376168774625,0.0,Song2021.csv,norms,False,,zh,300,4,cbow,word2vec
aoa_mean,0.28728820353376117,0.08253451188965578,0.16066326691687444,0.4008282261977996,Su2023.csv,norms,False,,zh,300,4,cbow,word2vec
familiar_mean,0.0,-0.009396600890631598,-0.0182916038689519,0.0,Su2023.csv,norms,False,,zh,300,4,cbow,word2vec
imagine_mean,0.0,-0.06019783292537206,-0.11718225839921181,0.0,Su2023.csv,norms,False,,zh,300,4,cbow,word2vec
concrete_mean,0.0,-0.07944519808381109,-0.1546495492948209,0.0,Su2023.csv,norms,False,,zh,300,4,cbow,word2vec
aoa_mean,0.0,-0.06027240217877927,-0.08151804183097788,0.0,Wang2019.csv,norms,False,,zh,300,4,cbow,word2vec
aoa_mean_chinese_l1,0.0,-0.08142021611637074,-0.08397207401619822,0.0,Wang2020_zh.csv,norms,False,,zh,300,4,cbow,word2vec
familiar_mean_chinese_l1,0.0,-0.31059929009162324,-0.320334037675298,0.0,Wang2020_zh.csv,norms,False,,zh,300,4,cbow,word2vec
concrete_mean_chinese_l1,0.37425282083290845,0.1400651739013891,0.1444550716142632,0.3800724557426691,Wang2020_zh.csv,norms,False,,zh,300,4,cbow,word2vec
familiar_mean,0.0,-0.08398354222277578,-0.0902045453503888,0.0,Weekes2007.csv,norms,False,,zh,300,4,cbow,word2vec
imagine_mean,0.0,-0.503119246607763,-0.5403873389490788,0.0,Weekes2007.csv,norms,False,,zh,300,4,cbow,word2vec
aoa_mean_subjective,0.0,-0.06144869094149071,-0.06600044582604558,0.0,Weekes2007.csv,norms,False,,zh,300,4,cbow,word2vec
aoa_mean,0.21535066918796805,0.046375910719705656,0.09623697039782303,0.3102208413337554,Xu2021.csv,norms,False,,zh,300,4,cbow,word2vec
valence_mean,0.0,-0.1756924543285656,-0.2516428382310184,0.0,Yao2017.csv,norms,False,,zh,300,4,cbow,word2vec
arousal_mean,0.0,-0.30347446725102495,-0.43466395048974926,0.0,Yao2017.csv,norms,False,,zh,300,4,cbow,word2vec
concrete_mean,0.0,-0.349244206460544,-0.50021956654505,0.0,Yao2017.csv,norms,False,,zh,300,4,cbow,word2vec
familiar_mean,0.0,-0.19612289679249628,-0.28090519071841913,0.0,Yao2017.csv,norms,False,,zh,300,4,cbow,word2vec
imagine_mean,0.0,-0.27792570904587105,-0.3980706770188257,0.0,Yao2017.csv,norms,False,,zh,300,4,cbow,word2vec
valence_mean,0.0,-0.07273877476286124,-0.1740960838586515,0.0,Yee2017.csv,norms,False,,zh,300,4,cbow,word2vec
arousal_mean,0.0,-0.04428372248554702,-0.10599054889983384,0.0,Yee2017.csv,norms,False,,zh,300,4,cbow,word2vec
familiar_mean,0.0,-0.0851310296568589,-0.20375623491641637,0.0,Yee2017.csv,norms,False,,zh,300,4,cbow,word2vec
concrete_mean,0.15782387867544334,0.024908376680161062,0.059616770414811726,0.24416545704667506,Yee2017.csv,norms,False,,zh,300,4,cbow,word2vec
imagine_mean,0.0,-0.004681806604467666,-0.011205635479545561,0.0,Yee2017.csv,norms,False,,zh,300,4,cbow,word2vec
valence_mean_chinese,0.24163462556008,0.05838729226956006,0.07116628864645808,0.2667701044841008,Yi2025.csv,norms,False,,zh,300,4,cbow,word2vec
arousal_mean_chinese,0.0,-0.002692987888231488,-0.003282391526061801,0.0,Yi2025.csv,norms,False,,zh,300,4,cbow,word2vec
sensory_mean_chinese,0.11064599878275137,0.01224253704663262,0.015324182527478358,0.12379088224695048,Yi2025.csv,norms,False,,zh,300,4,cbow,word2vec
concrete_mean,0.0,-0.15679877283895727,-0.6434747453664311,0.0,Zhao2025.csv,norms,False,,zh,300,4,cbow,word2vec
imagine_mean,0.0,-0.14336700771317407,-0.5883531300141733,0.0,Zhao2025.csv,norms,False,,zh,300,4,cbow,word2vec
aoa_mean,0.0,-0.1557788598503421,-0.6392892008065951,0.0,Zhao2025.csv,norms,False,,zh,300,4,cbow,word2vec
familiar_mean,0.0,-0.15199777718427385,-0.6237722987179762,0.0,Zhao2025.csv,norms,False,,zh,300,4,cbow,word2vec
valence_mean,0.0,-0.11674384791776224,-0.4790963376297237,0.0,Zhao2025.csv,norms,False,,zh,300,4,cbow,word2vec
arousal_mean,0.0,-0.08247139446907222,-0.3384481816736242,0.0,Zhao2025.csv,norms,False,,zh,300,4,cbow,word2vec
,0.05082023797091704,0.002582696587420638,0.024027071387914656,0.15500668175248014,zh.subs.2018.tsv,counts,False,unigram_freq,zh,300,4,cbow,word2vec
,0.0,-0.0027006981045024124,-0.13648921592506447,0.0,zh.wiki.2018.tsv,counts,False,unigram_freq,zh,300,4,cbow,word2vec
aoa_cai_mean,0.32840735785473363,0.10785139269312706,0.1957867827081317,0.44247800251326813,Cai2021.csv,norms,True,,zh,300,4,cbow,word2vec
valence_mean,0.23320302665432943,0.05438365164073988,0.13405548918969823,0.36613588896705856,Chan2024.csv,norms,True,,zh,300,4,cbow,word2vec
arousal_mean,0.21760734401554818,0.04735295616950114,0.11672485227390389,0.3416501899222418,Chan2024.csv,norms,True,,zh,300,4,cbow,word2vec
concrete_mean,0.25084282822696485,0.06292212447290259,0.1551027914196032,0.3938309172977703,Chan2024.csv,norms,True,,zh,300,4,cbow,word2vec
familiar_mean,0.0866984278480746,0.007516617391327799,0.01852843255364256,0.13611918510497542,Chan2024.csv,norms,True,,zh,300,4,cbow,word2vec
imagine_mean,0.27233556011930604,0.07416665730549615,0.18282052099651408,0.42757516414838,Chan2024.csv,norms,True,,zh,300,4,cbow,word2vec
familiar_mean,0.3091744212511387,0.09558882275597655,0.25775537722807673,0.5076961465562613,Chang2016.csv,norms,True,,zh,300,4,cbow,word2vec
gustatory_mean,0.1256308338261389,0.015783106407850925,0.031031192259503515,0.1761567264100452,Chen2019.csv,norms,True,,zh,300,4,cbow,word2vec
visual_strength_mean,0.19610232938492117,0.03845612359019211,0.07560864977054721,0.2749702707031202,Chen2019.csv,norms,True,,zh,300,4,cbow,word2vec
auditory_mean,0.0,-0.04000495526090591,-0.06725470739514616,0.0,Chen2019.csv,norms,True,,zh,300,4,cbow,word2vec
olfactory_strength_mean,0.22271330141315943,0.0496012146263488,0.08338754922690522,0.2887690240086447,Chen2019.csv,norms,True,,zh,300,4,cbow,word2vec
haptic_strength_mean,0.022721507635000405,0.0005162669092073817,0.000867926977797917,0.029460600431727747,Chen2019.csv,norms,True,,zh,300,4,cbow,word2vec
arousal_mean,0.19554923809266406,0.03823950451862141,0.07169455733873731,0.2677583935915685,Cheng2025.csv,norms,True,,zh,300,4,cbow,word2vec
valence_mean,0.19585387188055745,0.038358739130605814,0.07191810816224536,0.2681755174549783,Cheng2025.csv,norms,True,,zh,300,4,cbow,word2vec
familiar_mean,0.0,-0.032151985496366525,-0.08573862799031073,0.0,Li2021.csv,norms,True,,zh,300,4,cbow,word2vec
aoa_mean,0.45602553100329296,0.20795928492683532,0.29515185258290605,0.5432787982085313,Liu2007.csv,norms,True,,zh,300,4,cbow,word2vec
concrete_mean,0.327695868399546,0.10738458216613259,0.15240847926711348,0.3903952859181492,Liu2007.csv,norms,True,,zh,300,4,cbow,word2vec
familiar_mean,0.21834401044066146,0.04767410689531168,0.06766276858153875,0.2601206808032355,Liu2007.csv,norms,True,,zh,300,4,cbow,word2vec
imagine_mean,0.2986241590228006,0.0891763883520749,0.12656600660089667,0.35576116511066336,Liu2007.csv,norms,True,,zh,300,4,cbow,word2vec
valence_mean_all,0.06606299229467556,0.0043643189509263635,0.0389576869125981,0.19737701718436748,Liu2021.csv,norms,True,,zh,300,4,cbow,word2vec
arousal_mean_all,0.0,-0.01320564840502223,-0.11787899139028502,0.0,Liu2021.csv,norms,True,,zh,300,4,cbow,word2vec
dominance_mean_all,0.0,-0.001882106361386861,-0.016800447260518214,0.0,Liu2021.csv,norms,True,,zh,300,4,cbow,word2vec
familiar_mean_all,0.0,-0.0049027818223433195,-0.043764225617627384,0.0,Liu2021.csv,norms,True,,zh,300,4,cbow,word2vec
valence_mean_old,0.06111139690525816,0.003734602831711996,0.033336584584372886,0.1825830895356218,Liu2021.csv,norms,True,,zh,300,4,cbow,word2vec
arousal_mean_old,0.0,-0.013513186079590398,-0.12062419781868139,0.0,Liu2021.csv,norms,True,,zh,300,4,cbow,word2vec
dominance_mean_old,0.0,-0.0002701760510418966,-0.002411701373369657,0.0,Liu2021.csv,norms,True,,zh,300,4,cbow,word2vec
familiar_mean_old,0.0,-0.004974571934040131,-0.04440505336792533,0.0,Liu2021.csv,norms,True,,zh,300,4,cbow,word2vec
valence_mean_young,0.054821260452824754,0.003005370597636447,0.026827160919161708,0.1637899902898883,Liu2021.csv,norms,True,,zh,300,4,cbow,word2vec
arousal_mean_young,0.0,-0.01295126998528501,-0.11560830610241424,0.0,Liu2021.csv,norms,True,,zh,300,4,cbow,word2vec
dominance_mean_young,0.0,-0.0011212813393854896,-0.01000901351434147,0.0,Liu2021.csv,norms,True,,zh,300,4,cbow,word2vec
familiar_mean_young,0.0,-0.00930722777049,-0.08308010243614883,0.0,Liu2021.csv,norms,True,,zh,300,4,cbow,word2vec
concrete_mean,0.3921400189163188,0.15377379443569084,0.21607558937099414,0.4648393156468094,Liu2025.csv,norms,True,,zh,300,4,cbow,word2vec
arousal_mean,0.4416735646485231,0.1950755377093331,0.274110825821077,0.5235559433537901,Liu2025.csv,norms,True,,zh,300,4,cbow,word2vec
familiar_mean,0.21069695034278382,0.04439320488374951,0.06237921060948409,0.24975830438542798,Liu2025.csv,norms,True,,zh,300,4,cbow,word2vec
valence_mean,0.462577628235363,0.2139780621438537,0.3006717500850403,0.548335435737141,Liu2025.csv,norms,True,,zh,300,4,cbow,word2vec
aoa_mean,0.23292635461832578,0.05425468667578205,0.06787218243865195,0.2605229019465505,Song2021.csv,norms,True,,zh,300,4,cbow,word2vec
concrete_mean,0.42039646220132837,0.1767331854313929,0.2210918123303437,0.47020401139329265,Song2021.csv,norms,True,,zh,300,4,cbow,word2vec
emotional_experience_mean,0.30937917283843086,0.09571547258619167,0.11973929655871796,0.34603366390962303,Song2021.csv,norms,True,,zh,300,4,cbow,word2vec
familiar_mean,0.1653263805011442,0.027332812089609117,0.034193130997020926,0.1849138474993718,Song2021.csv,norms,True,,zh,300,4,cbow,word2vec
imagine_mean,0.0,-0.03733559714340088,-0.04670653571213146,0.0,Song2021.csv,norms,True,,zh,300,4,cbow,word2vec
sensory_experience_mean,0.30035670457393326,0.09021414998251301,0.11285718564280645,0.33594223557452024,Song2021.csv,norms,True,,zh,300,4,cbow,word2vec
aoa_mean,0.42161605173566763,0.17776009508117316,0.3460312171153086,0.5882441815396975,Su2023.csv,norms,True,,zh,300,4,cbow,word2vec
familiar_mean,0.33873682245856684,0.11474263488932665,0.22336021809416967,0.4726100063415603,Su2023.csv,norms,True,,zh,300,4,cbow,word2vec
imagine_mean,0.28230459984531237,0.07969588709382193,0.1551375453392192,0.3938750377203653,Su2023.csv,norms,True,,zh,300,4,cbow,word2vec
concrete_mean,0.27663713360265035,0.07652810368789062,0.14897107728568032,0.38596771534116725,Su2023.csv,norms,True,,zh,300,4,cbow,word2vec
aoa_mean,0.3124930256713924,0.09765189109326151,0.1320735636088068,0.36341926697522076,Wang2019.csv,norms,True,,zh,300,4,cbow,word2vec
aoa_mean_chinese_l1,0.4709090845627838,0.22175536592375908,0.2287055830731815,0.478231725289301,Wang2020_zh.csv,norms,True,,zh,300,4,cbow,word2vec
familiar_mean_chinese_l1,0.29839693692994285,0.0890407319691723,0.09183143071845096,0.30303701212632583,Wang2020_zh.csv,norms,True,,zh,300,4,cbow,word2vec
concrete_mean_chinese_l1,0.6515216506051318,0.4244804612072355,0.43778445215594414,0.6616528184447975,Wang2020_zh.csv,norms,True,,zh,300,4,cbow,word2vec
familiar_mean,0.41782411203767283,0.1745769886000698,0.18750861738526015,0.43302265227729153,Weekes2007.csv,norms,True,,zh,300,4,cbow,word2vec
imagine_mean,0.0,-0.09396798503455664,-0.10092857651859788,0.0,Weekes2007.csv,norms,True,,zh,300,4,cbow,word2vec
aoa_mean_subjective,0.46804556921992785,0.21906665486640625,0.23529381448614006,0.4850709375814429,Weekes2007.csv,norms,True,,zh,300,4,cbow,word2vec
aoa_mean,0.22620739928285438,0.05116978749031271,0.10618498370266344,0.32586037455122313,Xu2021.csv,norms,True,,zh,300,4,cbow,word2vec
valence_mean,0.0,-0.012691288118691815,-0.018177626211667963,0.0,Yao2017.csv,norms,True,,zh,300,4,cbow,word2vec
arousal_mean,0.0,-0.042358507293543284,-0.06066973700898126,0.0,Yao2017.csv,norms,True,,zh,300,4,cbow,word2vec
concrete_mean,0.0,-0.04073479104191354,-0.05834410175274074,0.0,Yao2017.csv,norms,True,,zh,300,4,cbow,word2vec
familiar_mean,0.15025627916844644,0.02257694942954611,0.032336776526693645,0.17982429348309323,Yao2017.csv,norms,True,,zh,300,4,cbow,word2vec
imagine_mean,0.0,-0.05562212934860495,-0.07966711234826229,0.0,Yao2017.csv,norms,True,,zh,300,4,cbow,word2vec
valence_mean,0.0,-0.01265552744714791,-0.030290278807927784,0.0,Yee2017.csv,norms,True,,zh,300,4,cbow,word2vec
arousal_mean,0.0,-0.009730468725345935,-0.023289318588532892,0.0,Yee2017.csv,norms,True,,zh,300,4,cbow,word2vec
familiar_mean,0.0,-0.056088310515187215,-0.13424415303634973,0.0,Yee2017.csv,norms,True,,zh,300,4,cbow,word2vec
concrete_mean,0.07137095429306575,0.00509381311670288,0.01219174942686263,0.11041625526552977,Yee2017.csv,norms,True,,zh,300,4,cbow,word2vec
imagine_mean,0.0,-0.002890828851031986,-0.006919032987715901,0.0,Yee2017.csv,norms,True,,zh,300,4,cbow,word2vec
valence_mean_chinese,0.3924223116236644,0.15399527066006038,0.18769960818506493,0.4332431282606395,Yi2025.csv,norms,True,,zh,300,4,cbow,word2vec
arousal_mean_chinese,0.282340206302423,0.07971599209489479,0.09716311688120005,0.3117099884206473,Yi2025.csv,norms,True,,zh,300,4,cbow,word2vec
sensory_mean_chinese,0.27786733930101687,0.07721025825022644,0.09664533469765185,0.31087832780310026,Yi2025.csv,norms,True,,zh,300,4,cbow,word2vec
concrete_mean,0.09985029693797072,0.009970081798600924,0.04091547229917647,0.2022757333423277,Zhao2025.csv,norms,True,,zh,300,4,cbow,word2vec
imagine_mean,0.055784445722077206,0.003111904384519378,0.012770711435923787,0.11300757247159939,Zhao2025.csv,norms,True,,zh,300,4,cbow,word2vec
aoa_mean,0.14299546917718833,0.02044770420520422,0.08391380250332442,0.28967879194605256,Zhao2025.csv,norms,True,,zh,300,4,cbow,word2vec
familiar_mean,0.16460632993934268,0.027095243856099745,0.11119414281929457,0.33345785763615554,Zhao2025.csv,norms,True,,zh,300,4,cbow,word2vec
valence_mean,0.0,-0.009334149279772462,-0.03830571644321923,0.0,Zhao2025.csv,norms,True,,zh,300,4,cbow,word2vec
arousal_mean,0.13942091379239835,0.019438191202707376,0.07977093766794119,0.28243749338206,Zhao2025.csv,norms,True,,zh,300,4,cbow,word2vec
,0.03223379891507136,0.0010390177924972557,0.009666081101139867,0.09831623010032406,zh.subs.2018.tsv,counts,True,unigram_freq,zh,300,4,cbow,word2vec
,0.010954610559584002,0.00012000349251214932,0.006064795829621383,0.07787679904580942,zh.wiki.2018.tsv,counts,True,unigram_freq,zh,300,4,cbow,word2vec
aoa_cai_mean,0.26222041188359296,0.06875954440840115,0.12482184646889277,0.3533013536188232,Cai2021.csv,norms,False,,zh,300,4,sg,fasttext
valence_mean,0.2375022668851176,0.05640732677556963,0.13904384050440483,0.372885827706558,Chan2024.csv,norms,False,,zh,300,4,sg,fasttext
arousal_mean,0.20749709863362012,0.04305504594137028,0.10613052032408171,0.32577679525110703,Chan2024.csv,norms,False,,zh,300,4,sg,fasttext
concrete_mean,0.24679748585839287,0.06090899902602363,0.15014044504454988,0.38747960597243036,Chan2024.csv,norms,False,,zh,300,4,sg,fasttext
familiar_mean,0.10992056076511947,0.01208252967891832,0.029783388534782962,0.1725786444922516,Chan2024.csv,norms,False,,zh,300,4,sg,fasttext
imagine_mean,0.26140733601790167,0.06833379532397615,0.16844253896113898,0.4104175178536352,Chan2024.csv,norms,False,,zh,300,4,sg,fasttext
familiar_mean,0.17850533405562127,0.03186415428630894,0.08592173092337496,0.2931240879275788,Chang2016.csv,norms,False,,zh,300,4,sg,fasttext
gustatory_mean,0.0,-0.16099211417205922,-0.3165268685416758,0.0,Chen2019.csv,norms,False,,zh,300,4,sg,fasttext
visual_strength_mean,0.0,-0.04728183815386034,-0.09296090213301356,0.0,Chen2019.csv,norms,False,,zh,300,4,sg,fasttext
auditory_mean,0.0,-0.2175549065373003,-0.3657444805554614,0.0,Chen2019.csv,norms,False,,zh,300,4,sg,fasttext
olfactory_strength_mean,0.19591659138488374,0.038383310779871505,0.06452846449949412,0.2540245352313318,Chen2019.csv,norms,False,,zh,300,4,sg,fasttext
haptic_strength_mean,0.0,-0.2296863506552169,-0.3861393721160168,0.0,Chen2019.csv,norms,False,,zh,300,4,sg,fasttext
arousal_mean,0.0,-0.03276443068091456,-0.06142944014821139,0.0,Cheng2025.csv,norms,False,,zh,300,4,sg,fasttext
valence_mean,0.0,-0.02406719897961316,-0.04512315729369398,0.0,Cheng2025.csv,norms,False,,zh,300,4,sg,fasttext
familiar_mean,0.0,-0.2655255928392052,-0.7080682475712139,0.0,Li2021.csv,norms,False,,zh,300,4,sg,fasttext
aoa_mean,0.3047959064576724,0.09290054459335417,0.13185161630237496,0.3631137787283415,Liu2007.csv,norms,False,,zh,300,4,sg,fasttext
concrete_mean,0.0,-0.05608389543398999,-0.07959858894125327,0.0,Liu2007.csv,norms,False,,zh,300,4,sg,fasttext
familiar_mean,0.0,-0.06471470871438804,-0.0918481046572881,0.0,Liu2007.csv,norms,False,,zh,300,4,sg,fasttext
imagine_mean,0.0,-0.09521065342658755,-0.13513030088737366,0.0,Liu2007.csv,norms,False,,zh,300,4,sg,fasttext
valence_mean_all,0.0,-0.00769784214510356,-0.06871407144243957,0.0,Liu2021.csv,norms,False,,zh,300,4,sg,fasttext
arousal_mean_all,0.0,-0.01018981046113766,-0.09095839467907296,0.0,Liu2021.csv,norms,False,,zh,300,4,sg,fasttext
dominance_mean_all,0.0,-0.021355274299858246,-0.1906258684255745,0.0,Liu2021.csv,norms,False,,zh,300,4,sg,fasttext
familiar_mean_all,0.0,-0.032256898595462075,-0.2879382030469385,0.0,Liu2021.csv,norms,False,,zh,300,4,sg,fasttext
valence_mean_old,0.0,-0.009486047832528205,-0.08467632307650719,0.0,Liu2021.csv,norms,False,,zh,300,4,sg,fasttext
arousal_mean_old,0.0,-0.011154279581602786,-0.09956763851629846,0.0,Liu2021.csv,norms,False,,zh,300,4,sg,fasttext
dominance_mean_old,0.0,-0.020743669537353245,-0.18516643543732636,0.0,Liu2021.csv,norms,False,,zh,300,4,sg,fasttext
familiar_mean_old,0.0,-0.025997332339313336,-0.23206276746174936,0.0,Liu2021.csv,norms,False,,zh,300,4,sg,fasttext
valence_mean_young,0.0,-0.01107881300326525,-0.09889399312871405,0.0,Liu2021.csv,norms,False,,zh,300,4,sg,fasttext
arousal_mean_young,0.0,-0.016537434514705074,-0.14761986999706433,0.0,Liu2021.csv,norms,False,,zh,300,4,sg,fasttext
dominance_mean_young,0.0,-0.019322717325990345,-0.17248243777572336,0.0,Liu2021.csv,norms,False,,zh,300,4,sg,fasttext
familiar_mean_young,0.0,-0.032656871799846755,-0.2915085266289351,0.0,Liu2021.csv,norms,False,,zh,300,4,sg,fasttext
concrete_mean,0.0,-0.08228983985209577,-0.11562975154861233,0.0,Liu2025.csv,norms,False,,zh,300,4,sg,fasttext
arousal_mean,0.21995521127925377,0.048380294968901165,0.06798167911321007,0.2607329651448203,Liu2025.csv,norms,False,,zh,300,4,sg,fasttext
familiar_mean,0.0,-0.15417608555344509,-0.21664086963013363,0.0,Liu2025.csv,norms,False,,zh,300,4,sg,fasttext
valence_mean,0.22498846514896967,0.05061980945008914,0.07112853786897771,0.26669933983603655,Liu2025.csv,norms,False,,zh,300,4,sg,fasttext
aoa_mean,0.0,-0.0019977972808953486,-0.0024992285428661054,0.0,Song2021.csv,norms,False,,zh,300,4,sg,fasttext
concrete_mean,0.3423505298058167,0.1172038852583234,0.14662113026859702,0.38291138696648475,Song2021.csv,norms,False,,zh,300,4,sg,fasttext
emotional_experience_mean,0.11108385193222449,0.012339622160100375,0.015436769388776361,0.1242447962241331,Song2021.csv,norms,False,,zh,300,4,sg,fasttext
familiar_mean,0.0,-0.03582398295410974,-0.04481551835826625,0.0,Song2021.csv,norms,False,,zh,300,4,sg,fasttext
imagine_mean,0.0,-0.12929061197460456,-0.16174152946426223,0.0,Song2021.csv,norms,False,,zh,300,4,sg,fasttext
sensory_experience_mean,0.14449610945113384,0.02087912564651405,0.026119620476442673,0.16161565665628647,Song2021.csv,norms,False,,zh,300,4,sg,fasttext
aoa_mean,0.3395267765114583,0.11527843196826175,0.22440321098448107,0.47371216047773257,Su2023.csv,norms,False,,zh,300,4,sg,fasttext
familiar_mean,0.1913956264169939,0.03663228581155349,0.07130911152640484,0.26703765937860685,Su2023.csv,norms,False,,zh,300,4,sg,fasttext
imagine_mean,0.0,-0.017279157540437882,-0.03363594012320115,0.0,Su2023.csv,norms,False,,zh,300,4,sg,fasttext
concrete_mean,0.0,-0.015482382309835388,-0.030138302930533656,0.0,Su2023.csv,norms,False,,zh,300,4,sg,fasttext
aoa_mean,0.0,-0.09270464817515708,-0.1253824489266706,0.0,Wang2019.csv,norms,False,,zh,300,4,sg,fasttext
aoa_mean_chinese_l1,0.0,-0.14843644445039095,-0.15308871303257754,0.0,Wang2020_zh.csv,norms,False,,zh,300,4,sg,fasttext
familiar_mean_chinese_l1,0.0,-0.23119624508650066,-0.2384423565877426,0.0,Wang2020_zh.csv,norms,False,,zh,300,4,sg,fasttext
concrete_mean_chinese_l1,0.2875158848911374,0.08266538406473375,0.08525626779643941,0.29198675962522586,Wang2020_zh.csv,norms,False,,zh,300,4,sg,fasttext
familiar_mean,0.0,-0.19151975509820354,-0.2057064036239964,0.0,Weekes2007.csv,norms,False,,zh,300,4,sg,fasttext
imagine_mean,0.0,-0.4177357218382117,-0.4486791086410422,0.0,Weekes2007.csv,norms,False,,zh,300,4,sg,fasttext
aoa_mean_subjective,0.0,-0.05412888455670169,-0.058138431560901815,0.0,Weekes2007.csv,norms,False,,zh,300,4,sg,fasttext
aoa_mean,0.24503784908260842,0.06004354748303119,0.12459936661145593,0.35298635471000284,Xu2021.csv,norms,False,,zh,300,4,sg,fasttext
valence_mean,0.0,-0.27089780329962904,-0.38800466618436447,0.0,Yao2017.csv,norms,False,,zh,300,4,sg,fasttext
arousal_mean,0.0,-0.3047136793851768,-0.4364388637027271,0.0,Yao2017.csv,norms,False,,zh,300,4,sg,fasttext
concrete_mean,0.0,-0.26949026516524793,-0.3859886610439749,0.0,Yao2017.csv,norms,False,,zh,300,4,sg,fasttext
familiar_mean,0.0,-0.24549387925497712,-0.35161883747457656,0.0,Yao2017.csv,norms,False,,zh,300,4,sg,fasttext
imagine_mean,0.0,-0.43295476560877916,-0.6201175028250743,0.0,Yao2017.csv,norms,False,,zh,300,4,sg,fasttext
valence_mean,0.0,-0.22179752540315495,-0.5308596509649283,0.0,Yee2017.csv,norms,False,,zh,300,4,sg,fasttext
arousal_mean,0.0,-0.07400231379406871,-0.17712029203170543,0.0,Yee2017.csv,norms,False,,zh,300,4,sg,fasttext
familiar_mean,0.0,-0.1615973792672551,-0.38677405529539743,0.0,Yee2017.csv,norms,False,,zh,300,4,sg,fasttext
concrete_mean,0.0,-0.03769189742937173,-0.09021339384734872,0.0,Yee2017.csv,norms,False,,zh,300,4,sg,fasttext
imagine_mean,0.0,-0.05170429813002466,-0.12375127093415739,0.0,Yee2017.csv,norms,False,,zh,300,4,sg,fasttext
valence_mean_chinese,0.3677966025383381,0.13527434083874426,0.1648813022899574,0.4060557871647163,Yi2025.csv,norms,False,,zh,300,4,sg,fasttext
arousal_mean_chinese,0.19586504695739174,0.03836311661962127,0.04675950064827816,0.21623945210871712,Yi2025.csv,norms,False,,zh,300,4,sg,fasttext
sensory_mean_chinese,0.15125964383642707,0.022879479853522768,0.028638616658757332,0.16922947928406956,Yi2025.csv,norms,False,,zh,300,4,sg,fasttext
concrete_mean,0.0,-0.013993270282595699,-0.05742593432912224,0.0,Zhao2025.csv,norms,False,,zh,300,4,sg,fasttext
imagine_mean,0.0,-0.02022413551496968,-0.08299631569258048,0.0,Zhao2025.csv,norms,False,,zh,300,4,sg,fasttext
aoa_mean,0.0,-0.009555784803371848,-0.03921526987613255,0.0,Zhao2025.csv,norms,False,,zh,300,4,sg,fasttext
familiar_mean,0.0,-0.003943186426149116,-0.016182147573978067,0.0,Zhao2025.csv,norms,False,,zh,300,4,sg,fasttext
valence_mean,0.0,-0.01440077897006654,-0.05909827872415285,0.0,Zhao2025.csv,norms,False,,zh,300,4,sg,fasttext
arousal_mean,0.0,-0.0229565011581822,-0.0942094665016111,0.0,Zhao2025.csv,norms,False,,zh,300,4,sg,fasttext
,0.029547886464513264,0.0008730775945197661,0.008122323695663236,0.09012393519849894,zh.subs.2018.tsv,counts,False,unigram_freq,zh,300,4,sg,fasttext
,0.006785289508336003,4.6040153711934646e-05,0.0023268000487485785,0.048236915829565415,zh.wiki.2018.tsv,counts,False,unigram_freq,zh,300,4,sg,fasttext
aoa_cai_mean,0.32063801691657967,0.10280873789219681,0.1866326574332639,0.4320100200611832,Cai2021.csv,norms,True,,zh,300,4,sg,fasttext
valence_mean,0.2564962971977462,0.06579035047615454,0.16217295733109038,0.4027070366048877,Chan2024.csv,norms,True,,zh,300,4,sg,fasttext
arousal_mean,0.23032448981071232,0.05304937060656493,0.13076649164436116,0.3616164980256863,Chan2024.csv,norms,True,,zh,300,4,sg,fasttext
concrete_mean,0.2649331111951668,0.07018955340755062,0.17301697539940397,0.41595309278740067,Chan2024.csv,norms,True,,zh,300,4,sg,fasttext
familiar_mean,0.10101749825059682,0.010204534952809331,0.025154138859396713,0.15860056386847027,Chan2024.csv,norms,True,,zh,300,4,sg,fasttext
imagine_mean,0.2707318355483923,0.07329572677940174,0.18067368064645628,0.4250572674904598,Chan2024.csv,norms,True,,zh,300,4,sg,fasttext
familiar_mean,0.29080720618399075,0.08456883116853812,0.22803995646259995,0.4775352934209156,Chang2016.csv,norms,True,,zh,300,4,sg,fasttext
gustatory_mean,0.0,-0.01267177920530968,-0.024914006573151237,0.0,Chen2019.csv,norms,True,,zh,300,4,sg,fasttext
visual_strength_mean,0.21718331133834715,0.047168590723889424,0.09273824616900295,0.30452954892588496,Chen2019.csv,norms,True,,zh,300,4,sg,fasttext
auditory_mean,0.0,-0.05127231751421199,-0.08619693958911001,0.0,Chen2019.csv,norms,True,,zh,300,4,sg,fasttext
olfactory_strength_mean,0.2914479193173661,0.08494188967442193,0.142800858003376,0.3778900078109714,Chen2019.csv,norms,True,,zh,300,4,sg,fasttext
haptic_strength_mean,0.0,-0.04043911256887574,-0.06798459504332732,0.0,Chen2019.csv,norms,True,,zh,300,4,sg,fasttext
arousal_mean,0.13858435643969338,0.019205623849803982,0.03600827776561455,0.18975847218402278,Cheng2025.csv,norms,True,,zh,300,4,sg,fasttext
valence_mean,0.19521705218109517,0.03810969746227644,0.071451184429981,0.2673035436165802,Cheng2025.csv,norms,True,,zh,300,4,sg,fasttext
familiar_mean,0.0,-0.08585443247206917,-0.22894515325885112,0.0,Li2021.csv,norms,True,,zh,300,4,sg,fasttext
aoa_mean,0.3865302383080086,0.14940562512644592,0.21204798361319677,0.46048668125494874,Liu2007.csv,norms,True,,zh,300,4,sg,fasttext
concrete_mean,0.3013959968440122,0.09083954691359582,0.12892648947495888,0.35906335022521985,Liu2007.csv,norms,True,,zh,300,4,sg,fasttext
familiar_mean,0.20498808711845135,0.0420201158604818,0.059638188534515135,0.24420931295615067,Liu2007.csv,norms,True,,zh,300,4,sg,fasttext
imagine_mean,0.2527420777276985,0.06387855785411399,0.09066137488210396,0.30110027379945037,Liu2007.csv,norms,True,,zh,300,4,sg,fasttext
valence_mean_all,0.0,-0.0005289360086152307,-0.004721498050929029,0.0,Liu2021.csv,norms,True,,zh,300,4,sg,fasttext
arousal_mean_all,0.0,-0.004036683230000603,-0.03603307714398807,0.0,Liu2021.csv,norms,True,,zh,300,4,sg,fasttext
dominance_mean_all,0.0,-0.007315838890542935,-0.06530415494501962,0.0,Liu2021.csv,norms,True,,zh,300,4,sg,fasttext
familiar_mean_all,0.0,-0.0070440836414612795,-0.06287835700732969,0.0,Liu2021.csv,norms,True,,zh,300,4,sg,fasttext
valence_mean_old,0.052399253215922315,0.002745681737586345,0.02450907248009976,0.15655373671714054,Liu2021.csv,norms,True,,zh,300,4,sg,fasttext
arousal_mean_old,0.0,-0.0011543434544410037,-0.010304139407174673,0.0,Liu2021.csv,norms,True,,zh,300,4,sg,fasttext
dominance_mean_old,0.0,-0.010201260680426446,-0.09106060399584126,0.0,Liu2021.csv,norms,True,,zh,300,4,sg,fasttext
familiar_mean_old,0.0,-0.005295965178013659,-0.04727394024703102,0.0,Liu2021.csv,norms,True,,zh,300,4,sg,fasttext
valence_mean_young,0.0,-0.002220494770996537,-0.01982103990387385,0.0,Liu2021.csv,norms,True,,zh,300,4,sg,fasttext
arousal_mean_young,0.0,-0.009508817425842243,-0.08487957373197708,0.0,Liu2021.csv,norms,True,,zh,300,4,sg,fasttext
dominance_mean_young,0.0,-0.006341157137061047,-0.056603748989696445,0.0,Liu2021.csv,norms,True,,zh,300,4,sg,fasttext
familiar_mean_young,0.0,-0.009285786600593265,-0.08288870982867236,0.0,Liu2021.csv,norms,True,,zh,300,4,sg,fasttext
concrete_mean,0.38660384458517,0.14946253264803427,0.21001761027826832,0.4582767834816295,Liu2025.csv,norms,True,,zh,300,4,sg,fasttext
arousal_mean,0.4505580198316536,0.20300252923462075,0.2852494555989987,0.5340874980740503,Liu2025.csv,norms,True,,zh,300,4,sg,fasttext
familiar_mean,0.22687670652222125,0.051473039962370105,0.07232745662159734,0.2689376444858498,Liu2025.csv,norms,True,,zh,300,4,sg,fasttext
valence_mean,0.5319261718542214,0.2829454523034867,0.39758143180817807,0.6305405869634231,Liu2025.csv,norms,True,,zh,300,4,sg,fasttext
aoa_mean,0.28567012893433186,0.0816074225653578,0.10209023795130573,0.3195156302144008,Song2021.csv,norms,True,,zh,300,4,sg,fasttext
concrete_mean,0.44489360738305433,0.19793032189030732,0.2476092618092039,0.49760351868651803,Song2021.csv,norms,True,,zh,300,4,sg,fasttext
emotional_experience_mean,0.303951161267656,0.0923863084359566,0.11557453862871159,0.33996255474494774,Song2021.csv,norms,True,,zh,300,4,sg,fasttext
familiar_mean,0.17698623692636756,0.03132412806135631,0.03918623560056578,0.19795513532254166,Song2021.csv,norms,True,,zh,300,4,sg,fasttext
imagine_mean,0.0,-0.04169424033243992,-0.05215916374921303,0.0,Song2021.csv,norms,True,,zh,300,4,sg,fasttext
sensory_experience_mean,0.3262867204872295,0.10646302396631142,0.13318439803722093,0.36494437663460566,Song2021.csv,norms,True,,zh,300,4,sg,fasttext
aoa_mean,0.3761395134088046,0.14148093354741229,0.27540950409407305,0.5247947256728797,Su2023.csv,norms,True,,zh,300,4,sg,fasttext
familiar_mean,0.3070121273550614,0.09425644634308045,0.1834814097852847,0.4283473004295518,Su2023.csv,norms,True,,zh,300,4,sg,fasttext
imagine_mean,0.27166645105927195,0.07380266063113981,0.1436656774563469,0.379032554612855,Su2023.csv,norms,True,,zh,300,4,sg,fasttext
concrete_mean,0.27297571033972906,0.07451573843547966,0.1450537684135494,0.38085925013520333,Su2023.csv,norms,True,,zh,300,4,sg,fasttext
aoa_mean,0.19084949300366394,0.03642352897975557,0.04926259202671929,0.22195177860679396,Wang2019.csv,norms,True,,zh,300,4,sg,fasttext
aoa_mean_chinese_l1,0.45577798230812394,0.20773356915686453,0.21424431765149693,0.46286533425122356,Wang2020_zh.csv,norms,True,,zh,300,4,sg,fasttext
familiar_mean_chinese_l1,0.29660941070314356,0.08797714251766608,0.09073450643594749,0.3012216898497641,Wang2020_zh.csv,norms,True,,zh,300,4,sg,fasttext
concrete_mean_chinese_l1,0.6819084732933063,0.4649991659492078,0.47957308691921235,0.6925121565136689,Wang2020_zh.csv,norms,True,,zh,300,4,sg,fasttext
familiar_mean,0.3665114593889832,0.13433064986344231,0.14428106837184546,0.3798434787802016,Weekes2007.csv,norms,True,,zh,300,4,sg,fasttext
imagine_mean,0.0,-0.05871836846694809,-0.06306787724227758,0.0,Weekes2007.csv,norms,True,,zh,300,4,sg,fasttext
aoa_mean_subjective,0.4409633857617633,0.19444870758247768,0.2088523155515501,0.45700362750371043,Weekes2007.csv,norms,True,,zh,300,4,sg,fasttext
aoa_mean,0.24777628458628767,0.061393087203385016,0.1273998639408419,0.35693117535575664,Xu2021.csv,norms,True,,zh,300,4,sg,fasttext
valence_mean,0.0,-0.004042888449915939,-0.005790595436077517,0.0,Yao2017.csv,norms,True,,zh,300,4,sg,fasttext
arousal_mean,0.0,-0.04638502831919242,-0.06643688951967663,0.0,Yao2017.csv,norms,True,,zh,300,4,sg,fasttext
concrete_mean,0.0,-0.013333501761811627,-0.01909746346092811,0.0,Yao2017.csv,norms,True,,zh,300,4,sg,fasttext
familiar_mean,0.20370898387266298,0.04149735011043287,0.05943630875192207,0.2437956290664828,Yao2017.csv,norms,True,,zh,300,4,sg,fasttext
imagine_mean,0.0,-0.06758829109443817,-0.09680614609880467,0.0,Yao2017.csv,norms,True,,zh,300,4,sg,fasttext
valence_mean,0.0,-0.011614060312507805,-0.027797586977477695,0.0,Yee2017.csv,norms,True,,zh,300,4,sg,fasttext
arousal_mean,0.0,-0.027118174075388513,-0.0649057936886348,0.0,Yee2017.csv,norms,True,,zh,300,4,sg,fasttext
familiar_mean,0.0,-0.047864846771620714,-0.11456176440420696,0.0,Yee2017.csv,norms,True,,zh,300,4,sg,fasttext
concrete_mean,0.21294321917791467,0.0453448145938534,0.10853021197873108,0.3294392386749506,Yee2017.csv,norms,True,,zh,300,4,sg,fasttext
imagine_mean,0.19177725805254636,0.03677851670615296,0.08802726949341527,0.2966938986454141,Yee2017.csv,norms,True,,zh,300,4,sg,fasttext
valence_mean_chinese,0.442709079328593,0.19599132891997043,0.23888717808195453,0.48876085980973816,Yi2025.csv,norms,True,,zh,300,4,sg,fasttext
arousal_mean_chinese,0.29991818202658266,0.08995091591013037,0.10963811810487045,0.3311164721134702,Yi2025.csv,norms,True,,zh,300,4,sg,fasttext
sensory_mean_chinese,0.25114782589451806,0.06307523045154315,0.07895229074827026,0.2809845026834581,Yi2025.csv,norms,True,,zh,300,4,sg,fasttext
concrete_mean,0.058874937008258764,0.0034662582077264375,0.014224917562855488,0.11926825882377712,Zhao2025.csv,norms,True,,zh,300,4,sg,fasttext
imagine_mean,0.07784916109160638,0.00606049188266688,0.02487119892832146,0.15770605228817777,Zhao2025.csv,norms,True,,zh,300,4,sg,fasttext
aoa_mean,0.1098053799750953,0.01205722147147506,0.04948072855233754,0.22244264103884745,Zhao2025.csv,norms,True,,zh,300,4,sg,fasttext
familiar_mean,0.12605716098016032,0.015890407834378055,0.06521145510173726,0.2553653365312866,Zhao2025.csv,norms,True,,zh,300,4,sg,fasttext
valence_mean,0.10455401589506817,0.010931542239786167,0.04486113782557055,0.21180448018295212,Zhao2025.csv,norms,True,,zh,300,4,sg,fasttext
arousal_mean,0.1355905563837339,0.018384798980450527,0.07544800018753195,0.27467799363533285,Zhao2025.csv,norms,True,,zh,300,4,sg,fasttext
,0.021205692603617647,0.00044968139879912416,0.004183428716864668,0.0646794303999708,zh.subs.2018.tsv,counts,True,unigram_freq,zh,300,4,sg,fasttext
,0.00976932223403778,9.54396569124649e-05,0.004823376562683057,0.06945053320661446,zh.wiki.2018.tsv,counts,True,unigram_freq,zh,300,4,sg,fasttext
aoa_cai_mean,0.2534809444728387,0.06425258921084233,0.11664019729491815,0.34152627614126285,Cai2021.csv,norms,False,,zh,300,4,sg,word2vec
valence_mean,0.22629503268745146,0.05120944181901473,0.12623107435905923,0.35529012702164864,Chan2024.csv,norms,False,,zh,300,4,sg,word2vec
arousal_mean,0.19969338179849158,0.039877446734118124,0.09829775067133778,0.3135247209891714,Chan2024.csv,norms,False,,zh,300,4,sg,word2vec
concrete_mean,0.23789406464705534,0.05659358599429735,0.13950296875212864,0.3735009621836718,Chan2024.csv,norms,False,,zh,300,4,sg,word2vec
familiar_mean,0.07280937446928376,0.005301205010608391,0.013067449675623122,0.11431294622930126,Chan2024.csv,norms,False,,zh,300,4,sg,word2vec
imagine_mean,0.2569060939935584,0.06600074113102707,0.1626915694747948,0.4033504301160404,Chan2024.csv,norms,False,,zh,300,4,sg,word2vec
familiar_mean,0.1381154382433934,0.019075874281164612,0.05143811828135031,0.22679973166066644,Chang2016.csv,norms,False,,zh,300,4,sg,word2vec
gustatory_mean,0.0,-0.17890180724531005,-0.3517391464484062,0.0,Chen2019.csv,norms,False,,zh,300,4,sg,word2vec
visual_strength_mean,0.0,-0.14614868214845492,-0.287343171681708,0.0,Chen2019.csv,norms,False,,zh,300,4,sg,word2vec
auditory_mean,0.0,-0.21127966916057805,-0.35519480612502974,0.0,Chen2019.csv,norms,False,,zh,300,4,sg,word2vec
olfactory_strength_mean,0.0,-0.0356713993077131,-0.05996930898108288,0.0,Chen2019.csv,norms,False,,zh,300,4,sg,word2vec
haptic_strength_mean,0.0,-0.2707225287554012,-0.4551277295018339,0.0,Chen2019.csv,norms,False,,zh,300,4,sg,word2vec
arousal_mean,0.0,-0.06370209290367383,-0.11943390506160945,0.0,Cheng2025.csv,norms,False,,zh,300,4,sg,word2vec
valence_mean,0.0,-0.04077709699671682,-0.07645224370819759,0.0,Cheng2025.csv,norms,False,,zh,300,4,sg,word2vec
familiar_mean,0.0,-0.21127596712537833,-0.5634025790010089,0.0,Li2021.csv,norms,False,,zh,300,4,sg,word2vec
aoa_mean,0.35715226978824044,0.1275577438148921,0.18103978579993119,0.4254877034650134,Liu2007.csv,norms,False,,zh,300,4,sg,word2vec
concrete_mean,0.0,-0.06301818101950328,-0.0894402617361143,0.0,Liu2007.csv,norms,False,,zh,300,4,sg,word2vec
familiar_mean,0.0,-0.09067204148233207,-0.12868875285082793,0.0,Liu2007.csv,norms,False,,zh,300,4,sg,word2vec
imagine_mean,0.0,-0.06887310107432741,-0.09775001574163578,0.0,Liu2007.csv,norms,False,,zh,300,4,sg,word2vec
valence_mean_all,0.0,-0.0069286655011963445,-0.06184808772063577,0.0,Liu2021.csv,norms,False,,zh,300,4,sg,word2vec
arousal_mean_all,0.0,-0.0016712676478419866,-0.014918415107576521,0.0,Liu2021.csv,norms,False,,zh,300,4,sg,word2vec
dominance_mean_all,0.0,-0.013836779717119522,-0.12351272630606258,0.0,Liu2021.csv,norms,False,,zh,300,4,sg,word2vec
familiar_mean_all,0.0,-0.013700034951981107,-0.12229208688738114,0.0,Liu2021.csv,norms,False,,zh,300,4,sg,word2vec
valence_mean_old,0.0,-0.006208147221970598,-0.055416448362352266,0.0,Liu2021.csv,norms,False,,zh,300,4,sg,word2vec
arousal_mean_old,0.0,-0.003427309779866047,-0.03059356175793848,0.0,Liu2021.csv,norms,False,,zh,300,4,sg,word2vec
dominance_mean_old,0.0,-0.016531296146096087,-0.14756507642099626,0.0,Liu2021.csv,norms,False,,zh,300,4,sg,word2vec
familiar_mean_old,0.0,-0.016867903012159163,-0.15056976628169783,0.0,Liu2021.csv,norms,False,,zh,300,4,sg,word2vec
valence_mean_young,0.0,-0.007374067099675916,-0.06582392363433653,0.0,Liu2021.csv,norms,False,,zh,300,4,sg,word2vec
arousal_mean_young,0.0,-0.011536795487478777,-0.10298213114797072,0.0,Liu2021.csv,norms,False,,zh,300,4,sg,word2vec
dominance_mean_young,0.0,-0.021493401492460613,-0.19185884795434538,0.0,Liu2021.csv,norms,False,,zh,300,4,sg,word2vec
familiar_mean_young,0.0,-0.006925083742497598,-0.06181611548497856,0.0,Liu2021.csv,norms,False,,zh,300,4,sg,word2vec
concrete_mean,0.19314642556522424,0.03730554170862271,0.052419964930149,0.22895406729330886,Liu2025.csv,norms,False,,zh,300,4,sg,word2vec
arousal_mean,0.0,-0.024362107590693016,-0.03423246968247262,0.0,Liu2025.csv,norms,False,,zh,300,4,sg,word2vec
familiar_mean,0.0,-0.10126298125534539,-0.14228990340329561,0.0,Liu2025.csv,norms,False,,zh,300,4,sg,word2vec
valence_mean,0.259849091233838,0.06752155021505146,0.09487805650826903,0.30802281816168914,Liu2025.csv,norms,False,,zh,300,4,sg,word2vec
aoa_mean,0.0,-0.05004073021377447,-0.06260055634877937,0.0,Song2021.csv,norms,False,,zh,300,4,sg,word2vec
concrete_mean,0.27221057888036937,0.0740985992543858,0.09269675958311557,0.30446142544354543,Song2021.csv,norms,False,,zh,300,4,sg,word2vec
emotional_experience_mean,0.0,-0.011305431305791406,-0.014143004837899764,0.0,Song2021.csv,norms,False,,zh,300,4,sg,word2vec
familiar_mean,0.0,-0.07152769238273803,-0.08948057549070698,0.0,Song2021.csv,norms,False,,zh,300,4,sg,word2vec
imagine_mean,0.0,-0.17686775902386542,-0.22126016282648242,0.0,Song2021.csv,norms,False,,zh,300,4,sg,word2vec
sensory_experience_mean,0.08643331013830577,0.00747071710146455,0.009345807802526584,0.09667371826161744,Song2021.csv,norms,False,,zh,300,4,sg,word2vec
aoa_mean,0.3520850093751435,0.12396385382669488,0.24131042008256975,0.49123356978383487,Su2023.csv,norms,False,,zh,300,4,sg,word2vec
familiar_mean,0.20483776799665393,0.04195851119785102,0.0816772442178808,0.2857923095849166,Su2023.csv,norms,False,,zh,300,4,sg,word2vec
imagine_mean,0.0,-0.05536851885906824,-0.10778142283242109,0.0,Su2023.csv,norms,False,,zh,300,4,sg,word2vec
concrete_mean,0.0,-0.02991835889627586,-0.05823965237104234,0.0,Su2023.csv,norms,False,,zh,300,4,sg,word2vec
aoa_mean,0.0,-0.12128998745320006,-0.16404393907448866,0.0,Wang2019.csv,norms,False,,zh,300,4,sg,word2vec
aoa_mean_chinese_l1,0.0,-0.033969802828470265,-0.03503447833337825,0.0,Wang2020_zh.csv,norms,False,,zh,300,4,sg,word2vec
familiar_mean_chinese_l1,0.0,-0.2534579916354447,-0.26140182682872015,0.0,Wang2020_zh.csv,norms,False,,zh,300,4,sg,word2vec
concrete_mean_chinese_l1,0.3860913434236814,0.1490665254667031,0.15373854193578684,0.3920950674718911,Wang2020_zh.csv,norms,False,,zh,300,4,sg,word2vec
familiar_mean,0.0,-0.11630717189770495,-0.12492251796420162,0.0,Weekes2007.csv,norms,False,,zh,300,4,sg,word2vec
imagine_mean,0.0,-0.5248890466713411,-0.5637697167951441,0.0,Weekes2007.csv,norms,False,,zh,300,4,sg,word2vec
aoa_mean_subjective,0.0,-0.15975953152708441,-0.17159357089946103,0.0,Weekes2007.csv,norms,False,,zh,300,4,sg,word2vec
aoa_mean,0.23606202886564692,0.05572528147216552,0.11563831696718402,0.3400563438125865,Xu2021.csv,norms,False,,zh,300,4,sg,word2vec
valence_mean,0.0,-0.21451990582582767,-0.30725507344845104,0.0,Yao2017.csv,norms,False,,zh,300,4,sg,word2vec
arousal_mean,0.0,-0.24107701480431196,-0.3452925993290926,0.0,Yao2017.csv,norms,False,,zh,300,4,sg,word2vec
concrete_mean,0.0,-0.24269363006625613,-0.3476080638969814,0.0,Yao2017.csv,norms,False,,zh,300,4,sg,word2vec
familiar_mean,0.0,-0.16711352406502678,-0.2393553079056373,0.0,Yao2017.csv,norms,False,,zh,300,4,sg,word2vec
imagine_mean,0.0,-0.27141191654653407,-0.3887410263036295,0.0,Yao2017.csv,norms,False,,zh,300,4,sg,word2vec
valence_mean,0.0,-0.029633074935047528,-0.07092506459863834,0.0,Yee2017.csv,norms,False,,zh,300,4,sg,word2vec
arousal_mean,0.0,-0.039495979754388615,-0.09453136137935636,0.0,Yee2017.csv,norms,False,,zh,300,4,sg,word2vec
familiar_mean,0.0,-0.1200982634801904,-0.2874483027558655,0.0,Yee2017.csv,norms,False,,zh,300,4,sg,word2vec
concrete_mean,0.0,-0.003939973844052835,-0.00943010133166744,0.0,Yee2017.csv,norms,False,,zh,300,4,sg,word2vec
imagine_mean,0.08373267967884729,0.007011161646200447,0.016780813120414184,0.12954077782850534,Yee2017.csv,norms,False,,zh,300,4,sg,word2vec
valence_mean_chinese,0.31629610034388367,0.10004322309274814,0.1219392887560285,0.34919806522377594,Yi2025.csv,norms,False,,zh,300,4,sg,word2vec
arousal_mean_chinese,0.16615917781523695,0.02760887237223553,0.03365151737769634,0.18344349914264158,Yi2025.csv,norms,False,,zh,300,4,sg,word2vec
sensory_mean_chinese,0.15484385182752833,0.02397661844878555,0.030011922863811658,0.17323949568101282,Yi2025.csv,norms,False,,zh,300,4,sg,word2vec
concrete_mean,0.0,-0.0746500089461531,-0.3063505831615354,0.0,Zhao2025.csv,norms,False,,zh,300,4,sg,word2vec
imagine_mean,0.0,-0.046820848151530724,-0.1921445735617463,0.0,Zhao2025.csv,norms,False,,zh,300,4,sg,word2vec
aoa_mean,0.0,-0.0238193328581662,-0.09775037692067112,0.0,Zhao2025.csv,norms,False,,zh,300,4,sg,word2vec
familiar_mean,0.0,-0.06022438856870216,-0.2471503596453296,0.0,Zhao2025.csv,norms,False,,zh,300,4,sg,word2vec
valence_mean,0.0,-0.0411350071745767,-0.16881087643774373,0.0,Zhao2025.csv,norms,False,,zh,300,4,sg,word2vec
arousal_mean,0.0,-0.07854722421794862,-0.3223440731567181,0.0,Zhao2025.csv,norms,False,,zh,300,4,sg,word2vec
,0.019692873697198198,0.0003878092744538006,0.0036078264739191623,0.060065185206733214,zh.subs.2018.tsv,counts,False,unigram_freq,zh,300,4,sg,word2vec
,0.0,-0.0015036179594401897,-0.07599058776421397,0.0,zh.wiki.2018.tsv,counts,False,unigram_freq,zh,300,4,sg,word2vec
aoa_cai_mean,0.34028609692924977,0.11579462776334276,0.21020644294485147,0.4584827618840772,Cai2021.csv,norms,True,,zh,300,4,sg,word2vec
valence_mean,0.2512413217658558,0.06312220176265429,0.15559598115850848,0.3944565643496233,Chan2024.csv,norms,True,,zh,300,4,sg,word2vec
arousal_mean,0.2350956964288278,0.055269986479355555,0.1362403011100417,0.36910743843770166,Chan2024.csv,norms,True,,zh,300,4,sg,word2vec
concrete_mean,0.26970760869250116,0.07274219418662733,0.17930922496413082,0.4234491999805063,Chan2024.csv,norms,True,,zh,300,4,sg,word2vec
familiar_mean,0.10706758319841497,0.011463467371949513,0.028257402362544426,0.16809938239786731,Chan2024.csv,norms,True,,zh,300,4,sg,word2vec
imagine_mean,0.28329537230251023,0.08025626796801787,0.1978313875291985,0.44478240469829566,Chan2024.csv,norms,True,,zh,300,4,sg,word2vec
familiar_mean,0.32809463671516725,0.10764609064125756,0.2902678147966864,0.5387650831268544,Chang2016.csv,norms,True,,zh,300,4,sg,word2vec
gustatory_mean,0.15404472579277384,0.02372977754457088,0.046655155850342744,0.2159980459410287,Chen2019.csv,norms,True,,zh,300,4,sg,word2vec
visual_strength_mean,0.1989373692597682,0.039576076887997365,0.07781059184758804,0.2789454997801327,Chen2019.csv,norms,True,,zh,300,4,sg,word2vec
auditory_mean,0.0,-0.03806417809261337,-0.0639919515759877,0.0,Chen2019.csv,norms,True,,zh,300,4,sg,word2vec
olfactory_strength_mean,0.28705999881000266,0.08240344291679874,0.13853332432389354,0.3722006506226091,Chen2019.csv,norms,True,,zh,300,4,sg,word2vec
haptic_strength_mean,0.1850165548619963,0.03423112557300209,0.057547979224177426,0.2398915989028741,Chen2019.csv,norms,True,,zh,300,4,sg,word2vec
arousal_mean,0.21173644273423975,0.04483232118174999,0.08405531039316771,0.28992293871504493,Cheng2025.csv,norms,True,,zh,300,4,sg,word2vec
valence_mean,0.22397607169785863,0.05016528069320431,0.09405397999656012,0.3066822133684315,Cheng2025.csv,norms,True,,zh,300,4,sg,word2vec
familiar_mean,0.0,-0.01759222795621951,-0.04691260788325202,0.0,Li2021.csv,norms,True,,zh,300,4,sg,word2vec
aoa_mean,0.42935194866023724,0.184343095818343,0.2616339359927808,0.5115016480841297,Liu2007.csv,norms,True,,zh,300,4,sg,word2vec
concrete_mean,0.34945937731397697,0.12212185639267252,0.17332475521755208,0.4163228977819405,Liu2007.csv,norms,True,,zh,300,4,sg,word2vec
familiar_mean,0.2264130820852421,0.051262883739338586,0.0727562374035432,0.26973364158655333,Liu2007.csv,norms,True,,zh,300,4,sg,word2vec
imagine_mean,0.30036491260804293,0.09021908072603728,0.1280458760183999,0.35783498434110644,Liu2007.csv,norms,True,,zh,300,4,sg,word2vec
valence_mean_all,0.06832542579363084,0.004668363809880954,0.04167171504750877,0.20413651081447623,Liu2021.csv,norms,True,,zh,300,4,sg,word2vec
arousal_mean_all,0.0,-0.008776383777553187,-0.07834157294075617,0.0,Liu2021.csv,norms,True,,zh,300,4,sg,word2vec
dominance_mean_all,0.0,-0.0033571987691908647,-0.029967722346630143,0.0,Liu2021.csv,norms,True,,zh,300,4,sg,word2vec
familiar_mean_all,0.0,-0.007220958964848291,-0.06445721811912197,0.0,Liu2021.csv,norms,True,,zh,300,4,sg,word2vec
valence_mean_old,0.0514751623179012,0.002649692335654276,0.023652232017831676,0.1537928217370098,Liu2021.csv,norms,True,,zh,300,4,sg,word2vec
arousal_mean_old,0.0,-0.009630576133929777,-0.08596644150720001,0.0,Liu2021.csv,norms,True,,zh,300,4,sg,word2vec
dominance_mean_old,0.0,-0.004587402231537904,-0.04094901905381454,0.0,Liu2021.csv,norms,True,,zh,300,4,sg,word2vec
familiar_mean_old,0.0,-0.008050936302446566,-0.07186593357422,0.0,Liu2021.csv,norms,True,,zh,300,4,sg,word2vec
valence_mean_young,0.09263904803909775,0.008581993221590261,0.07660636373558061,0.2767785463788344,Liu2021.csv,norms,True,,zh,300,4,sg,word2vec
arousal_mean_young,0.0,-0.0076507327915940684,-0.06829355418297389,0.0,Liu2021.csv,norms,True,,zh,300,4,sg,word2vec
dominance_mean_young,0.0,-0.001906501533500051,-0.01701820849384028,0.0,Liu2021.csv,norms,True,,zh,300,4,sg,word2vec
familiar_mean_young,0.0,-0.0053393086108167054,-0.047660841365818385,0.0,Liu2021.csv,norms,True,,zh,300,4,sg,word2vec
concrete_mean,0.3999700817113766,0.1599760662642053,0.22479072542979667,0.4741210029410179,Liu2025.csv,norms,True,,zh,300,4,sg,word2vec
arousal_mean,0.4375489489185478,0.19144908269972596,0.26901510449610205,0.5186666602897299,Liu2025.csv,norms,True,,zh,300,4,sg,word2vec
familiar_mean,0.15867724990378226,0.02517846963702737,0.035379582628141504,0.1880946108428987,Liu2025.csv,norms,True,,zh,300,4,sg,word2vec
valence_mean,0.5049937281073787,0.25501866542778917,0.35834004509759604,0.5986151059717721,Liu2025.csv,norms,True,,zh,300,4,sg,word2vec
aoa_mean,0.21105620203029524,0.0445447204154528,0.055725091710204344,0.23606162693289298,Song2021.csv,norms,True,,zh,300,4,sg,word2vec
concrete_mean,0.4164308378410345,0.17341464270498597,0.2169403417172493,0.46576854951493807,Song2021.csv,norms,True,,zh,300,4,sg,word2vec
emotional_experience_mean,0.30509894275080385,0.0930853648676583,0.11644905267670347,0.34124632258341403,Song2021.csv,norms,True,,zh,300,4,sg,word2vec
familiar_mean,0.15077549245471217,0.022733249124960962,0.028439114232714058,0.1686390056680662,Song2021.csv,norms,True,,zh,300,4,sg,word2vec
imagine_mean,0.0,-0.04618834404791589,-0.057781251829783664,0.0,Song2021.csv,norms,True,,zh,300,4,sg,word2vec
sensory_experience_mean,0.28659888288799024,0.08213891967264395,0.1027551366142897,0.32055442067500756,Song2021.csv,norms,True,,zh,300,4,sg,word2vec
aoa_mean,0.4160500386847888,0.17309763468961425,0.33695518211821707,0.5804784079689933,Su2023.csv,norms,True,,zh,300,4,sg,word2vec
familiar_mean,0.34978869404462665,0.12235213048144543,0.23817300844608774,0.48802972086348156,Su2023.csv,norms,True,,zh,300,4,sg,word2vec
imagine_mean,0.2950916860251067,0.08707910316114016,0.16950985561972837,0.41171574614013534,Su2023.csv,norms,True,,zh,300,4,sg,word2vec
concrete_mean,0.3091209894046091,0.09555578609048444,0.18601072950709963,0.43128961210200695,Su2023.csv,norms,True,,zh,300,4,sg,word2vec
aoa_mean,0.288344674242038,0.08314265116374704,0.11244990859002135,0.3353355164458745,Wang2019.csv,norms,True,,zh,300,4,sg,word2vec
aoa_mean_chinese_l1,0.49715747284149336,0.24716555280214023,0.25491217149917106,0.5048882762544314,Wang2020_zh.csv,norms,True,,zh,300,4,sg,word2vec
familiar_mean_chinese_l1,0.28143812814516717,0.07920741997385553,0.08168992481142984,0.28581449370427287,Wang2020_zh.csv,norms,True,,zh,300,4,sg,word2vec
concrete_mean_chinese_l1,0.6644773274680197,0.4415301187190419,0.45536847699427146,0.6748099562056501,Wang2020_zh.csv,norms,True,,zh,300,4,sg,word2vec
familiar_mean,0.4003782389414057,0.16030273421782135,0.17217701082654885,0.41494217769051733,Weekes2007.csv,norms,True,,zh,300,4,sg,word2vec
imagine_mean,0.0,-0.09793845637488006,-0.1051931568470934,0.0,Weekes2007.csv,norms,True,,zh,300,4,sg,word2vec
aoa_mean_subjective,0.40710866349299657,0.1657374638910539,0.178014313068169,0.42191742446617325,Weekes2007.csv,norms,True,,zh,300,4,sg,word2vec
aoa_mean,0.23731395045672063,0.056317911081374857,0.11686811229137845,0.3418597845482537,Xu2021.csv,norms,True,,zh,300,4,sg,word2vec
valence_mean,0.0,-0.024033484337412887,-0.03442295933744033,0.0,Yao2017.csv,norms,True,,zh,300,4,sg,word2vec
arousal_mean,0.0,-0.05367320795440691,-0.07687568847636406,0.0,Yao2017.csv,norms,True,,zh,300,4,sg,word2vec
concrete_mean,0.0,-0.020807861976071356,-0.0298029273094772,0.0,Yao2017.csv,norms,True,,zh,300,4,sg,word2vec
familiar_mean,0.14229202752769268,0.020247021097941655,0.028999639593406012,0.17029280546578007,Yao2017.csv,norms,True,,zh,300,4,sg,word2vec
imagine_mean,0.0,-0.05058296450240102,-0.07244955853208479,0.0,Yao2017.csv,norms,True,,zh,300,4,sg,word2vec
valence_mean,0.08114292583206374,0.006584174412587797,0.01575884367602981,0.12553423308416636,Yee2017.csv,norms,True,,zh,300,4,sg,word2vec
arousal_mean,0.06430636349550921,0.00413530838601656,0.009897623350137996,0.09948679987886834,Yee2017.csv,norms,True,,zh,300,4,sg,word2vec
familiar_mean,0.0,-0.07231389314989625,-0.173079154096473,0.0,Yee2017.csv,norms,True,,zh,300,4,sg,word2vec
concrete_mean,0.03805757393903421,0.0014483789341250557,0.0034666118751189856,0.05887794047959716,Yee2017.csv,norms,True,,zh,300,4,sg,word2vec
imagine_mean,0.0,-0.0008198967355518618,-0.0019623757932880626,0.0,Yee2017.csv,norms,True,,zh,300,4,sg,word2vec
valence_mean_chinese,0.43602671301724705,0.1901192944646247,0.23172995460493867,0.4813833759125243,Yi2025.csv,norms,True,,zh,300,4,sg,word2vec
arousal_mean_chinese,0.3216761032541228,0.10347551540475708,0.12612279334924958,0.35513771040154213,Yi2025.csv,norms,True,,zh,300,4,sg,word2vec
sensory_mean_chinese,0.26815044981399844,0.07190466373544968,0.09000423584277112,0.30000705965488733,Yi2025.csv,norms,True,,zh,300,4,sg,word2vec
concrete_mean,0.0,-0.0005731740961001936,-0.0023522062632308494,0.0,Zhao2025.csv,norms,True,,zh,300,4,sg,word2vec
imagine_mean,0.0,-0.0005232624906952281,-0.002147377762361291,0.0,Zhao2025.csv,norms,True,,zh,300,4,sg,word2vec
aoa_mean,0.1617381525620417,0.026159229994182274,0.10735290560454036,0.3276475325781355,Zhao2025.csv,norms,True,,zh,300,4,sg,word2vec
familiar_mean,0.15308978338274437,0.023436481776175595,0.09617922302681897,0.310127752751699,Zhao2025.csv,norms,True,,zh,300,4,sg,word2vec
valence_mean,0.0,-0.002671948894868108,-0.010965211038502454,0.0,Zhao2025.csv,norms,True,,zh,300,4,sg,word2vec
arousal_mean,0.11557024686028722,0.013356481959347728,0.054812666401476196,0.23412105074400336,Zhao2025.csv,norms,True,,zh,300,4,sg,word2vec
,0.0223865680213793,0.0005011584277758423,0.004662324401354112,0.0682812155819894,zh.subs.2018.tsv,counts,True,unigram_freq,zh,300,4,sg,word2vec
,0.0,-5.881207763637267e-05,-0.0029722738539824656,0.0,zh.wiki.2018.tsv,counts,True,unigram_freq,zh,300,4,sg,word2vec
aoa_cai_mean,0.0,-0.07516205916818829,-0.13644457784730668,0.0,Cai2021.csv,norms,False,,zh,500,6,cbow,fasttext
valence_mean,0.12940316497080256,0.016745179104460745,0.041276801183684875,0.20316692935535763,Chan2024.csv,norms,False,,zh,500,6,cbow,fasttext
arousal_mean,0.06673490303850795,0.004453547283559058,0.01097797668444389,0.10477584017531852,Chan2024.csv,norms,False,,zh,500,6,cbow,fasttext
concrete_mean,0.1553843156714038,0.024144285556670465,0.05951556973071237,0.24395813110186013,Chan2024.csv,norms,False,,zh,500,6,cbow,fasttext
familiar_mean,0.0,-0.007476455780933176,-0.01842943434065636,0.0,Chan2024.csv,norms,False,,zh,500,6,cbow,fasttext
imagine_mean,0.1637150968928191,0.026802632950625148,0.0660683856888411,0.2570377125809384,Chan2024.csv,norms,False,,zh,500,6,cbow,fasttext
familiar_mean,0.0,-0.11037384285975897,-0.2976232019831092,0.0,Chang2016.csv,norms,False,,zh,500,6,cbow,fasttext
gustatory_mean,0.0,-0.18645882896895893,-0.3665970196677837,0.0,Chen2019.csv,norms,False,,zh,500,6,cbow,fasttext
visual_strength_mean,0.0,-0.05171394749966046,-0.10167487982984091,0.0,Chen2019.csv,norms,False,,zh,500,6,cbow,fasttext
auditory_mean,0.0,-0.2678647605240973,-0.4503233655187723,0.0,Chen2019.csv,norms,False,,zh,500,6,cbow,fasttext
olfactory_strength_mean,0.0,-0.04885135522068889,-0.08212691602318711,0.0,Chen2019.csv,norms,False,,zh,500,6,cbow,fasttext
haptic_strength_mean,0.0,-0.2531411095329338,-0.42557056095391765,0.0,Chen2019.csv,norms,False,,zh,500,6,cbow,fasttext
arousal_mean,0.0,-0.2346889849661114,-0.44001414508990955,0.0,Cheng2025.csv,norms,False,,zh,500,6,cbow,fasttext
valence_mean,0.0,-0.22729209249735466,-0.42614584480972395,0.0,Cheng2025.csv,norms,False,,zh,500,6,cbow,fasttext
familiar_mean,0.0,-0.40980923529801705,-1.0928246274613789,0.0,Li2021.csv,norms,False,,zh,500,6,cbow,fasttext
aoa_mean,0.0,-0.00986213646178968,-0.013997104520467762,0.0,Liu2007.csv,norms,False,,zh,500,6,cbow,fasttext
concrete_mean,0.0,-0.24205431947047906,-0.34354215462195703,0.0,Liu2007.csv,norms,False,,zh,500,6,cbow,fasttext
familiar_mean,0.0,-0.2164853249705953,-0.30725266604260393,0.0,Liu2007.csv,norms,False,,zh,500,6,cbow,fasttext
imagine_mean,0.0,-0.22546201119177375,-0.31999307130591503,0.0,Liu2007.csv,norms,False,,zh,500,6,cbow,fasttext
valence_mean_all,0.0,-0.02972895177236882,-0.26537272101569054,0.0,Liu2021.csv,norms,False,,zh,500,6,cbow,fasttext
arousal_mean_all,0.0,-0.02533254207666064,-0.22612857905659844,0.0,Liu2021.csv,norms,False,,zh,500,6,cbow,fasttext
dominance_mean_all,0.0,-0.03921915455766681,-0.3500861328913808,0.0,Liu2021.csv,norms,False,,zh,500,6,cbow,fasttext
familiar_mean_all,0.0,-0.0413161389868837,-0.36880466922490995,0.0,Liu2021.csv,norms,False,,zh,500,6,cbow,fasttext
valence_mean_old,0.0,-0.02125212942976556,-0.18970515534275578,0.0,Liu2021.csv,norms,False,,zh,500,6,cbow,fasttext
arousal_mean_old,0.0,-0.03270870248686368,-0.29197118843252345,0.0,Liu2021.csv,norms,False,,zh,500,6,cbow,fasttext
dominance_mean_old,0.0,-0.032399677316497816,-0.2892127040113355,0.0,Liu2021.csv,norms,False,,zh,500,6,cbow,fasttext
familiar_mean_old,0.0,-0.03095685066624107,-0.27633344620687916,0.0,Liu2021.csv,norms,False,,zh,500,6,cbow,fasttext
valence_mean_young,0.0,-0.02829470267496093,-0.25257002993839583,0.0,Liu2021.csv,norms,False,,zh,500,6,cbow,fasttext
arousal_mean_young,0.0,-0.02333892462305362,-0.20833273841011501,0.0,Liu2021.csv,norms,False,,zh,500,6,cbow,fasttext
dominance_mean_young,0.0,-0.038460488428190304,-0.3433139702983914,0.0,Liu2021.csv,norms,False,,zh,500,6,cbow,fasttext
familiar_mean_young,0.0,-0.036645702540097816,-0.32711445297697705,0.0,Liu2021.csv,norms,False,,zh,500,6,cbow,fasttext
concrete_mean,0.0,-0.20207574352210403,-0.2839471805931204,0.0,Liu2025.csv,norms,False,,zh,500,6,cbow,fasttext
arousal_mean,0.0,-0.16121382784702615,-0.22652996887169952,0.0,Liu2025.csv,norms,False,,zh,500,6,cbow,fasttext
familiar_mean,0.0,-0.2500289612621066,-0.3513287511879718,0.0,Liu2025.csv,norms,False,,zh,500,6,cbow,fasttext
valence_mean,0.0,-0.17328264964229956,-0.2434885006683366,0.0,Liu2025.csv,norms,False,,zh,500,6,cbow,fasttext
aoa_mean,0.0,-0.14223468442842918,-0.17793446137326308,0.0,Song2021.csv,norms,False,,zh,500,6,cbow,fasttext
concrete_mean,0.0,-0.08823070969219199,-0.11037591758120446,0.0,Song2021.csv,norms,False,,zh,500,6,cbow,fasttext
emotional_experience_mean,0.0,-0.1158694823409732,-0.14495180280949127,0.0,Song2021.csv,norms,False,,zh,500,6,cbow,fasttext
familiar_mean,0.0,-0.14011819969803807,-0.17528675577304165,0.0,Song2021.csv,norms,False,,zh,500,6,cbow,fasttext
imagine_mean,0.0,-0.25540948797190394,-0.31951524239342344,0.0,Song2021.csv,norms,False,,zh,500,6,cbow,fasttext
sensory_experience_mean,0.0,-0.16603015941781182,-0.20770241173200465,0.0,Song2021.csv,norms,False,,zh,500,6,cbow,fasttext
aoa_mean,0.0,-0.02036582462440693,-0.039644505585589296,0.0,Su2023.csv,norms,False,,zh,500,6,cbow,fasttext
familiar_mean,0.0,-0.09949472817620844,-0.1936783498661424,0.0,Su2023.csv,norms,False,,zh,500,6,cbow,fasttext
imagine_mean,0.0,-0.16737873936719772,-0.32582267058312153,0.0,Su2023.csv,norms,False,,zh,500,6,cbow,fasttext
concrete_mean,0.0,-0.20246571461286014,-0.3941236508656032,0.0,Su2023.csv,norms,False,,zh,500,6,cbow,fasttext
aoa_mean,0.0,-0.3089539244005913,-0.4178582240413745,0.0,Wang2019.csv,norms,False,,zh,500,6,cbow,fasttext
aoa_mean_chinese_l1,0.0,-0.34753786008416365,-0.35843032974400035,0.0,Wang2020_zh.csv,norms,False,,zh,500,6,cbow,fasttext
familiar_mean_chinese_l1,0.0,-0.3807072050760931,-0.3926392624340118,0.0,Wang2020_zh.csv,norms,False,,zh,500,6,cbow,fasttext
concrete_mean_chinese_l1,0.0,-0.14772880802857882,-0.15235889799617386,0.0,Wang2020_zh.csv,norms,False,,zh,500,6,cbow,fasttext
familiar_mean,0.0,-0.46907279754799175,-0.5038189306996949,0.0,Weekes2007.csv,norms,False,,zh,500,6,cbow,fasttext
imagine_mean,0.0,-0.8707310685747173,-0.9352296662469186,0.0,Weekes2007.csv,norms,False,,zh,500,6,cbow,fasttext
aoa_mean_subjective,0.0,-0.17615311306675877,-0.1892014918124446,0.0,Weekes2007.csv,norms,False,,zh,500,6,cbow,fasttext
aoa_mean,0.17511495206850217,0.030665246437953812,0.06363498566158271,0.2522597583079448,Xu2021.csv,norms,False,,zh,500,6,cbow,fasttext
valence_mean,0.0,-0.37791350681141544,-0.5412823665267669,0.0,Yao2017.csv,norms,False,,zh,500,6,cbow,fasttext
arousal_mean,0.0,-0.46234797342743056,-0.6622171494403302,0.0,Yao2017.csv,norms,False,,zh,500,6,cbow,fasttext
concrete_mean,0.0,-0.5463436511916351,-0.782523458738019,0.0,Yao2017.csv,norms,False,,zh,500,6,cbow,fasttext
familiar_mean,0.0,-0.3786032799244624,-0.5422703228084748,0.0,Yao2017.csv,norms,False,,zh,500,6,cbow,fasttext
imagine_mean,0.0,-0.4408660110808102,-0.6314487137876187,0.0,Yao2017.csv,norms,False,,zh,500,6,cbow,fasttext
valence_mean,0.0,-0.21131399173327506,-0.5057679146402977,0.0,Yee2017.csv,norms,False,,zh,500,6,cbow,fasttext
arousal_mean,0.0662743190598162,0.004392285366842318,0.010512683009163581,0.10253137573037621,Yee2017.csv,norms,False,,zh,500,6,cbow,fasttext
familiar_mean,0.0,-0.15088213738439965,-0.3611277386577434,0.0,Yee2017.csv,norms,False,,zh,500,6,cbow,fasttext
concrete_mean,0.0,-0.1617547655723275,-0.3871507503862265,0.0,Yee2017.csv,norms,False,,zh,500,6,cbow,fasttext
imagine_mean,0.0,-0.17431743051008322,-0.4172187681061008,0.0,Yee2017.csv,norms,False,,zh,500,6,cbow,fasttext
valence_mean_chinese,0.14752019061437682,0.02176220663890207,0.026525214974824185,0.16286563472637247,Yi2025.csv,norms,False,,zh,500,6,cbow,fasttext
arousal_mean_chinese,0.0,-0.07525990314197305,-0.09173174131417017,0.0,Yi2025.csv,norms,False,,zh,500,6,cbow,fasttext
sensory_mean_chinese,0.0,-0.07057540277114538,-0.08834037829706298,0.0,Yi2025.csv,norms,False,,zh,500,6,cbow,fasttext
concrete_mean,0.0,-0.22219873652923372,-0.9118647602921012,0.0,Zhao2025.csv,norms,False,,zh,500,6,cbow,fasttext
imagine_mean,0.0,-0.24734079255674946,-1.015043361803928,0.0,Zhao2025.csv,norms,False,,zh,500,6,cbow,fasttext
aoa_mean,0.0,-0.14028875913802918,-0.5757205361347536,0.0,Zhao2025.csv,norms,False,,zh,500,6,cbow,fasttext
familiar_mean,0.0,-0.10122732353396717,-0.41541923483065213,0.0,Zhao2025.csv,norms,False,,zh,500,6,cbow,fasttext
valence_mean,0.0,-0.17637224078389874,-0.7238008351295516,0.0,Zhao2025.csv,norms,False,,zh,500,6,cbow,fasttext
arousal_mean,0.0,-0.15628580106910772,-0.6413695989229502,0.0,Zhao2025.csv,norms,False,,zh,500,6,cbow,fasttext
,0.047173439231807855,0.0022253333689570684,0.020702487461463415,0.1438835899658589,zh.subs.2018.tsv,counts,False,unigram_freq,zh,500,6,cbow,fasttext
,0.0,-0.0034564709292452794,-0.17468483656650258,0.0,zh.wiki.2018.tsv,counts,False,unigram_freq,zh,500,6,cbow,fasttext
aoa_cai_mean,0.3186562962471515,0.10154183513795238,0.18433280011975334,0.4293399586804766,Cai2021.csv,norms,True,,zh,500,6,cbow,fasttext
valence_mean,0.21890599554761112,0.04791983488669074,0.11812220610086083,0.3436891125724829,Chan2024.csv,norms,True,,zh,500,6,cbow,fasttext
arousal_mean,0.19736871481659565,0.038954409588354666,0.09602246770701972,0.30987492268174865,Chan2024.csv,norms,True,,zh,500,6,cbow,fasttext
concrete_mean,0.23229934706413471,0.053962986646423315,0.133018551619367,0.3647170843535671,Chan2024.csv,norms,True,,zh,500,6,cbow,fasttext
familiar_mean,0.092335080516124,0.008525767093919102,0.021015982634688846,0.14496890230214493,Chan2024.csv,norms,True,,zh,500,6,cbow,fasttext
imagine_mean,0.23375262530330757,0.05464028983618851,0.1346881013405501,0.36699877566628214,Chan2024.csv,norms,True,,zh,500,6,cbow,fasttext
familiar_mean,0.28916109798113154,0.08361414058565357,0.22546563214064763,0.4748322147249991,Chang2016.csv,norms,True,,zh,500,6,cbow,fasttext
gustatory_mean,0.0,-0.015042574456177606,-0.029575231134179703,0.0,Chen2019.csv,norms,True,,zh,500,6,cbow,fasttext
visual_strength_mean,0.22321735186904554,0.049825986175429285,0.09796295587033554,0.3129903446918699,Chen2019.csv,norms,True,,zh,500,6,cbow,fasttext
auditory_mean,0.0,-0.00841948976004841,-0.014154504524139355,0.0,Chen2019.csv,norms,True,,zh,500,6,cbow,fasttext
olfactory_strength_mean,0.2713606106106934,0.07363658099100835,0.12379483181097056,0.35184489737805,Chen2019.csv,norms,True,,zh,500,6,cbow,fasttext
haptic_strength_mean,0.0,-0.025341645944488827,-0.04260334680522759,0.0,Chen2019.csv,norms,True,,zh,500,6,cbow,fasttext
arousal_mean,0.15232534350992105,0.023203010275415447,0.043502905478599974,0.20857350138164718,Cheng2025.csv,norms,True,,zh,500,6,cbow,fasttext
valence_mean,0.20013262017228978,0.04005306565702601,0.07509477040795576,0.27403425042858376,Cheng2025.csv,norms,True,,zh,500,6,cbow,fasttext
familiar_mean,0.0,-0.11861148117810753,-0.3162972831416201,0.0,Li2021.csv,norms,True,,zh,500,6,cbow,fasttext
aoa_mean,0.42976568318659064,0.184698542444837,0.2621384132530337,0.5119945441633472,Liu2007.csv,norms,True,,zh,500,6,cbow,fasttext
concrete_mean,0.24932898007306875,0.06216494030427672,0.08822927672100961,0.2970341339324651,Liu2007.csv,norms,True,,zh,500,6,cbow,fasttext
familiar_mean,0.2122257338884513,0.04503976212449175,0.0639239033525919,0.25283176887525804,Liu2007.csv,norms,True,,zh,500,6,cbow,fasttext
imagine_mean,0.2380541101446059,0.05666975935674015,0.08043009219546976,0.28360199610628584,Liu2007.csv,norms,True,,zh,500,6,cbow,fasttext
valence_mean_all,0.0,-2.6301025362059683e-06,-2.3477365496349378e-05,0.0,Liu2021.csv,norms,True,,zh,500,6,cbow,fasttext
arousal_mean_all,0.0,-0.008073431180445689,-0.07206673200900005,0.0,Liu2021.csv,norms,True,,zh,500,6,cbow,fasttext
dominance_mean_all,0.0,-0.010043684132065998,-0.08965401160311726,0.0,Liu2021.csv,norms,True,,zh,500,6,cbow,fasttext
familiar_mean_all,0.0,-0.011705153304503299,-0.10448496153197318,0.0,Liu2021.csv,norms,True,,zh,500,6,cbow,fasttext
valence_mean_old,0.040327880158916196,0.0016263379181119069,0.014517354056912346,0.12048798303943986,Liu2021.csv,norms,True,,zh,500,6,cbow,fasttext
arousal_mean_old,0.0,-0.008982184105372168,-0.08017863041245632,0.0,Liu2021.csv,norms,True,,zh,500,6,cbow,fasttext
dominance_mean_old,0.0,-0.01151165727812391,-0.10275773726186799,0.0,Liu2021.csv,norms,True,,zh,500,6,cbow,fasttext
familiar_mean_old,0.0,-0.009092518144215224,-0.08116351694100343,0.0,Liu2021.csv,norms,True,,zh,500,6,cbow,fasttext
valence_mean_young,0.0,-0.003519376387361743,-0.03141538576077885,0.0,Liu2021.csv,norms,True,,zh,500,6,cbow,fasttext
arousal_mean_young,0.0,-0.011739299734444486,-0.10478976646071225,0.0,Liu2021.csv,norms,True,,zh,500,6,cbow,fasttext
dominance_mean_young,0.0,-0.01218168249619401,-0.10873865500931623,0.0,Liu2021.csv,norms,True,,zh,500,6,cbow,fasttext
familiar_mean_young,0.0,-0.01148002100032223,-0.10247533897257333,0.0,Liu2021.csv,norms,True,,zh,500,6,cbow,fasttext
concrete_mean,0.38856153747325634,0.1509800684035808,0.21214997902142502,0.4605974153438391,Liu2025.csv,norms,True,,zh,500,6,cbow,fasttext
arousal_mean,0.41385636477848503,0.17127709066766245,0.24067038501310883,0.4905816802665065,Liu2025.csv,norms,True,,zh,500,6,cbow,fasttext
familiar_mean,0.2160977152639134,0.04669822254228338,0.06561811130063239,0.25616032343169853,Liu2025.csv,norms,True,,zh,500,6,cbow,fasttext
valence_mean,0.4469796292361935,0.19979078895212501,0.2807364715954918,0.5298457054610255,Liu2025.csv,norms,True,,zh,500,6,cbow,fasttext
aoa_mean,0.2559884454992128,0.06553008422910345,0.08197761529057485,0.28631733319967695,Song2021.csv,norms,True,,zh,500,6,cbow,fasttext
concrete_mean,0.38396295154469035,0.14742754815891024,0.18443069268689066,0.4294539471082908,Song2021.csv,norms,True,,zh,500,6,cbow,fasttext
emotional_experience_mean,0.283201585510315,0.08020313803555625,0.1003334891496393,0.31675461977631725,Song2021.csv,norms,True,,zh,500,6,cbow,fasttext
familiar_mean,0.16358371459090226,0.026759631679357767,0.033476086852847364,0.18296471477541063,Song2021.csv,norms,True,,zh,500,6,cbow,fasttext
imagine_mean,0.0,-0.04465189999490769,-0.055859172513470834,0.0,Song2021.csv,norms,True,,zh,500,6,cbow,fasttext
sensory_experience_mean,0.2979134217025055,0.08875240683049487,0.11102855656076788,0.33320947849778804,Song2021.csv,norms,True,,zh,500,6,cbow,fasttext
aoa_mean,0.38113217866578625,0.1452617376145288,0.28276928994714323,0.5317605569682122,Su2023.csv,norms,True,,zh,500,6,cbow,fasttext
familiar_mean,0.2819855085545986,0.0795158270347956,0.15478703696808965,0.39342983741461407,Su2023.csv,norms,True,,zh,500,6,cbow,fasttext
imagine_mean,0.23375962052251642,0.05464356018683088,0.10637020434945371,0.32614445319436863,Su2023.csv,norms,True,,zh,500,6,cbow,fasttext
concrete_mean,0.23513712985663526,0.05528946983721616,0.10762754448739231,0.3280663720764326,Su2023.csv,norms,True,,zh,500,6,cbow,fasttext
aoa_mean,0.2892043353044425,0.0836391475588844,0.11312141681674981,0.33633527441639216,Wang2019.csv,norms,True,,zh,500,6,cbow,fasttext
aoa_mean_chinese_l1,0.42627504573137087,0.18171041461328233,0.1874055500370091,0.4329036267311803,Wang2020_zh.csv,norms,True,,zh,500,6,cbow,fasttext
familiar_mean_chinese_l1,0.281637473605243,0.07931966653874395,0.08180568938814631,0.28601693898814157,Wang2020_zh.csv,norms,True,,zh,500,6,cbow,fasttext
concrete_mean_chinese_l1,0.6303666105473429,0.3973620636929455,0.40981611466079493,0.6401688173136794,Wang2020_zh.csv,norms,True,,zh,500,6,cbow,fasttext
familiar_mean,0.41120906502041127,0.16909289515496084,0.18161829479606906,0.42616697994573566,Weekes2007.csv,norms,True,,zh,500,6,cbow,fasttext
imagine_mean,0.0,-0.08213398812642568,-0.08821798724690166,0.0,Weekes2007.csv,norms,True,,zh,500,6,cbow,fasttext
aoa_mean_subjective,0.5231273379944522,0.2736622117571618,0.29393348670213676,0.5421563305008407,Weekes2007.csv,norms,True,,zh,500,6,cbow,fasttext
aoa_mean,0.22034121928743153,0.04855025291707199,0.10074905657435967,0.31740991883424136,Xu2021.csv,norms,True,,zh,500,6,cbow,fasttext
valence_mean,0.0,-0.037422557830293114,-0.05360001772568024,0.0,Yao2017.csv,norms,True,,zh,500,6,cbow,fasttext
arousal_mean,0.0,-0.043795605480261283,-0.06272808076599923,0.0,Yao2017.csv,norms,True,,zh,500,6,cbow,fasttext
concrete_mean,0.0,-0.03311934894113108,-0.047436567493807535,0.0,Yao2017.csv,norms,True,,zh,500,6,cbow,fasttext
familiar_mean,0.13256977282770785,0.01757474466759007,0.02517216033118369,0.1586573677179339,Yao2017.csv,norms,True,,zh,500,6,cbow,fasttext
imagine_mean,0.0,-0.05037565317297314,-0.07215262824253965,0.0,Yao2017.csv,norms,True,,zh,500,6,cbow,fasttext
valence_mean,0.06601346332014989,0.0043577773395207745,0.010430090025738248,0.10212781220479683,Yee2017.csv,norms,True,,zh,500,6,cbow,fasttext
arousal_mean,0.06346840357911113,0.004028238252880926,0.009641357129846151,0.09819041261674254,Yee2017.csv,norms,True,,zh,500,6,cbow,fasttext
familiar_mean,0.0,-0.03381279744292763,-0.08092899060110548,0.0,Yee2017.csv,norms,True,,zh,500,6,cbow,fasttext
concrete_mean,0.07250308347829132,0.0052566971138600805,0.012581602928255275,0.11216774459823678,Yee2017.csv,norms,True,,zh,500,6,cbow,fasttext
imagine_mean,0.0,-0.01971576459250913,-0.04718855131977595,0.0,Yee2017.csv,norms,True,,zh,500,6,cbow,fasttext
valence_mean_chinese,0.3973315505582505,0.15787236106902355,0.19242526208041666,0.43866303933704814,Yi2025.csv,norms,True,,zh,500,6,cbow,fasttext
arousal_mean_chinese,0.25853438269028733,0.06684002703304794,0.08146904012965955,0.2854278194739601,Yi2025.csv,norms,True,,zh,500,6,cbow,fasttext
sensory_mean_chinese,0.24919935031904503,0.06210031619943413,0.07773197473933746,0.27880454576519637,Yi2025.csv,norms,True,,zh,500,6,cbow,fasttext
concrete_mean,0.0,-0.0035399802491220198,-0.014527459929457032,0.0,Zhao2025.csv,norms,True,,zh,500,6,cbow,fasttext
imagine_mean,0.05325134056186271,0.0028357052716354845,0.011637238573760922,0.10787603336126575,Zhao2025.csv,norms,True,,zh,500,6,cbow,fasttext
aoa_mean,0.1534724625708791,0.023553796767569888,0.0966606632374043,0.3109029804254123,Zhao2025.csv,norms,True,,zh,500,6,cbow,fasttext
familiar_mean,0.16984331440137407,0.028846751446844,0.11838202369715761,0.34406688840566685,Zhao2025.csv,norms,True,,zh,500,6,cbow,fasttext
valence_mean,0.0,-0.0036908376537625005,-0.015146552338664687,0.0,Zhao2025.csv,norms,True,,zh,500,6,cbow,fasttext
arousal_mean,0.0,-0.012199154904301327,-0.05006319854169561,0.0,Zhao2025.csv,norms,True,,zh,500,6,cbow,fasttext
,0.037591963038249215,0.0014131556850690953,0.013146721412329254,0.11465915319907632,zh.subs.2018.tsv,counts,True,unigram_freq,zh,500,6,cbow,fasttext
,0.013919596371175796,0.00019375516313645038,0.009792094219579384,0.098955011088774,zh.wiki.2018.tsv,counts,True,unigram_freq,zh,500,6,cbow,fasttext
aoa_cai_mean,0.08982347643459476,0.008068256918796202,0.014646617208628754,0.12102320937997288,Cai2021.csv,norms,False,,zh,500,6,cbow,word2vec
valence_mean,0.13228331049638326,0.01749887423588254,0.04313465674311101,0.20768884597664605,Chan2024.csv,norms,False,,zh,500,6,cbow,word2vec
arousal_mean,0.0814203641180633,0.006629275693118011,0.016341138728326488,0.1278324635150496,Chan2024.csv,norms,False,,zh,500,6,cbow,word2vec
concrete_mean,0.15756684071288118,0.024827309292238475,0.06119922057498839,0.24738476221260758,Chan2024.csv,norms,False,,zh,500,6,cbow,word2vec
familiar_mean,0.0,-0.008709195030222265,-0.021468131782278577,0.0,Chan2024.csv,norms,False,,zh,500,6,cbow,word2vec
imagine_mean,0.1760268136437179,0.030985439121560186,0.07637898658659936,0.2763674846768327,Chan2024.csv,norms,False,,zh,500,6,cbow,word2vec
familiar_mean,0.06463649435513477,0.004177876402521368,0.011265648818515717,0.10613976078037729,Chang2016.csv,norms,False,,zh,500,6,cbow,word2vec
gustatory_mean,0.0,-0.11412248158279605,-0.22437640446787022,0.0,Chen2019.csv,norms,False,,zh,500,6,cbow,word2vec
visual_strength_mean,0.0,-0.15733066294758244,-0.30932808308338244,0.0,Chen2019.csv,norms,False,,zh,500,6,cbow,word2vec
auditory_mean,0.0,-0.18219009264972214,-0.3062905905415618,0.0,Chen2019.csv,norms,False,,zh,500,6,cbow,word2vec
olfactory_strength_mean,0.0,-0.03181743518076255,-0.0534901808836008,0.0,Chen2019.csv,norms,False,,zh,500,6,cbow,word2vec
haptic_strength_mean,0.0,-0.2240556523883068,-0.37667327068179113,0.0,Chen2019.csv,norms,False,,zh,500,6,cbow,word2vec
arousal_mean,0.0,-0.15263400480381797,-0.28617074271763987,0.0,Cheng2025.csv,norms,False,,zh,500,6,cbow,word2vec
valence_mean,0.0,-0.08341609373477984,-0.15639532966043945,0.0,Cheng2025.csv,norms,False,,zh,500,6,cbow,word2vec
familiar_mean,0.0,-0.36102021510266646,-0.9627205736071105,0.0,Li2021.csv,norms,False,,zh,500,6,cbow,word2vec
aoa_mean,0.27870058531724173,0.07767401625617314,0.11024095319249633,0.3320255309347405,Liu2007.csv,norms,False,,zh,500,6,cbow,word2vec
concrete_mean,0.0,-0.17475176154360833,-0.248021174817314,0.0,Liu2007.csv,norms,False,,zh,500,6,cbow,word2vec
familiar_mean,0.0,-0.13656348135770502,-0.19382142293900784,0.0,Liu2007.csv,norms,False,,zh,500,6,cbow,word2vec
imagine_mean,0.0,-0.16555019390307274,-0.2349616005033972,0.0,Liu2007.csv,norms,False,,zh,500,6,cbow,word2vec
valence_mean_all,0.03500203618242001,0.0012251425369154394,0.010936120827357731,0.10457590940248969,Liu2021.csv,norms,False,,zh,500,6,cbow,word2vec
arousal_mean_all,0.0,-0.007014552379186556,-0.06261474894321506,0.0,Liu2021.csv,norms,False,,zh,500,6,cbow,word2vec
dominance_mean_all,0.0,-0.01147221539622749,-0.10240566297411724,0.0,Liu2021.csv,norms,False,,zh,500,6,cbow,word2vec
familiar_mean_all,0.0,-0.0128190136766625,-0.11442773247306526,0.0,Liu2021.csv,norms,False,,zh,500,6,cbow,word2vec
valence_mean_old,0.0,-0.001536926866300812,-0.01371923462472846,0.0,Liu2021.csv,norms,False,,zh,500,6,cbow,word2vec
arousal_mean_old,0.0,-0.006937244795399045,-0.06192466999183044,0.0,Liu2021.csv,norms,False,,zh,500,6,cbow,word2vec
dominance_mean_old,0.0,-0.007339539904145738,-0.06551571983700655,0.0,Liu2021.csv,norms,False,,zh,500,6,cbow,word2vec
familiar_mean_old,0.0,-0.017428461440980095,-0.15557353892338077,0.0,Liu2021.csv,norms,False,,zh,500,6,cbow,word2vec
valence_mean_young,0.0,-0.0011837405470073816,-0.010566549817875415,0.0,Liu2021.csv,norms,False,,zh,500,6,cbow,word2vec
arousal_mean_young,0.0,-0.011952201738014099,-0.10669021638002196,0.0,Liu2021.csv,norms,False,,zh,500,6,cbow,word2vec
dominance_mean_young,0.0,-0.014217932088222687,-0.1269150474714943,0.0,Liu2021.csv,norms,False,,zh,500,6,cbow,word2vec
familiar_mean_young,0.0,-0.012362904350550192,-0.11035631502525756,0.0,Liu2021.csv,norms,False,,zh,500,6,cbow,word2vec
concrete_mean,0.0,-0.029004269645655247,-0.040755414021998004,0.0,Liu2025.csv,norms,False,,zh,500,6,cbow,word2vec
arousal_mean,0.0,-0.06112376388699866,-0.08588819281545479,0.0,Liu2025.csv,norms,False,,zh,500,6,cbow,word2vec
familiar_mean,0.0,-0.09319578152511077,-0.130954259754254,0.0,Liu2025.csv,norms,False,,zh,500,6,cbow,word2vec
valence_mean,0.0,-0.018101399342364207,-0.0254352215583572,0.0,Liu2025.csv,norms,False,,zh,500,6,cbow,word2vec
aoa_mean,0.0,-0.08816338525182288,-0.11029169524062366,0.0,Song2021.csv,norms,False,,zh,500,6,cbow,word2vec
concrete_mean,0.16352872008100688,0.026741642291332305,0.03345358227120043,0.18290320464989243,Song2021.csv,norms,False,,zh,500,6,cbow,word2vec
emotional_experience_mean,0.0,-0.11812902266350317,-0.14777846982011655,0.0,Song2021.csv,norms,False,,zh,500,6,cbow,word2vec
familiar_mean,0.0,-0.11745046449349267,-0.14692959893481572,0.0,Song2021.csv,norms,False,,zh,500,6,cbow,word2vec
imagine_mean,0.0,-0.21545294195070638,-0.26952992043634993,0.0,Song2021.csv,norms,False,,zh,500,6,cbow,word2vec
sensory_experience_mean,0.0,-0.07472773130183945,-0.09348379878136859,0.0,Song2021.csv,norms,False,,zh,500,6,cbow,word2vec
aoa_mean,0.27376877996464144,0.07494934488332827,0.14589783505758208,0.381965751157852,Su2023.csv,norms,False,,zh,500,6,cbow,word2vec
familiar_mean,0.0,-0.0253529830800524,-0.04935260407398101,0.0,Su2023.csv,norms,False,,zh,500,6,cbow,word2vec
imagine_mean,0.0,-0.05554386554307381,-0.10812275605715793,0.0,Su2023.csv,norms,False,,zh,500,6,cbow,word2vec
concrete_mean,0.0,-0.06825258888837017,-0.13286180114568857,0.0,Su2023.csv,norms,False,,zh,500,6,cbow,word2vec
aoa_mean,0.0,-0.09211647029703335,-0.12458694207544663,0.0,Wang2019.csv,norms,False,,zh,500,6,cbow,word2vec
aoa_mean_chinese_l1,0.0,-0.05708079068061853,-0.058869806647102174,0.0,Wang2020_zh.csv,norms,False,,zh,500,6,cbow,word2vec
familiar_mean_chinese_l1,0.0,-0.24809075044735157,-0.25586636652405603,0.0,Wang2020_zh.csv,norms,False,,zh,500,6,cbow,word2vec
concrete_mean_chinese_l1,0.3377404704864611,0.11406862540441609,0.1176437439283547,0.34299233800240303,Wang2020_zh.csv,norms,False,,zh,500,6,cbow,word2vec
familiar_mean,0.0,-0.26834826845077125,-0.28822591796564323,0.0,Weekes2007.csv,norms,False,,zh,500,6,cbow,word2vec
imagine_mean,0.0,-0.4772106084622354,-0.512559542422401,0.0,Weekes2007.csv,norms,False,,zh,500,6,cbow,word2vec
aoa_mean_subjective,0.0,-0.041456007438938,-0.04452682280478526,0.0,Weekes2007.csv,norms,False,,zh,500,6,cbow,word2vec
aoa_mean,0.167440671875416,0.028036378598090727,0.0581796906051949,0.24120466538853452,Xu2021.csv,norms,False,,zh,500,6,cbow,word2vec
valence_mean,0.0,-0.22854908645014663,-0.32734895194682456,0.0,Yao2017.csv,norms,False,,zh,500,6,cbow,word2vec
arousal_mean,0.0,-0.34044355548908445,-0.4876144674973866,0.0,Yao2017.csv,norms,False,,zh,500,6,cbow,word2vec
concrete_mean,0.0,-0.23693771809946937,-0.3393639191528858,0.0,Yao2017.csv,norms,False,,zh,500,6,cbow,word2vec
familiar_mean,0.0,-0.166066850347141,-0.23785616586179048,0.0,Yao2017.csv,norms,False,,zh,500,6,cbow,word2vec
imagine_mean,0.0,-0.30329547867989404,-0.43440758665088985,0.0,Yao2017.csv,norms,False,,zh,500,6,cbow,word2vec
valence_mean,0.0,-0.0779447300800862,-0.18655623920807518,0.0,Yee2017.csv,norms,False,,zh,500,6,cbow,word2vec
arousal_mean,0.0,-0.04814918264527287,-0.11524230600343999,0.0,Yee2017.csv,norms,False,,zh,500,6,cbow,word2vec
familiar_mean,0.0,-0.09298458215172437,-0.22255326219920912,0.0,Yee2017.csv,norms,False,,zh,500,6,cbow,word2vec
concrete_mean,0.08645405572396558,0.007474303751122547,0.017889317174817898,0.1337509520520056,Yee2017.csv,norms,False,,zh,500,6,cbow,word2vec
imagine_mean,0.1403691257032501,0.019703491450694832,0.04715917625904009,0.21716163625060503,Yee2017.csv,norms,False,,zh,500,6,cbow,word2vec
valence_mean_chinese,0.23080823328512062,0.053272440552198666,0.06493196950692598,0.2548175219778381,Yi2025.csv,norms,False,,zh,500,6,cbow,word2vec
arousal_mean_chinese,0.0,-0.058428554541731396,-0.07121658182939927,0.0,Yi2025.csv,norms,False,,zh,500,6,cbow,word2vec
sensory_mean_chinese,0.0,-0.025021536822980625,-0.03131986416972632,0.0,Yi2025.csv,norms,False,,zh,500,6,cbow,word2vec
concrete_mean,0.0,-0.10462307809754375,-0.4293548177664227,0.0,Zhao2025.csv,norms,False,,zh,500,6,cbow,word2vec
imagine_mean,0.0,-0.09868654221202594,-0.40499231257503543,0.0,Zhao2025.csv,norms,False,,zh,500,6,cbow,word2vec
aoa_mean,0.0,-0.1587100016224036,-0.6513180940897546,0.0,Zhao2025.csv,norms,False,,zh,500,6,cbow,word2vec
familiar_mean,0.0,-0.08870586415102165,-0.36403335506785384,0.0,Zhao2025.csv,norms,False,,zh,500,6,cbow,word2vec
valence_mean,0.0,-0.08718629559337156,-0.35779731142416416,0.0,Zhao2025.csv,norms,False,,zh,500,6,cbow,word2vec
arousal_mean,0.0,-0.09101571079792879,-0.3735125617991504,0.0,Zhao2025.csv,norms,False,,zh,500,6,cbow,word2vec
,0.0,-0.01736252828169485,-0.16152524788659028,0.0,zh.subs.2018.tsv,counts,False,unigram_freq,zh,500,6,cbow,word2vec
,0.0,-0.00815277015212163,-0.4120287283592441,0.0,zh.wiki.2018.tsv,counts,False,unigram_freq,zh,500,6,cbow,word2vec
aoa_cai_mean,0.33806939742336867,0.1142909174741996,0.2074766998021353,0.45549610294944926,Cai2021.csv,norms,True,,zh,500,6,cbow,word2vec
valence_mean,0.2357126192816333,0.05556043888860822,0.13695626516603981,0.3700760261973745,Chan2024.csv,norms,True,,zh,500,6,cbow,word2vec
arousal_mean,0.2230320669687536,0.04974330289635459,0.12261704763287251,0.3501671709810509,Chan2024.csv,norms,True,,zh,500,6,cbow,word2vec
concrete_mean,0.2560695974883061,0.06557163875782311,0.16163383379841323,0.40203710500202994,Chan2024.csv,norms,True,,zh,500,6,cbow,word2vec
familiar_mean,0.08029711066962567,0.006447625981890111,0.015893372898611924,0.12606892122411426,Chan2024.csv,norms,True,,zh,500,6,cbow,word2vec
imagine_mean,0.272753168352994,0.07439429084659668,0.18338163678752056,0.42823082185606465,Chan2024.csv,norms,True,,zh,500,6,cbow,word2vec
familiar_mean,0.2997765183805086,0.08986596097233943,0.2423236734437208,0.4922638250407202,Chang2016.csv,norms,True,,zh,500,6,cbow,word2vec
gustatory_mean,0.2189729743715649,0.04794916350513002,0.0942729316372048,0.3070389741339115,Chen2019.csv,norms,True,,zh,500,6,cbow,word2vec
visual_strength_mean,0.21286963202125186,0.04531348023686318,0.08909091029620558,0.2984810049169052,Chen2019.csv,norms,True,,zh,500,6,cbow,word2vec
auditory_mean,0.0,-3.603124314646232e-06,-6.057426384042941e-06,0.0,Chen2019.csv,norms,True,,zh,500,6,cbow,word2vec
olfactory_strength_mean,0.33091362031240934,0.10950382410826542,0.18409338545737375,0.42906105096754443,Chen2019.csv,norms,True,,zh,500,6,cbow,word2vec
haptic_strength_mean,0.1297303646603868,0.016829967514916933,0.02829385843087484,0.1682077835026514,Chen2019.csv,norms,True,,zh,500,6,cbow,word2vec
arousal_mean,0.20678770634139,0.042761155493932945,0.08017211920038136,0.28314681562818494,Cheng2025.csv,norms,True,,zh,500,6,cbow,word2vec
valence_mean,0.22295726400744154,0.04970994157368398,0.0932002728938145,0.30528719739585297,Cheng2025.csv,norms,True,,zh,500,6,cbow,word2vec
familiar_mean,0.0,-0.09536975163467311,-0.2543193376924616,0.0,Li2021.csv,norms,True,,zh,500,6,cbow,word2vec
aoa_mean,0.43189606327158997,0.18653420946949725,0.2647437334398407,0.5145325387571137,Liu2007.csv,norms,True,,zh,500,6,cbow,word2vec
concrete_mean,0.30964689414173835,0.09588119905162493,0.1360819909431496,0.36889292612240426,Liu2007.csv,norms,True,,zh,500,6,cbow,word2vec
familiar_mean,0.19366118512346742,0.03750465462342592,0.05322949776674185,0.23071518755110565,Liu2007.csv,norms,True,,zh,500,6,cbow,word2vec
imagine_mean,0.3021307031946046,0.09128296181286627,0.1295558180910319,0.3599386310067758,Liu2007.csv,norms,True,,zh,500,6,cbow,word2vec
valence_mean_all,0.0,-0.0028902110489673265,-0.02579919992627977,0.0,Liu2021.csv,norms,True,,zh,500,6,cbow,word2vec
arousal_mean_all,0.0,-0.004821989329883142,-0.04304303895332917,0.0,Liu2021.csv,norms,True,,zh,500,6,cbow,word2vec
dominance_mean_all,0.0,-0.005076223221169356,-0.04531243412143382,0.0,Liu2021.csv,norms,True,,zh,500,6,cbow,word2vec
familiar_mean_all,0.0,-0.01136458434213512,-0.10144490438737064,0.0,Liu2021.csv,norms,True,,zh,500,6,cbow,word2vec
valence_mean_old,0.0,-0.0025630901303016975,-0.022879185492130305,0.0,Liu2021.csv,norms,True,,zh,500,6,cbow,word2vec
arousal_mean_old,0.0,-0.005557440882094114,-0.04960797878302192,0.0,Liu2021.csv,norms,True,,zh,500,6,cbow,word2vec
dominance_mean_old,0.0,-0.003297888007509426,-0.029438290352746477,0.0,Liu2021.csv,norms,True,,zh,500,6,cbow,word2vec
familiar_mean_old,0.0,-0.01069760528887976,-0.09549117794662365,0.0,Liu2021.csv,norms,True,,zh,500,6,cbow,word2vec
valence_mean_young,0.0,-0.0031181919840234554,-0.027834250524053528,0.0,Liu2021.csv,norms,True,,zh,500,6,cbow,word2vec
arousal_mean_young,0.0,-0.006827086616037993,-0.060941353256581565,0.0,Liu2021.csv,norms,True,,zh,500,6,cbow,word2vec
dominance_mean_young,0.0,-0.008844381265150752,-0.07894854618502534,0.0,Liu2021.csv,norms,True,,zh,500,6,cbow,word2vec
familiar_mean_young,0.0,-0.0048966728260939904,-0.043709694231193974,0.0,Liu2021.csv,norms,True,,zh,500,6,cbow,word2vec
concrete_mean,0.40636269472670006,0.16513063966554523,0.23203368571270994,0.4816987499596713,Liu2025.csv,norms,True,,zh,500,6,cbow,word2vec
arousal_mean,0.4187106606299916,0.17531861732520404,0.24634934518764035,0.4963359197032191,Liu2025.csv,norms,True,,zh,500,6,cbow,word2vec
familiar_mean,0.19525007603509997,0.038122592191712316,0.05356804523425618,0.23144771598409905,Liu2025.csv,norms,True,,zh,500,6,cbow,word2vec
valence_mean,0.46327198232329136,0.21462092960575196,0.3015750767293939,0.5491585169415056,Liu2025.csv,norms,True,,zh,500,6,cbow,word2vec
aoa_mean,0.23795324443020377,0.0566217465348603,0.07083335553616948,0.26614536542305123,Song2021.csv,norms,True,,zh,500,6,cbow,word2vec
concrete_mean,0.41896057319705293,0.17552796189360315,0.21958408724983486,0.46859800175612665,Song2021.csv,norms,True,,zh,500,6,cbow,word2vec
emotional_experience_mean,0.3000210169544464,0.09001261061438019,0.11260506149279109,0.33556677650326333,Song2021.csv,norms,True,,zh,500,6,cbow,word2vec
familiar_mean,0.1455526566171226,0.021185575848302003,0.026502987246734944,0.16279738095784876,Song2021.csv,norms,True,,zh,500,6,cbow,word2vec
imagine_mean,0.0,-0.058262453828194234,-0.07288586733864377,0.0,Song2021.csv,norms,True,,zh,500,6,cbow,word2vec
sensory_experience_mean,0.3010059697218629,0.09060459380819903,0.11334562776997914,0.33666842407624026,Song2021.csv,norms,True,,zh,500,6,cbow,word2vec
aoa_mean,0.41249118036112564,0.1701489738757147,0.331215262313224,0.575513042696014,Su2023.csv,norms,True,,zh,500,6,cbow,word2vec
familiar_mean,0.32308473812749694,0.10438374801091328,0.2031954098290732,0.4507720153570685,Su2023.csv,norms,True,,zh,500,6,cbow,word2vec
imagine_mean,0.29706815195548114,0.08824948690624483,0.17178814710930934,0.41447333703063377,Su2023.csv,norms,True,,zh,500,6,cbow,word2vec
concrete_mean,0.2905482378479123,0.08441827851652701,0.16433024323323941,0.4053766683385212,Su2023.csv,norms,True,,zh,500,6,cbow,word2vec
aoa_mean,0.2882453459638016,0.08308537946979165,0.11237244898703858,0.33522000087560194,Wang2019.csv,norms,True,,zh,500,6,cbow,word2vec
aoa_mean_chinese_l1,0.48099828395537625,0.23135934916801676,0.2386105726483072,0.48847781182803707,Wang2020_zh.csv,norms,True,,zh,500,6,cbow,word2vec
familiar_mean_chinese_l1,0.2926071219760825,0.08561892783112604,0.08830238100506926,0.29715716549507815,Wang2020_zh.csv,norms,True,,zh,500,6,cbow,word2vec
concrete_mean_chinese_l1,0.6606036102742765,0.43639712990740825,0.45007461096229273,0.6708760026728432,Wang2020_zh.csv,norms,True,,zh,500,6,cbow,word2vec
familiar_mean,0.3616712998143697,0.1308061291094157,0.14049547200640944,0.3748272562213285,Weekes2007.csv,norms,True,,zh,500,6,cbow,word2vec
imagine_mean,0.0,-0.1095914378598106,-0.1177093221457225,0.0,Weekes2007.csv,norms,True,,zh,500,6,cbow,word2vec
aoa_mean_subjective,0.43175213783662414,0.1864099085264953,0.2002180498988283,0.44745731628707147,Weekes2007.csv,norms,True,,zh,500,6,cbow,word2vec
aoa_mean,0.22857475645450334,0.05224641928823552,0.1084191561611253,0.329270642725897,Xu2021.csv,norms,True,,zh,500,6,cbow,word2vec
valence_mean,0.0,-0.007525810250675782,-0.0107791553069575,0.0,Yao2017.csv,norms,True,,zh,500,6,cbow,word2vec
arousal_mean,0.0,-0.0227304574114295,-0.03255664472991204,0.0,Yao2017.csv,norms,True,,zh,500,6,cbow,word2vec
concrete_mean,0.0,-0.030211682195068194,-0.04327194064397788,0.0,Yao2017.csv,norms,True,,zh,500,6,cbow,word2vec
familiar_mean,0.20875992311253314,0.04358070549795075,0.062420281312169035,0.24984051175133515,Yao2017.csv,norms,True,,zh,500,6,cbow,word2vec
imagine_mean,0.0,-0.06193224310698133,-0.08870503570010346,0.0,Yao2017.csv,norms,True,,zh,500,6,cbow,word2vec
valence_mean,0.158275881390399,0.025051254629907652,0.059958740589615034,0.2448647393758747,Yee2017.csv,norms,True,,zh,500,6,cbow,word2vec
arousal_mean,0.0,-0.0019337433010545003,-0.004628303638589459,0.0,Yee2017.csv,norms,True,,zh,500,6,cbow,word2vec
familiar_mean,0.0,-0.03083682057835869,-0.07380616072853063,0.0,Yee2017.csv,norms,True,,zh,500,6,cbow,word2vec
concrete_mean,0.06580411156143665,0.00433018109839,0.010364040005982622,0.10180392922663949,Yee2017.csv,norms,True,,zh,500,6,cbow,word2vec
imagine_mean,0.11624487046278416,0.013512869908909469,0.03234227879837348,0.17983959185444534,Yee2017.csv,norms,True,,zh,500,6,cbow,word2vec
valence_mean_chinese,0.41322942752431635,0.17075855977207424,0.20813181226984934,0.45621465591303545,Yi2025.csv,norms,True,,zh,500,6,cbow,word2vec
arousal_mean_chinese,0.28914880236843504,0.08360702991110029,0.10190577079780805,0.3192268328286456,Yi2025.csv,norms,True,,zh,500,6,cbow,word2vec
sensory_mean_chinese,0.27349562426599966,0.07479985649264886,0.09362819565555819,0.30598724753747203,Yi2025.csv,norms,True,,zh,500,6,cbow,word2vec
concrete_mean,0.0,-0.013202389041170524,-0.054180296010486684,0.0,Zhao2025.csv,norms,True,,zh,500,6,cbow,word2vec
imagine_mean,0.0,-0.009865080511767346,-0.04048456537889222,0.0,Zhao2025.csv,norms,True,,zh,500,6,cbow,word2vec
aoa_mean,0.03344739061612354,0.0011187279390275492,0.004591063837211418,0.06775738953952859,Zhao2025.csv,norms,True,,zh,500,6,cbow,word2vec
familiar_mean,0.10987954727182733,0.012073514908661738,0.04954759396942604,0.2225928884071233,Zhao2025.csv,norms,True,,zh,500,6,cbow,word2vec
valence_mean,0.0,-0.013176327651649965,-0.05407334462507718,0.0,Zhao2025.csv,norms,True,,zh,500,6,cbow,word2vec
arousal_mean,0.0477218274352315,0.0022773728137580134,0.009345939798536984,0.09667440094739137,Zhao2025.csv,norms,True,,zh,500,6,cbow,word2vec
,0.03189745096921726,0.001017447378333619,0.009465409491667465,0.09729033606513786,zh.subs.2018.tsv,counts,True,unigram_freq,zh,500,6,cbow,word2vec
,0.0,-8.023705650202329e-05,-0.004055060027567947,0.0,zh.wiki.2018.tsv,counts,True,unigram_freq,zh,500,6,cbow,word2vec
