,norm,adjusted r,adjusted r-squared,r-squared,r,source
0,age of acquisition,0.45304199667837186,0.20524705075432592,0.20571942601498028,0.45356303422454997,fa-bakhtiar-2015.tsv
1,familiarity,0.40904845967439085,0.16732064236199176,0.16770573014648427,0.4095189008415659,fa-bakhtiar-2015.tsv
2,imageability,0.5869161613996668,0.3444705805121198,0.34526337816577257,0.5875911658336709,fa-bakhtiar-2015.tsv
