,norm,adjusted r,adjusted r-squared,r-squared,r,source
0,age of acquisition,0.2658652177207527,0.07068431399370324,0.07084699365767033,0.2661709857547782,fa-bakhtiar-2015.tsv
1,familiarity,0.0,-0.036784393137051945,-0.036869052269703384,0.0,fa-bakhtiar-2015.tsv
2,imageability,0.25886002642094186,0.0670085132786507,0.06716273310207682,0.2591577378780669,fa-bakhtiar-2015.tsv
