,norm,adjusted r,adjusted r-squared,r-squared,r,source
0,age of acquisition,0.4725323169708719,0.22328679058186054,0.2238006842310708,0.47307577007396057,fa-bakhtiar-2015.tsv
1,familiarity,0.42854331830199344,0.18364937566128364,0.18407204395969856,0.42903618024555756,fa-bakhtiar-2015.tsv
2,imageability,0.5994163063061584,0.3592999082657183,0.36012683555746905,0.6001056869897744,fa-bakhtiar-2015.tsv
