,norm,adjusted r,adjusted r-squared,r-squared,r,source
0,age of acquisition,0.47693577757259825,0.2274677359287789,0.22799125200686582,0.47748429503687956,fa-bakhtiar-2015.tsv
1,familiarity,0.4175699374214087,0.17436465263811915,0.17476595218389157,0.41805017902626423,fa-bakhtiar-2015.tsv
2,imageability,0.6068284915829141,0.3682408181967948,0.3690883229567413,0.6075263969217645,fa-bakhtiar-2015.tsv
