,norm,adjusted r,adjusted r-squared,r-squared,r,source
0,age of acquisition,0.39981489205693754,0.1598519479105006,0.16021984652479404,0.40027471382138796,fa-bakhtiar-2015.tsv
1,familiarity,0.3513148084105805,0.12342209460856286,0.12370615006220742,0.3517188508769574,fa-bakhtiar-2015.tsv
2,imageability,0.5688211762422997,0.3235575305416733,0.3243021968950488,0.5694753698756855,fa-bakhtiar-2015.tsv
