,norm,adjusted r,adjusted r-squared,r-squared,r,source
0,age of acquisition,0.424002870787753,0.179778434436256,0.18019219377903217,0.4244905108233071,fa-bakhtiar-2015.tsv
1,familiarity,0.35185212807541294,0.12379992003119678,0.12408484504852979,0.352256788505956,fa-bakhtiar-2015.tsv
2,imageability,0.5495410154556086,0.30199532766798143,0.30269036869828747,0.5501730352337231,fa-bakhtiar-2015.tsv
