,norm,adjusted r,adjusted r-squared,r-squared,r,source
0,age of acquisition,0.39368677153794895,0.1549892740839732,0.15534598127403987,0.39413954543288326,fa-bakhtiar-2015.tsv
1,familiarity,0.3445146544667344,0.11869034714233341,0.11896351249824211,0.34491087616693406,fa-bakhtiar-2015.tsv
2,imageability,0.5518864060739086,0.3045786052091752,0.3052795916423378,0.5525211232544307,fa-bakhtiar-2015.tsv
