,norm,adjusted r,adjusted r-squared,r-squared,r,source
0,age of acquisition,0.48879880791126373,0.2389242746154725,0.2394741578712043,0.48936096888820657,fa-bakhtiar-2015.tsv
1,familiarity,0.37266892322179324,0.13888212633529082,0.13920176298968734,0.37309752477025004,fa-bakhtiar-2015.tsv
2,imageability,0.5639978799204693,0.3180936085547842,0.3188256997137135,0.5646465263452114,fa-bakhtiar-2015.tsv
