,norm,adjusted r,adjusted r-squared,r-squared,r,source
0,age of acquisition,0.4007206320247226,0.1605770249302931,0.16094659230642727,0.40118149546860615,fa-bakhtiar-2015.tsv
1,familiarity,0.30657019319513756,0.09398528335570396,0.09420159010681028,0.3069227754774974,fa-bakhtiar-2015.tsv
2,imageability,0.5605092709519883,0.3141706428231295,0.3148937052922276,0.5611539051741755,fa-bakhtiar-2015.tsv
