,norm,adjusted r,adjusted r-squared,r-squared,r,source
0,age of acquisition,0,-0.42829564429774875,-0.4292813649980888,0,fa-bakhtiar-2015.tsv
1,familiarity,0,-0.550096283736794,-0.5513623281182365,0,fa-bakhtiar-2015.tsv
2,imageability,0,-0.5253862816308111,-0.5265954560419293,0,fa-bakhtiar-2015.tsv
