,norm,adjusted r,adjusted r-squared,r-squared,r,source
0,age of acquisition,0.10693418566563341,0.011434920063972157,0.011461237486443898,0.10705716924355836,fa-bakhtiar-2015.tsv
1,familiarity,0.0,-0.04963275651153129,-0.0497469861007408,0.0,fa-bakhtiar-2015.tsv
2,imageability,0.4718160025514491,0.22261034026362905,0.22312267706515637,0.47235863183089644,fa-bakhtiar-2015.tsv
