,norm,adjusted r,adjusted r-squared,r-squared,r,source
0,age of acquisition,0.0,-0.01624647246371352,-0.016283863654654174,0.0,fa-bakhtiar-2015.tsv
1,familiarity,0.0,-0.13248039560054592,-0.13278529869744016,0.0,fa-bakhtiar-2015.tsv
2,imageability,0.41947068453891045,0.1759556551875421,0.17636061641927409,0.4199531121676253,fa-bakhtiar-2015.tsv
