,norm,adjusted r,adjusted r-squared,r-squared,r,source
0,age of acquisition,0,-0.6513521155609555,-0.6528511998315215,0,fa-bakhtiar-2015.tsv
1,familiarity,0,-0.8977557626967139,-0.899821943968743,0,fa-bakhtiar-2015.tsv
2,imageability,0,-0.6563846155898733,-0.6578952821389868,0,fa-bakhtiar-2015.tsv
