,norm,adjusted r,adjusted r-squared,r-squared,r,source
0,age of acquisition,0.15729410006043001,0.024741433913820568,0.02479837622432418,0.1574750019029185,fa-bakhtiar-2015.tsv
1,familiarity,0.19474760133464297,0.03792662822559704,0.03801391620770428,0.19497157794843914,fa-bakhtiar-2015.tsv
2,imageability,0.4852205433799431,0.2354389757179272,0.23598083757228377,0.4857785890426664,fa-bakhtiar-2015.tsv
