,norm,adjusted r,adjusted r-squared,r-squared,r,source
0,age of acquisition,0,-0.11504258121773969,-0.11530735125506475,0,fa-bakhtiar-2015.tsv
1,familiarity,0,-0.29165173195933325,-0.2923229672457759,0,fa-bakhtiar-2015.tsv
2,imageability,0,-0.14169337067542648,-0.14201947739734921,0,fa-bakhtiar-2015.tsv
