,norm,adjusted r,adjusted r-squared,r-squared,r,source
0,age of acquisition,0.41567153969912657,0.17278282891584254,0.17318048790068913,0.41614959798213086,fa-bakhtiar-2015.tsv
1,familiarity,0.0,-0.09625966898318157,-0.0964812102236492,0.0,fa-bakhtiar-2015.tsv
2,imageability,0.42981593979261945,0.18474174209981267,0.18516692447518623,0.43031026536115335,fa-bakhtiar-2015.tsv
