,norm,adjusted r,adjusted r-squared,r-squared,r,source
0,age of acquisition,0,-2.4762321605075264,-2.4819311988516173,0,fa-bakhtiar-2015.tsv
1,familiarity,0,-2.872851209174053,-2.87946306466122,0,fa-bakhtiar-2015.tsv
2,imageability,0,-3.1444106498164652,-3.151647498262533,0,fa-bakhtiar-2015.tsv
