,norm,adjusted r,adjusted r-squared,r-squared,r,source
0,age of acquisition,0.5542764744095338,0.3072224100838625,0.307929481223296,0.5549139403757091,fa-bakhtiar-2015.tsv
1,familiarity,0.4833108859644133,0.2335894124917061,0.23412701758374682,0.4838667353556626,fa-bakhtiar-2015.tsv
2,imageability,0.6320149163188185,0.3994428544494831,0.40036217057019535,0.6327417882281803,fa-bakhtiar-2015.tsv
