,norm,adjusted r,adjusted r-squared,r-squared,r,source
0,age of acquisition,0.5055966135311522,0.25562793561416924,0.2562162622784136,0.506178093439862,fa-bakhtiar-2015.tsv
1,familiarity,0.46266744486968536,0.21406116454224336,0.21455382545028073,0.4631995525151991,fa-bakhtiar-2015.tsv
2,imageability,0.6145929709934957,0.3777245199946119,0.3785938514560494,0.6152998061563562,fa-bakhtiar-2015.tsv
