,norm,adjusted r,adjusted r-squared,r-squared,r,source
0,age of acquisition,0.47255404767764997,0.2233073279765307,0.22382126889247206,0.4730975257729341,fa-bakhtiar-2015.tsv
1,familiarity,0.4315131587988211,0.1862036062165366,0.18663215306628694,0.4320094363162533,fa-bakhtiar-2015.tsv
2,imageability,0.6255211170906647,0.391276667926353,0.3921771896016726,0.6262405205683137,fa-bakhtiar-2015.tsv
