,norm,adjusted r,adjusted r-squared,r-squared,r,source
0,age of acquisition,0.2685884535421455,0.07213975737616125,0.07230578673721111,0.26889735353329736,fa-bakhtiar-2015.tsv
1,familiarity,0.16201358248937173,0.026248400911040453,0.02630881150001868,0.16219991214553317,fa-bakhtiar-2015.tsv
2,imageability,0.44504057789189677,0.19806111597035345,0.1985169528310447,0.44555241311325505,fa-bakhtiar-2015.tsv
