,norm,adjusted r,adjusted r-squared,r-squared,r,source
0,age of acquisition,0,-2.2524542213470964,-2.2576382356655014,0,fa-bakhtiar-2015.tsv
1,familiarity,0,-2.573041793334187,-2.5789636386583163,0,fa-bakhtiar-2015.tsv
2,imageability,0,-2.3929369618169556,-2.3984442965967414,0,fa-bakhtiar-2015.tsv
