,norm,adjusted r,adjusted r-squared,r-squared,r,source
0,age of acquisition,0,-0.8244483208519893,-0.8263457853418672,0,fa-bakhtiar-2015.tsv
1,familiarity,0,-1.3556753441365346,-1.3587954254809225,0,fa-bakhtiar-2015.tsv
2,imageability,0,-0.6060277146273856,-0.6074224849717523,0,fa-bakhtiar-2015.tsv
