,norm,adjusted r,adjusted r-squared,r-squared,r,source
0,age of acquisition,0,-0.4266614477398085,-0.4276434073433524,0,fa-bakhtiar-2015.tsv
1,familiarity,0,-0.6555006258121009,-0.6570092578623014,0,fa-bakhtiar-2015.tsv
2,imageability,0,-0.21249093975494948,-0.21297998679696317,0,fa-bakhtiar-2015.tsv
