,norm,adjusted r,adjusted r-squared,r-squared,r,source
0,age of acquisition,0,-0.5503259365416651,-0.5515925094681131,0,fa-bakhtiar-2015.tsv
1,familiarity,0,-0.6666442351307532,-0.6681785141529183,0,fa-bakhtiar-2015.tsv
2,imageability,0,-0.14380228715172552,-0.14413324753642454,0,fa-bakhtiar-2015.tsv
