,norm,adjusted r,adjusted r-squared,r-squared,r,source
0,age of acquisition,0.5709679044906385,0.3260043479584309,0.3267546456522363,0.5716245670474952,fa-bakhtiar-2015.tsv
1,familiarity,0.46698704022845366,0.2180768957413314,0.21857879883854964,0.46752411578286485,fa-bakhtiar-2015.tsv
2,imageability,0.6443045173788415,0.4151283111147819,0.4160837272508343,0.6450455233941511,fa-bakhtiar-2015.tsv
