,norm,adjusted r,adjusted r-squared,r-squared,r,source
0,age of acquisition,0.6207188183206556,0.385291851417391,0.3861785990616197,0.6214326987386645,fa-bakhtiar-2015.tsv
1,familiarity,0.5225937192873176,0.2731041954385517,0.27373274364439415,0.5231947473402176,fa-bakhtiar-2015.tsv
2,imageability,0.6653474527850974,0.4426872329276175,0.4437060758112254,0.6661126599992117,fa-bakhtiar-2015.tsv
