,norm,adjusted r,adjusted r-squared,r-squared,r,source
0,age of acquisition,0.49234842022594466,0.24240696689898342,0.24296486555697877,0.49291466356457564,fa-bakhtiar-2015.tsv
1,familiarity,0.4486544599557774,0.20129082443821025,0.20175409445993225,0.44917045145460344,fa-bakhtiar-2015.tsv
2,imageability,0.6437100780054907,0.4143626645258349,0.4153163185293466,0.6444504003640207,fa-bakhtiar-2015.tsv
