,norm,adjusted r,adjusted r-squared,r-squared,r,source
0,age of acquisition,0,-1.7165462775933464,-1.7204969019376348,0,fa-bakhtiar-2015.tsv
1,familiarity,0,-2.1920665816116096,-2.197111614020382,0,fa-bakhtiar-2015.tsv
2,imageability,0,-1.8275272478692117,-1.831733294469601,0,fa-bakhtiar-2015.tsv
