,norm,adjusted r,adjusted r-squared,r-squared,r,source
0,age of acquisition,0,-0.6053979951332779,-0.607490384517379,0,fa-bakhtiar-2015.tsv
1,familiarity,0,-0.6374808929529133,-0.6396841679285571,0,fa-bakhtiar-2015.tsv
2,imageability,0,-0.28917041768107554,-0.2901698546085447,0,fa-bakhtiar-2015.tsv
