,norm,adjusted r,adjusted r-squared,r-squared,r,source
0,age of acquisition,0,-0.4161658345596733,-0.4171236385517554,0,fa-bakhtiar-2015.tsv
1,familiarity,0,-0.4530739969883448,-0.45411674496760446,0,fa-bakhtiar-2015.tsv
2,imageability,0,-0.1391683464447416,-0.13948864183356724,0,fa-bakhtiar-2015.tsv
