,norm,adjusted r,adjusted r-squared,r-squared,r,source
0,age of acquisition,0,-0.4165573462850536,-0.41751605133979475,0,fa-bakhtiar-2015.tsv
1,familiarity,0,-0.5928715975117617,-0.5942360891055747,0,fa-bakhtiar-2015.tsv
2,imageability,0,-0.1864527283383983,-0.18688184854170875,0,fa-bakhtiar-2015.tsv
