,norm,adjusted r,adjusted r-squared,r-squared,r,source
0,familiarity,0.0,-0.4022509400037816,-0.4080806637719523,0.0,fi-eilola-2010.tsv
1,valence,0.32793467741417914,0.10754115265074175,0.10909972008046265,0.330302467566415,fi-eilola-2010.tsv
2,emotional charge,0.47482191968027593,0.2254558554088624,0.2287233315742082,0.47825028131116476,fi-eilola-2010.tsv
3,offensiveness,0.43912856108078824,0.19283389315688357,0.1956285872606065,0.44229920558441715,fi-eilola-2010.tsv
4,concreteness,0.6226343524560726,0.38767353685839284,0.3932919939143116,0.6271299657282464,fi-eilola-2010.tsv
0,arousal,0.50993025068809,0.2600288605668183,0.26379739477793157,0.5136121053654514,fi-soderholm-2013.tsv
1,valence,0.654568687405598,0.4284601665318875,0.4346697341627844,0.6592948764875883,fi-soderholm-2013.tsv
