,norm,adjusted r,adjusted r-squared,r-squared,r,source
0,familiarity,0,-1.2182604711477956,-1.23591642000501,0,fi-eilola-2010.tsv
1,valence,0,-0.8266812035849456,-0.838662090593423,0,fi-eilola-2010.tsv
2,emotional charge,0,-1.345768836566812,-1.3652727327489396,0,fi-eilola-2010.tsv
3,offensiveness,0,-0.8179667762828003,-0.8298213672434206,0,fi-eilola-2010.tsv
4,concreteness,0,-1.1295328079082143,-1.1459028486025362,0,fi-eilola-2010.tsv
0,arousal,0,-0.246790748175119,-0.25036742568490333,0,fi-soderholm-2013.tsv
1,valence,0,-0.21030142567359492,-0.21334927242248758,0,fi-soderholm-2013.tsv
