,norm,adjusted r,adjusted r-squared,r-squared,r,source
0,familiarity,0.0,-0.5435245682517792,-0.5514017359076021,0.0,fi-eilola-2010.tsv
1,valence,0.3552460351217566,0.12619974546972834,0.1280287272881302,0.35781102175328555,fi-eilola-2010.tsv
2,emotional charge,0.5825509202175467,0.33936557464631045,0.34428391630785116,0.5867571186682367,fi-eilola-2010.tsv
3,offensiveness,0.5274116246120655,0.27816302177593827,0.28219436991761854,0.5312197002348638,fi-eilola-2010.tsv
4,concreteness,0.7218546295774232,0.5210741062423588,0.5286259048835524,0.727066644045477,fi-eilola-2010.tsv
0,arousal,0.5557225194521399,0.30882751862623403,0.3133032797657447,0.559735008522555,fi-soderholm-2013.tsv
1,valence,0.6542883979108214,0.4280933076407093,0.43429755847608187,0.6590125632156658,fi-soderholm-2013.tsv
