,norm,adjusted r,adjusted r-squared,r-squared,r,source
0,familiarity,0.0,-0.4983735633133913,-0.5055963685788027,0.0,fi-eilola-2010.tsv
1,valence,0.1932663128240752,0.037351867672613295,0.037893199088158414,0.19466175558685997,fi-eilola-2010.tsv
2,emotional charge,0.5557199578416376,0.3088246715435115,0.31330039142095367,0.5597324284164298,fi-eilola-2010.tsv
3,offensiveness,0.5604045879720049,0.3140533022200725,0.31860479935369673,0.56445088303031,fi-eilola-2010.tsv
4,concreteness,0.6741362129392028,0.4544596335960102,0.4610460050974016,0.6790036856287318,fi-eilola-2010.tsv
0,arousal,0.5151012350501145,0.26532928235015335,0.2691746342682715,0.5188204258394917,fi-soderholm-2013.tsv
1,valence,0.6206251955447678,0.38517563334498134,0.3907578889007057,0.6251063020804587,fi-soderholm-2013.tsv
