,norm,adjusted r,adjusted r-squared,r-squared,r,source
0,familiarity,0.0,-0.6974644151256509,-0.7075725950550081,0.0,fi-eilola-2010.tsv
1,valence,0.38110095489150203,0.14523793781921465,0.14734283546876847,0.3838526220683773,fi-eilola-2010.tsv
2,emotional charge,0.5476480530528601,0.29991839001258824,0.304265033346104,0.5516022419697948,fi-eilola-2010.tsv
3,offensiveness,0.43574795493552587,0.18987628023049308,0.1926281103787611,0.438894190413545,fi-eilola-2010.tsv
4,concreteness,0.7134149564144151,0.5089609000357818,0.5163371449638365,0.718566033822805,fi-eilola-2010.tsv
0,arousal,0.5650514028536576,0.31928308786688653,0.3239103789953921,0.5691312493576435,fi-soderholm-2013.tsv
1,valence,0.6096063968141034,0.3716199590366742,0.3770057555444521,0.614007944203047,fi-soderholm-2013.tsv
