,norm,adjusted r,adjusted r-squared,r-squared,r,source
0,familiarity,0.0,-0.31113098041190296,-0.3156401250555537,0.0,fi-eilola-2010.tsv
1,valence,0.1513778498090306,0.02291525341280543,0.023247358534730145,0.15247084486789644,fi-eilola-2010.tsv
2,emotional charge,0.642133545991667,0.41233549088783233,0.4183113675673661,0.6467699494931456,fi-eilola-2010.tsv
3,offensiveness,0.5500302828179415,0.3025333120167848,0.3069178527706512,0.5540016721731543,fi-eilola-2010.tsv
4,concreteness,0.6186600372902312,0.38274024173995025,0.3882872017651669,0.6231269547733967,fi-eilola-2010.tsv
0,arousal,0.5417774262215729,0.2935227795632719,0.2977767328902758,0.5456892273907153,fi-soderholm-2013.tsv
1,valence,0.6358141381935408,0.40425961832679497,0.41011845337500935,0.640404913609358,fi-soderholm-2013.tsv
