,norm,adjusted r,adjusted r-squared,r-squared,r,source
0,familiarity,0.0,-0.8673882415842107,-0.8799590856651412,0.0,fi-eilola-2010.tsv
1,valence,0.0,-0.0031495570390053687,-0.003195202793193852,0.0,fi-eilola-2010.tsv
2,emotional charge,0.6521619538808792,0.425315214089726,0.431479202699722,0.6568707655998416,fi-eilola-2010.tsv
3,offensiveness,0.5813564042995588,0.3379752688201121,0.3428734611218528,0.5855539779745782,fi-eilola-2010.tsv
4,concreteness,0.5646972701054591,0.31888300686455784,0.32350449971766737,0.5687745596610905,fi-eilola-2010.tsv
0,arousal,0.17429593818048866,0.03037907406621673,0.030819350501958998,0.17555440895049887,fi-soderholm-2013.tsv
1,valence,0.5085851216807634,0.258658825995037,0.26240750463264617,0.5122572641092034,fi-soderholm-2013.tsv
