,norm,adjusted r,adjusted r-squared,r-squared,r,source
0,familiarity,0,-2.199123691161916,-2.230995049004842,0,fi-eilola-2010.tsv
1,valence,0,-5.785384176522762,-5.8692303240085995,0,fi-eilola-2010.tsv
2,emotional charge,0,-5.463323901067696,-5.542502508329546,0,fi-eilola-2010.tsv
3,offensiveness,0,-10.358689252336351,-10.50881518352963,0,fi-eilola-2010.tsv
4,concreteness,0,-6.1884985872165705,-6.278186972538549,0,fi-eilola-2010.tsv
0,arousal,0,-1.1580761225740908,-1.1748598344954544,0,fi-soderholm-2013.tsv
1,valence,0,-1.4778024521691646,-1.499219879012196,0,fi-soderholm-2013.tsv
