,norm,adjusted r,adjusted r-squared,r-squared,r,source
0,familiarity,0.0,-1.175901031475924,-1.1929430754103576,0.0,fi-eilola-2010.tsv
1,valence,0.0,-0.34243871115022245,-0.3474015910219648,0.0,fi-eilola-2010.tsv
2,emotional charge,0.5868559289873528,0.34439988138760885,0.3493911840164148,0.5910932109375092,fi-eilola-2010.tsv
3,offensiveness,0.4540259206923573,0.20613953666054272,0.20912706617736215,0.4573041287560852,fi-eilola-2010.tsv
4,concreteness,0.7138756758363022,0.5096184805507372,0.5170042556311827,0.7190300797819119,fi-eilola-2010.tsv
0,arousal,0.0,-0.07327323480089949,-0.07433516574004295,0.0,fi-soderholm-2013.tsv
1,valence,0.43569171951174057,0.1898272744510972,0.1925783943706783,0.4388375489525461,fi-soderholm-2013.tsv
