,norm,adjusted r,adjusted r-squared,r-squared,r,source
0,familiarity,0,-6.047207058118135,-6.134847740119847,0,fi-eilola-2010.tsv
1,valence,0,-8.814165045871366,-8.941906568275298,0,fi-eilola-2010.tsv
2,emotional charge,0,-5.197942001389778,-5.273274494163543,0,fi-eilola-2010.tsv
3,offensiveness,0,-5.866621831437194,-5.951645336240631,0,fi-eilola-2010.tsv
4,concreteness,0,-4.146144269413032,-4.20623331679583,0,fi-eilola-2010.tsv
0,arousal,0,-1.259015737339893,-1.277262342228877,0,fi-soderholm-2013.tsv
1,valence,0,-1.581717778279991,-1.6046412243420196,0,fi-soderholm-2013.tsv
