,norm,adjusted r,adjusted r-squared,r-squared,r,source
0,familiarity,0,-7.423243718775985,-7.530826961077086,0,fi-eilola-2010.tsv
1,valence,0,-4.554428700694522,-4.620434913748065,0,fi-eilola-2010.tsv
2,emotional charge,0,-4.1062984233718245,-4.1658099947250395,0,fi-eilola-2010.tsv
3,offensiveness,0,-7.613851102967575,-7.724196771126525,0,fi-eilola-2010.tsv
4,concreteness,0,-4.322108113317881,-4.384747361336981,0,fi-eilola-2010.tsv
0,arousal,0,-1.2175455591911142,-1.2351911470054782,0,fi-soderholm-2013.tsv
1,valence,0,-1.4641841285247426,-1.4854041883584344,0,fi-soderholm-2013.tsv
