,norm,adjusted r,adjusted r-squared,r-squared,r,source
0,familiarity,0.0,-0.7647680489986565,-0.7758516439116805,0.0,fi-eilola-2010.tsv
1,valence,0.5511765545441714,0.3037955942791839,0.3081984289788822,0.5551562203370167,fi-eilola-2010.tsv
2,emotional charge,0.33570064149489426,0.11269492070008351,0.11432818042037457,0.3381245043181203,fi-eilola-2010.tsv
3,offensiveness,0.6258381972325774,0.3916734491153225,0.39734987591409526,0.6303569432584171,fi-eilola-2010.tsv
4,concreteness,0.6629019787447217,0.43943903342366747,0.44580771506748873,0.6676883367765898,fi-eilola-2010.tsv
0,arousal,0.15750796545308268,0.024808759181169485,0.025168306415679187,0.15864522184950666,fi-soderholm-2013.tsv
1,valence,0.576590713196973,0.33245685054499396,0.3372750657702837,0.580753877103101,fi-soderholm-2013.tsv
