,norm,adjusted r,adjusted r-squared,r-squared,r,source
0,familiarity,0,-3.3680536834897885,-3.416866055714278,0,fi-eilola-2010.tsv
1,valence,0,-3.957389997206431,-4.014743475426814,0,fi-eilola-2010.tsv
2,emotional charge,0,-5.111041031131743,-5.185114089553942,0,fi-eilola-2010.tsv
3,offensiveness,0,-5.9733644221314695,-6.05993492100294,0,fi-eilola-2010.tsv
4,concreteness,0,-4.289318935263534,-4.351482977803585,0,fi-eilola-2010.tsv
0,arousal,0,-1.3148340356670316,-1.3338896014013364,0,fi-soderholm-2013.tsv
1,valence,0,-1.4651006699839522,-1.4863340130271978,0,fi-soderholm-2013.tsv
