,norm,adjusted r,adjusted r-squared,r-squared,r,source
0,familiarity,0.0,-0.8447219853893172,-0.856964333003655,0.0,fi-eilola-2010.tsv
1,valence,0.0,-0.14787602108858075,-0.15001915182899495,0.0,fi-eilola-2010.tsv
2,emotional charge,0.0,-0.028826095185588596,-0.029243864681031906,0.0,fi-eilola-2010.tsv
3,offensiveness,0.0,-0.45138944966677086,-0.45793132574889794,0.0,fi-eilola-2010.tsv
4,concreteness,0.04190191826065847,0.0017557707539229037,0.001781216706878308,0.04220446311562686,fi-eilola-2010.tsv
0,arousal,0.0,-2.628555634612646,-2.6666506438099304,0.0,fi-soderholm-2013.tsv
1,valence,0.0,-1.927118240262968,-1.9550474901218515,0.0,fi-soderholm-2013.tsv
