,norm,adjusted r,adjusted r-squared,r-squared,r,source
0,familiarity,0.0,-0.3321193302332569,-0.33693265385982585,0.0,fi-eilola-2010.tsv
1,valence,0.5924223887938443,0.3509642867442048,0.3560507256825266,0.5966998623114694,fi-eilola-2010.tsv
2,emotional charge,0.545136313366446,0.29717360015076,0.30148046392106087,0.5490723667432744,fi-eilola-2010.tsv
3,offensiveness,0.7071938141835189,0.5001230908194334,0.5073712515559469,0.7122999730141416,fi-eilola-2010.tsv
4,concreteness,0.593804494326924,0.3526037774828538,0.35771397715651837,0.598091947075463,fi-eilola-2010.tsv
0,arousal,0.0,-0.187959269318312,-0.19068331669973682,0.0,fi-soderholm-2013.tsv
1,valence,0.4329047440372035,0.18740651740991668,0.19012255389411836,0.43603045065008744,fi-soderholm-2013.tsv
