,norm,adjusted r,adjusted r-squared,r-squared,r,source
0,familiarity,0,-2.7841469966908514,-2.8244969531646316,0,fi-eilola-2010.tsv
1,valence,0,-3.432224027060066,-3.4819664042638347,0,fi-eilola-2010.tsv
2,emotional charge,0,-2.2326380759553066,-2.2649951495198763,0,fi-eilola-2010.tsv
3,offensiveness,0,-5.114688692147771,-5.188814615222376,0,fi-eilola-2010.tsv
4,concreteness,0,-2.422351796084864,-2.45745834385421,0,fi-eilola-2010.tsv
0,arousal,0,-3.6954799024454568,-3.749037582191043,0,fi-soderholm-2013.tsv
1,valence,0,-3.615737053767212,-3.6681390400536933,0,fi-soderholm-2013.tsv
