,norm,adjusted r,adjusted r-squared,r-squared,r,source
0,familiarity,0.0,-0.70891629751963,-0.719190446759045,0.0,fi-eilola-2010.tsv
1,valence,0.2611274889558148,0.06818756548836918,0.06917579107515714,0.26301291047238945,fi-eilola-2010.tsv
2,emotional charge,0.6180743524905337,0.3820159052065925,0.38755236760089096,0.6225370411476662,fi-eilola-2010.tsv
3,offensiveness,0.6585147645999182,0.43364169519608575,0.43992635744530434,0.6632694455839981,fi-eilola-2010.tsv
4,concreteness,0.7237517366403429,0.5238165762899122,0.5314081208738239,0.7289774488101973,fi-eilola-2010.tsv
0,arousal,0.0,-0.24720723157406982,-0.2507899450751433,0.0,fi-soderholm-2013.tsv
1,valence,0.21175895509337153,0.044841855062236535,0.04549173701966025,0.2132879204729144,fi-soderholm-2013.tsv
