,norm,adjusted r,adjusted r-squared,r-squared,r,source
0,familiarity,0,-3.201363956335628,-3.247760535412956,0,fi-eilola-2010.tsv
1,valence,0,-2.967412373184859,-3.0104183496078276,0,fi-eilola-2010.tsv
2,emotional charge,0,-2.2187118097187333,-2.250867053337845,0,fi-eilola-2010.tsv
3,offensiveness,0,-3.7827775634442453,-3.8376004266825676,0,fi-eilola-2010.tsv
4,concreteness,0,-3.715575391499762,-3.7694243102171496,0,fi-eilola-2010.tsv
0,arousal,0,-3.500271713748133,-3.5510002893097004,0,fi-soderholm-2013.tsv
1,valence,0,-3.4267470379695992,-3.4764100385198833,0,fi-soderholm-2013.tsv
