,norm,adjusted r,adjusted r-squared,r-squared,r,source
0,familiarity,0.0,-0.6469131291889939,-0.6562886817859358,0.0,fi-eilola-2010.tsv
1,valence,0.4744295241090534,0.22508337334634293,0.2283454512209276,0.47785505252212995,fi-eilola-2010.tsv
2,emotional charge,0.2965987566602184,0.08797082245238745,0.08924576190821915,0.2987402917388599,fi-eilola-2010.tsv
3,offensiveness,0.7161056431794299,0.512807292193425,0.5202392819353587,0.7212761481813735,fi-eilola-2010.tsv
4,concreteness,0.6374084387540881,0.4062895177949241,0.41217777167600994,0.6420107255147767,fi-eilola-2010.tsv
0,arousal,0.0,-0.32995275454071216,-0.33473467851956307,0.0,fi-soderholm-2013.tsv
1,valence,0.4474141271551482,0.20017940117800312,0.2030805519197133,0.4506445960174307,fi-soderholm-2013.tsv
