,norm,adjusted r,adjusted r-squared,r-squared,r,source
0,familiarity,0,-2.5508629133954384,-2.587831941125807,0,fi-eilola-2010.tsv
1,valence,0,-1.9761526584139761,-2.0047925520141785,0,fi-eilola-2010.tsv
2,emotional charge,0,-1.6765194755497672,-1.700816859253387,0,fi-eilola-2010.tsv
3,offensiveness,0,-2.115688903876087,-2.1463510619032764,0,fi-eilola-2010.tsv
4,concreteness,0,-1.7834417680495127,-1.8092887501951578,0,fi-eilola-2010.tsv
0,arousal,0,-5.781316325330435,-5.865103518451166,0,fi-soderholm-2013.tsv
1,valence,0,-6.3727906841454836,-6.465149969422954,0,fi-soderholm-2013.tsv
