,norm,adjusted r,adjusted r-squared,r-squared,r,source
0,familiarity,0.0,-0.3460005275278071,-0.35101502792676076,0.0,fi-eilola-2010.tsv
1,valence,0.3312465873533946,0.10972430163327007,0.11131450890331746,0.3336382905233113,fi-eilola-2010.tsv
2,emotional charge,0.6518276321185168,0.4248792619932325,0.4310369324569025,0.6565340299305913,fi-eilola-2010.tsv
3,offensiveness,0.6470574341612958,0.4186833231033996,0.424751197351275,0.6517293896635896,fi-eilola-2010.tsv
4,concreteness,0.6861282803700548,0.4707720171235686,0.47759479998043186,0.6910823395084206,fi-eilola-2010.tsv
0,arousal,0.0,-0.3986541638507753,-0.40443176042832274,0.0,fi-soderholm-2013.tsv
1,valence,0.24818196413166776,0.06159428732025242,0.06248695815098071,0.24997391494110083,fi-soderholm-2013.tsv
