,norm,adjusted r,adjusted r-squared,r-squared,r,source
0,familiarity,0.0,-0.20046882365765548,-0.20337416892805626,0.0,fi-eilola-2010.tsv
1,valence,0.6032395631582763,0.36389797055938805,0.3691718541906835,0.6075951400321463,fi-eilola-2010.tsv
2,emotional charge,0.6758149343597672,0.4567258255036965,0.4633450403660689,0.6806945279389786,fi-eilola-2010.tsv
3,offensiveness,0.7425017222949984,0.551308807611039,0.5592987903300395,0.7478628151807252,fi-eilola-2010.tsv
4,concreteness,0.7856315487831967,0.6172169304434845,0.6261621033484625,0.7913040524024014,fi-eilola-2010.tsv
0,arousal,0.26634194553299984,0.07093803195030346,0.07196611936987307,0.26826501704447614,fi-soderholm-2013.tsv
1,valence,0.5816627430501419,0.3383315466526154,0.343234902401204,0.5858625285860191,fi-soderholm-2013.tsv
