,norm,adjusted r,adjusted r-squared,r-squared,r,source
0,familiarity,0.20020485273119362,0.04008198305711893,0.04066288136229457,0.20165039390562708,fi-eilola-2010.tsv
1,valence,0.4152507717234153,0.17243320341689194,0.1749322353504701,0.4182490111769185,fi-eilola-2010.tsv
2,emotional charge,0.5285507179859752,0.27936586148348985,0.28341464208469985,0.5323670182164743,fi-eilola-2010.tsv
3,offensiveness,0.2789862314223162,0.07783331732322618,0.07896133641486713,0.28100059860232884,fi-eilola-2010.tsv
4,concreteness,0.5504225759985863,0.3029650121689196,0.30735580944672997,0.5543967978323197,fi-eilola-2010.tsv
0,arousal,0.5382520188225985,0.289715235766603,0.29391400729945233,0.5421383654561374,fi-soderholm-2013.tsv
1,valence,0.5672850369403346,0.3218123131363968,0.32647625970359095,0.5713810109756807,fi-soderholm-2013.tsv
