,norm,adjusted r,adjusted r-squared,r-squared,r,source
0,familiarity,0,-4.325068971252133,-4.387751130255786,0,fi-eilola-2010.tsv
1,valence,0,-3.057571121017466,-3.101883745959748,0,fi-eilola-2010.tsv
2,emotional charge,0,-1.0290713448229891,-1.0439854222841918,0,fi-eilola-2010.tsv
3,offensiveness,0,-3.1020458187526145,-3.147003004531638,0,fi-eilola-2010.tsv
4,concreteness,0,-1.4570902055784858,-1.4782074549346957,0,fi-eilola-2010.tsv
0,arousal,0,-5.695522541180506,-5.778066346125151,0,fi-soderholm-2013.tsv
1,valence,0,-3.7225370638839377,-3.7764868764039945,0,fi-soderholm-2013.tsv
