,norm,adjusted r,adjusted r-squared,r-squared,r,source
0,familiarity,0,-5.472238916293455,-5.55154672667452,0,fi-eilola-2010.tsv
1,valence,0,-4.157646055040031,-4.217901794968147,0,fi-eilola-2010.tsv
2,emotional charge,0,-2.686272185419531,-2.72520366636764,0,fi-eilola-2010.tsv
3,offensiveness,0,-3.4874938201710144,-3.5380372088691447,0,fi-eilola-2010.tsv
4,concreteness,0,-3.0106435678355496,-3.054276083311427,0,fi-eilola-2010.tsv
0,arousal,0,-4.374334372981147,-4.437730523314206,0,fi-soderholm-2013.tsv
1,valence,0,-3.2656984287378354,-3.3130273914731663,0,fi-soderholm-2013.tsv
