,norm,adjusted r,adjusted r-squared,r-squared,r,source
0,familiarity,0.0,-0.2583340512292125,-0.26207802298615757,0.0,fi-eilola-2010.tsv
1,valence,0.6930028778486722,0.48025298870654165,0.4872131769486654,0.6980065737145069,fi-eilola-2010.tsv
2,emotional charge,0.7238766934646022,0.5239974673412455,0.5315916335345969,0.7291033078615108,fi-eilola-2010.tsv
3,offensiveness,0.7907900838640591,0.6253489567377256,0.6344119850962433,0.7964998337076056,fi-eilola-2010.tsv
4,concreteness,0.8021564863497811,0.6434550285930266,0.652780463790027,0.8079483051470725,fi-eilola-2010.tsv
0,arousal,0.26551932599489136,0.07050051247678138,0.07152225903441589,0.2674364579379855,fi-soderholm-2013.tsv
1,valence,0.47222450325812715,0.22299598147738495,0.22622780729589775,0.4756341107362862,fi-soderholm-2013.tsv
