,norm,adjusted r,adjusted r-squared,r-squared,r,source
0,familiarity,0.284157378721451,0.08074541588184614,0.08191563930042361,0.2862090831899358,fi-eilola-2010.tsv
1,valence,0.4784151406936584,0.22888104684493296,0.23219816346587402,0.4818694464954943,fi-eilola-2010.tsv
2,emotional charge,0.6571489184217476,0.4318447009828727,0.4381033198376969,0.6618937375725026,fi-eilola-2010.tsv
3,offensiveness,0.45086701245880917,0.20328106292353196,0.20622716528474255,0.4541224122246584,fi-eilola-2010.tsv
4,concreteness,0.6145059037011621,0.3776175056835819,0.38309022315725694,0.6189428270504934,fi-eilola-2010.tsv
0,arousal,0.5124848631022609,0.2626407349089432,0.2664471223713916,0.5161851628741295,fi-soderholm-2013.tsv
1,valence,0.528728224788975,0.27955353568850083,0.28360503620572547,0.5325458066736846,fi-soderholm-2013.tsv
