,norm,adjusted r,adjusted r-squared,r-squared,r,source
0,familiarity,0.0,-0.3636373222249936,-0.36890742834419643,0.0,fi-eilola-2010.tsv
1,valence,0.5844802972761624,0.34161721790403116,0.3465681920765533,0.5887004264280377,fi-eilola-2010.tsv
2,emotional charge,0.6520818112618255,0.4252106885785031,0.4313731623260176,0.6567900443262045,fi-eilola-2010.tsv
3,offensiveness,0.7637992616281021,0.583389312063634,0.5918442296297736,0.7693141293579454,fi-eilola-2010.tsv
4,concreteness,0.7548818775461943,0.5698466490476675,0.5781052961353148,0.7603323589952717,fi-eilola-2010.tsv
0,arousal,0.0,-0.23824854716343075,-0.24170142465855293,0.0,fi-soderholm-2013.tsv
1,valence,0.38202776537461025,0.14594521351711826,0.14806036153910546,0.3847861244108283,fi-soderholm-2013.tsv
