,norm,adjusted r,adjusted r-squared,r-squared,r,source
0,familiarity,0.058697371586222735,0.0034453814311311078,0.003495314495350399,0.059121184827017795,fi-eilola-2010.tsv
1,valence,0.47339960161441713,0.22410718280868883,0.22735511299432198,0.4768176936674246,fi-eilola-2010.tsv
2,emotional charge,0.6190217719475207,0.38318795414504836,0.3887414027558461,0.6234913012671838,fi-eilola-2010.tsv
3,offensiveness,0.30415412573985695,0.09250973220457673,0.09385045296116479,0.30635021292821846,fi-eilola-2010.tsv
4,concreteness,0.3473710067462255,0.12066661632788626,0.12241540786887012,0.3498791332287053,fi-eilola-2010.tsv
0,arousal,0.5325568857623995,0.2836168365729454,0.28772722550878516,0.5364021117676413,fi-soderholm-2013.tsv
1,valence,0.5445151133302797,0.29649670864508737,0.30079376239356687,0.5484466814500447,fi-soderholm-2013.tsv
