,norm,adjusted r,adjusted r-squared,r-squared,r,source
0,familiarity,0,-3.736205798396482,-3.7903537085181696,0,fi-eilola-2010.tsv
1,valence,0,-4.148486651342135,-4.208609646289123,0,fi-eilola-2010.tsv
2,emotional charge,0,-2.2558194450474294,-2.288512480482899,0,fi-eilola-2010.tsv
3,offensiveness,0,-4.403316207865889,-4.467132384791482,0,fi-eilola-2010.tsv
4,concreteness,0,-2.3074155420777047,-2.3408563470353525,0,fi-eilola-2010.tsv
0,arousal,0,-3.6348093285646415,-3.6874877246307953,0,fi-soderholm-2013.tsv
1,valence,0,-3.7944473884812937,-3.8494393796187034,0,fi-soderholm-2013.tsv
