,norm,adjusted r,adjusted r-squared,r-squared,r,source
0,familiarity,0.0,-0.21451950189552688,-0.21762848018386782,0.0,fi-eilola-2010.tsv
1,valence,0.5922131200140346,0.3507163795167573,0.3557992255967103,0.5964890825461187,fi-eilola-2010.tsv
2,emotional charge,0.686457516594331,0.47122392208885616,0.47805325429304246,0.6914139529204212,fi-eilola-2010.tsv
3,offensiveness,0.633887590611252,0.40181347753093816,0.4076368612632706,0.6384644557555813,fi-eilola-2010.tsv
4,concreteness,0.7100802556470927,0.5042139694598404,0.5115214182925917,0.7152072554809492,fi-eilola-2010.tsv
0,arousal,0.5627578423987024,0.31669638918124277,0.3212861919229999,0.5668211286843495,fi-soderholm-2013.tsv
1,valence,0.6278426890358669,0.39418644217578824,0.3998992891638431,0.6323759081146617,fi-soderholm-2013.tsv
