,norm,adjusted r,adjusted r-squared,r-squared,r,source
0,familiarity,0.0,-0.18867998828442922,-0.19141448086826152,0.0,fi-eilola-2010.tsv
1,valence,0.5219699543346031,0.27245263322806773,0.276401222115431,0.5257387394090633,fi-eilola-2010.tsv
2,emotional charge,0.6359802942353722,0.40447093465571055,0.41033283225941647,0.6405722693493814,fi-eilola-2010.tsv
3,offensiveness,0.4366264577739067,0.19064266362818913,0.19340560078222085,0.4397790363150805,fi-eilola-2010.tsv
4,concreteness,0.5201287617597641,0.2705339288097454,0.2744547103866982,0.5238842528523817,fi-eilola-2010.tsv
0,arousal,0.5222874000050078,0.27278412820399106,0.27673752136636776,0.5260584771357342,fi-soderholm-2013.tsv
1,valence,0.5406733786078208,0.29232770233519595,0.2965643357023727,0.5445772082105279,fi-soderholm-2013.tsv
