,norm,adjusted r,adjusted r-squared,r-squared,r,source
0,familiarity,0.3645295478376698,0.13288179124673596,0.13480761430828286,0.36716156431233765,fi-eilola-2010.tsv
1,valence,0.27244388067935366,0.07422566811962589,0.07530140244020017,0.2744110100564483,fi-eilola-2010.tsv
2,emotional charge,0.14727100613441435,0.021688749247842712,0.022003078947086807,0.14833434850730565,fi-eilola-2010.tsv
3,offensiveness,0.0,-0.2377125702050272,-0.24115767991814352,0.0,fi-eilola-2010.tsv
4,concreteness,0.5212340363853135,0.2716849206865264,0.2756223833051717,0.5249975079037725,fi-eilola-2010.tsv
0,arousal,0.0,-2.2718872335538842,-2.3048131354894474,0.0,fi-soderholm-2013.tsv
1,valence,0.0,-2.3381201604300923,-2.372005959856615,0.0,fi-soderholm-2013.tsv
