,norm,adjusted r,adjusted r-squared,r-squared,r,source
0,familiarity,0,-1.4732307080037186,-1.4945818776849318,0,fi-eilola-2010.tsv
1,valence,0,-2.2936255148178977,-2.326866464308012,0,fi-eilola-2010.tsv
2,emotional charge,0,-2.342365110430667,-2.3763124308716908,0,fi-eilola-2010.tsv
3,offensiveness,0,-3.8477177162084493,-3.9034817410810354,0,fi-eilola-2010.tsv
4,concreteness,0,-2.2635696653771435,-2.2963750228463775,0,fi-eilola-2010.tsv
0,arousal,0,-4.660718417909936,-4.728265061647761,0,fi-soderholm-2013.tsv
1,valence,0,-4.286839503371301,-4.348967612115812,0,fi-soderholm-2013.tsv
