,norm,adjusted r,adjusted r-squared,r-squared,r,source
0,familiarity,0,-3.120369986480577,-3.1655927399078316,0,fi-eilola-2010.tsv
1,valence,0,-1.2559318960449255,-1.2741338075818085,0,fi-eilola-2010.tsv
2,emotional charge,0,-0.945251169317714,-0.9589504616266663,0,fi-eilola-2010.tsv
3,offensiveness,0,-1.541756316789758,-1.5641006112359863,0,fi-eilola-2010.tsv
4,concreteness,0,-1.123813026286267,-1.1401001715947634,0,fi-eilola-2010.tsv
0,arousal,0,-6.593832019270209,-6.689394802158183,0,fi-soderholm-2013.tsv
1,valence,0,-7.6843274208889785,-7.795694484959832,0,fi-soderholm-2013.tsv
