,norm,adjusted r,adjusted r-squared,r-squared,r,source
0,valence,0.6375015608299595,0.40640824006063453,0.42977166621032326,0.6555697264290986,id-sianipar-2016.tsv
1,arousal,0.4836397460416177,0.23390740395120047,0.24735417451191533,0.4973471368289108,id-sianipar-2016.tsv
2,dominance,0.48939354387133666,0.23950604078294593,0.25327466342554256,0.5032640096664399,id-sianipar-2016.tsv
3,predicability,0.33565671346422526,0.11266542929360501,0.119142292155764,0.3451699467737074,id-sianipar-2016.tsv
4,concreteness,0.7173538272641269,0.5145965134904907,0.5441794216471478,0.7376851778686813,id-sianipar-2016.tsv
