,norm,adjusted r,adjusted r-squared,r-squared,r,source
0,valence,0.6144719630782994,0.37757579340929903,0.39928171198002527,0.6318874203369025,id-sianipar-2016.tsv
1,arousal,0.4668615465129633,0.21795970361247577,0.23048967947664223,0.48009340703309206,id-sianipar-2016.tsv
2,dominance,0.45939336723794166,0.21104226586221433,0.2231745749713977,0.47241356349219876,id-sianipar-2016.tsv
3,predicability,0.3352938752377718,0.11242198277196251,0.11888485048277087,0.34479682493139474,id-sianipar-2016.tsv
4,concreteness,0.7173115006127765,0.5145357889113533,0.5441152061589187,0.7376416515889804,id-sianipar-2016.tsv
