,norm,adjusted r,adjusted r-squared,r-squared,r,source
0,valence,0.6138314169147671,0.3767890083915906,0.3984496965957913,0.6312287197171809,id-sianipar-2016.tsv
1,arousal,0.46300940363922166,0.21437770785834767,0.22670176345559834,0.4761320861437489,id-sianipar-2016.tsv
2,dominance,0.47390136927406323,0.22458250779983205,0.23749321264850942,0.4873327535149976,id-sianipar-2016.tsv
3,predicability,0.3065082747044554,0.09394732246230189,0.09934812666347043,0.31519537855665086,id-sianipar-2016.tsv
4,concreteness,0.708735795443212,0.5023064277425223,0.5311828086134551,0.7288228924872319,id-sianipar-2016.tsv
