,norm,adjusted r,adjusted r-squared,r-squared,r,source
0,valence,0.6129908169063218,0.3757577416114798,0.3973591447843186,0.6303642952962347,id-sianipar-2016.tsv
1,arousal,0.4791551934691128,0.2295896994284229,0.24278825560564238,0.4927354823895295,id-sianipar-2016.tsv
2,dominance,0.46664941728053655,0.21776167864826432,0.23028027053648958,0.4798752656018953,id-sianipar-2016.tsv
3,predicability,0.3467676858698326,0.12024782796351889,0.12716058457462254,0.35659582803872303,id-sianipar-2016.tsv
4,concreteness,0.7472767028461788,0.5584224706166561,0.5905248269828371,0.7684561321134975,id-sianipar-2016.tsv
