,norm,adjusted r,adjusted r-squared,r-squared,r,source
0,valence,0.6573113917446306,0.4320582657172632,0.4568962497648844,0.6759410105659254,id-sianipar-2016.tsv
1,arousal,0.5044634213723874,0.2544833435027349,0.269112975031281,0.5187609999135256,id-sianipar-2016.tsv
2,dominance,0.4859657807176642,0.23616274002852888,0.2497391644020639,0.49973909633133956,id-sianipar-2016.tsv
3,predicability,0.3461677126459235,0.11983208527851065,0.12672094184881538,0.35597885028301246,id-sianipar-2016.tsv
4,concreteness,0.7671861050455938,0.5885745197750288,0.6224102444746579,0.7889298095994712,id-sianipar-2016.tsv
