,norm,adjusted r,adjusted r-squared,r-squared,r,source
0,valence,0.6025448148345885,0.36306025388404867,0.3839317092173403,0.61962223105481,id-sianipar-2016.tsv
1,arousal,0.4127865376494802,0.17039272566464575,0.18018819108610518,0.42448579609464576,id-sianipar-2016.tsv
2,dominance,0.4018221889047817,0.16146107149623007,0.17074307773554492,0.41321069412049943,id-sianipar-2016.tsv
3,predicability,0.17933323487702418,0.03216040913145792,0.03400923321921384,0.1844159245271781,id-sianipar-2016.tsv
4,concreteness,0.7090129495041274,0.5026993625645424,0.5315983323074295,0.7291079016904353,id-sianipar-2016.tsv
