,norm,adjusted r,adjusted r-squared,r-squared,r,source
0,valence,0.5713239250868473,0.3264110273766414,0.34517560737487274,0.5875164741306177,id-sianipar-2016.tsv
1,arousal,0.41120169865816836,0.16908683697936308,0.1788072300207601,0.4228560393570844,id-sianipar-2016.tsv
2,dominance,0.40509984439142915,0.1641058839259601,0.1735399340310011,0.41658124541438624,id-sianipar-2016.tsv
3,predicability,0.25462890664991206,0.06483588010172962,0.0685631379358248,0.2618456376108351,id-sianipar-2016.tsv
4,concreteness,0.6822902825384426,0.4655200296463879,0.4922816495196011,0.7016278568583214,id-sianipar-2016.tsv
