,norm,adjusted r,adjusted r-squared,r-squared,r,source
0,valence,0.6050920744233756,0.36613641852998396,0.3871847151239717,0.6222416854598957,id-sianipar-2016.tsv
1,arousal,0.4418198551910067,0.19520478444100212,0.2064266350724579,0.4543419803104902,id-sianipar-2016.tsv
2,dominance,0.426493822364263,0.1818969805148795,0.19235379770558586,0.4385815747447513,id-sianipar-2016.tsv
3,predicability,0.22075469523133648,0.04873263546668025,0.0515341567390728,0.22701135817194876,id-sianipar-2016.tsv
4,concreteness,0.7223792666444613,0.5218318048777897,0.5518306524257677,0.7428530490115577,id-sianipar-2016.tsv
