,norm,adjusted r,adjusted r-squared,r-squared,r,source
0,valence,0.6097104864616768,0.3717468773013346,0.393117705591901,0.6269909932302864,id-sianipar-2016.tsv
1,arousal,0.42349085829599803,0.1793445070602811,0.1896545887294669,0.435493500214948,id-sianipar-2016.tsv
2,dominance,0.3394319317666962,0.11521403630287111,0.1218374124139659,0.34905216288395335,id-sianipar-2016.tsv
3,predicability,0.2119399113985824,0.044918526043638954,0.04750078339604119,0.2179467444034005,id-sianipar-2016.tsv
4,concreteness,0.6976022630509592,0.4866489174138197,0.5146251859095752,0.7173738118370193,id-sianipar-2016.tsv
