,norm,adjusted r,adjusted r-squared,r-squared,r,source
0,valence,0.61724422333422,0.38099043123946447,0.4028926490750902,0.6347382524120397,id-sianipar-2016.tsv
1,arousal,0.429351586566236,0.18434278488694406,0.19494020545177193,0.44152033413170444,id-sianipar-2016.tsv
2,dominance,0.4232942875784808,0.1791780538965736,0.18947856657622048,0.435291358260442,id-sianipar-2016.tsv
3,predicability,0.10157909561858147,0.010318312666688917,0.010911487489969118,0.10445806570087883,id-sianipar-2016.tsv
4,concreteness,0.7142164095214764,0.5101050796297492,0.5394297861237234,0.7344588389581294,id-sianipar-2016.tsv
