,norm,adjusted r,adjusted r-squared,r-squared,r,source
0,valence,0.6412835956490301,0.4112446500485488,0.43488610970357544,0.6594589522506882,id-sianipar-2016.tsv
1,arousal,0.48603560293413806,0.23623060731955112,0.24981093321939757,0.4998108974596268,id-sianipar-2016.tsv
2,dominance,0.49796361554794955,0.24796776240958612,0.26222282894981075,0.5120769756099279,id-sianipar-2016.tsv
3,predicability,0.26558806223059384,0.07053701879940179,0.07459202129958031,0.2731153992355252,id-sianipar-2016.tsv
4,concreteness,0.7630066216455134,0.5821791046748996,0.6156471724383255,0.7846318706491124,id-sianipar-2016.tsv
