,norm,adjusted r,adjusted r-squared,r-squared,r,source
0,valence,0.6390556458329804,0.40839211847100765,0.4318695929892132,0.6571678575441842,id-sianipar-2016.tsv
1,arousal,0.45051603295022613,0.20296469594520922,0.2146326451088444,0.4632846264542397,id-sianipar-2016.tsv
2,dominance,0.45608623159194017,0.2080146506477369,0.2199729094855415,0.46901269650782534,id-sianipar-2016.tsv
3,predicability,0.2900521594249837,0.08413025518709615,0.08896669994944872,0.29827286157049004,id-sianipar-2016.tsv
4,concreteness,0.7559047692647362,0.5713920201971739,0.604239964580404,0.7773287364946725,id-sianipar-2016.tsv
