,norm,adjusted r,adjusted r-squared,r-squared,r,source
0,valence,0.6175070734004463,0.38131498569958416,0.4032358613856497,0.6350085522145743,id-sianipar-2016.tsv
1,arousal,0.4608938441782172,0.2124231356013748,0.22463482756994213,0.4739565671767215,id-sianipar-2016.tsv
2,dominance,0.3816317754800426,0.14564281205604968,0.15401546484280626,0.3924480409465771,id-sianipar-2016.tsv
3,predicability,0.0,-0.033888504824113416,-0.0358366729509787,0.0,id-sianipar-2016.tsv
4,concreteness,0.74472862148268,0.554620719655493,0.5865045225597477,0.7658358326428372,id-sianipar-2016.tsv
