,norm,adjusted r,adjusted r-squared,r-squared,r,source
0,valence,0.1458180483972242,0.02126290323837522,0.022485256086003602,0.1499508455661508,id-sianipar-2016.tsv
1,arousal,0.0,-0.04567863066858445,-0.048304584596302935,0.0,id-sianipar-2016.tsv
2,dominance,0.0,-0.17036469250851846,-0.18015854637167672,0.0,id-sianipar-2016.tsv
3,predicability,0.0,-0.09749537726068148,-0.10310015054536226,0.0,id-sianipar-2016.tsv
4,concreteness,0.4966959484830427,0.24670686523946941,0.26088944585295204,0.5107733801334522,id-sianipar-2016.tsv
