,norm,adjusted r,adjusted r-squared,r-squared,r,source
0,valence,0.6298409208302351,0.3966995855522786,0.4195048846507417,0.6476919674125515,id-sianipar-2016.tsv
1,arousal,0.37780832930125324,0.14273913368940422,0.1509448610342174,0.3885162300782522,id-sianipar-2016.tsv
2,dominance,0.2774522418909426,0.07697974653031012,0.0814051258553315,0.28531583526914783,id-sianipar-2016.tsv
3,predicability,0.0,-0.024452795850816975,-0.02585852790469645,0.0,id-sianipar-2016.tsv
4,concreteness,0.7202047875546477,0.5186949360166352,0.5485134525654979,0.7406169405066954,id-sianipar-2016.tsv
