,norm,adjusted r,adjusted r-squared,r-squared,r,source
0,valence,0.0,-0.1172215877169414,-0.12396037310024322,0.0,id-sianipar-2016.tsv
1,arousal,0.0,-0.25117631346141506,-0.2656158318364148,0.0,id-sianipar-2016.tsv
2,dominance,0.0,-0.22424309419981625,-0.23713428698206263,0.0,id-sianipar-2016.tsv
3,predicability,0.0,-0.1851572711706944,-0.1958015145807911,0.0,id-sianipar-2016.tsv
4,concreteness,0.16621643095780791,0.02762790192035173,0.029216163137916307,0.17092736216860163,id-sianipar-2016.tsv
