,norm,adjusted r,adjusted r-squared,r-squared,r,source
0,valence,0.47978611311525016,0.2301947143382396,0.2434280513583939,0.49338428365564496,id-sianipar-2016.tsv
1,arousal,0.25888781341772726,0.06702289993621197,0.07087588424766206,0.2662252509580225,id-sianipar-2016.tsv
2,dominance,0.0,-0.02657653261475259,-0.02810435315541615,0.0,id-sianipar-2016.tsv
3,predicability,0.0,-0.032173184454252456,-0.034022742964397557,0.0,id-sianipar-2016.tsv
4,concreteness,0.631985624803323,0.3994058299580466,0.42236670449786334,0.6498974569098293,id-sianipar-2016.tsv
