,norm,adjusted r,adjusted r-squared,r-squared,r,source
0,valence,0,-0.4998854055356787,-0.5286226076991918,0,id-sianipar-2016.tsv
1,arousal,0,-0.595948339007075,-0.6302079667285605,0,id-sianipar-2016.tsv
2,dominance,0,-0.7691926271759765,-0.8134116497460646,0,id-sianipar-2016.tsv
3,predicability,0,-0.43367585750520343,-0.4586068329898887,0,id-sianipar-2016.tsv
4,concreteness,0,-0.2672799154738768,-0.2826451909553417,0,id-sianipar-2016.tsv
