,norm,adjusted r,adjusted r-squared,r-squared,r,source
0,valence,0.5068048361416313,0.2568511419365458,0.2716168924666098,0.5211687754140781,id-sianipar-2016.tsv
1,arousal,0.0,-0.04260775691509531,-0.04505717374271967,0.0,id-sianipar-2016.tsv
2,dominance,0.0,-0.07809940735980721,-0.08258915327616234,0.0,id-sianipar-2016.tsv
3,predicability,0.0,-0.15642673829967962,-0.1654193329073972,0.0,id-sianipar-2016.tsv
4,concreteness,0.6646323993436128,0.4417362262572476,0.46713057283413695,0.6834695112688912,id-sianipar-2016.tsv
