,norm,adjusted r,adjusted r-squared,r-squared,r,source
0,valence,0.6249653019145195,0.39058162859710643,0.41303522115662783,0.6426781629685482,id-sianipar-2016.tsv
1,arousal,0.5083186020891202,0.25838780122983723,0.2732418905837172,0.5227254447448653,id-sianipar-2016.tsv
2,dominance,0.4663345459909371,0.21746790878457345,0.2299696125543041,0.47955147018261146,id-sianipar-2016.tsv
3,predicability,0.321726304057313,0.10350781472237862,0.10945822848569492,0.33084471959772144,id-sianipar-2016.tsv
4,concreteness,0.7214971614818716,0.5205581540263979,0.5504837824693634,0.7419459430911145,id-sianipar-2016.tsv
