,norm,adjusted r,adjusted r-squared,r-squared,r,source
0,valence,0.5939487427585219,0.3527751090244289,0.3730552962713975,0.6107825278046168,id-sianipar-2016.tsv
1,arousal,0.47709108143300644,0.22761589998291556,0.24070098720691568,0.49061286897809325,id-sianipar-2016.tsv
2,dominance,0.4640468762968565,0.21533950340087002,0.2277188502961649,0.4771989630082665,id-sianipar-2016.tsv
3,predicability,0.31720570180885693,0.10061945726004946,0.1064038263431325,0.32619599375702407,id-sianipar-2016.tsv
4,concreteness,0.7080124356790508,0.501281609076182,0.5300990756022081,0.7280790311512948,id-sianipar-2016.tsv
