,norm,adjusted r,adjusted r-squared,r-squared,r,source
0,valence,0.5771224781814706,0.33307035482232195,0.35221776343879324,0.5934793706935341,id-sianipar-2016.tsv
1,arousal,0.4571465308284491,0.20898295064848615,0.22099687470989665,0.47010304690556587,id-sianipar-2016.tsv
2,dominance,0.46386981885495576,0.21517520884452945,0.2275451108433988,0.47701688737758413,id-sianipar-2016.tsv
3,predicability,0.30622569246134074,0.09377417472342765,0.09916502508013286,0.31490478732488786,id-sianipar-2016.tsv
4,concreteness,0.6971332393201565,0.4859947533650145,0.5139334155527833,0.7168914949647424,id-sianipar-2016.tsv
