,norm,adjusted r,adjusted r-squared,r-squared,r,source
0,valence,0.6094544347625577,0.37143470805174866,0.3927875904876547,0.6267276844752071,id-sianipar-2016.tsv
1,arousal,0.4713017331769727,0.22212532369561838,0.2348947709769137,0.4846594381386931,id-sianipar-2016.tsv
2,dominance,0.4900204214001732,0.24012001338920336,0.25392393183102413,0.503908654252955,id-sianipar-2016.tsv
3,predicability,0.3538534442020613,0.12521225997366128,0.1324104097663274,0.3638824120046576,id-sianipar-2016.tsv
4,concreteness,0.7253369241662782,0.5261136535589972,0.5563586542249155,0.7458945329099252,id-sianipar-2016.tsv
