,norm,adjusted r,adjusted r-squared,r-squared,r,source
0,valence,0.606946989700696,0.36838464830673684,0.389562190189523,0.6241491730263872,id-sianipar-2016.tsv
1,arousal,0.4732903247417662,0.2240037314941665,0.23688116389376018,0.48670439066620325,id-sianipar-2016.tsv
2,dominance,0.4620615259702261,0.21350085378193392,0.22577450116045533,0.47515734358258144,id-sianipar-2016.tsv
3,predicability,0.328752778620993,0.10807838945102365,0.11429155449398526,0.3380703395655781,id-sianipar-2016.tsv
4,concreteness,0.722113109139413,0.5214473423909897,0.5514240881210608,0.7425793480302699,id-sianipar-2016.tsv
