,norm,adjusted r,adjusted r-squared,r-squared,r,source
0,valence,0.5162602812832138,0.266524678030623,0.2818465367392678,0.5308922082111093,id-sianipar-2016.tsv
1,arousal,0.0,-0.002672236046382692,-0.00282585642946076,0.0,id-sianipar-2016.tsv
2,dominance,0.0,-0.06867815467347005,-0.07262629557379019,0.0,id-sianipar-2016.tsv
3,predicability,0.0,-0.16473229653072202,-0.17420235758039448,0.0,id-sianipar-2016.tsv
4,concreteness,0.6448088819240975,0.4157784942082047,0.4396805935913591,0.6630841527222311,id-sianipar-2016.tsv
