,norm,adjusted r,adjusted r-squared,r-squared,r,source
0,valence,0.6049254163703687,0.36593475937086395,0.3869714630678405,0.6220703039591591,id-sianipar-2016.tsv
1,arousal,0.47714654901137804,0.2276688292334674,0.2407569592319847,0.49066990862695536,id-sianipar-2016.tsv
2,dominance,0.4711583576296934,0.22199019796431005,0.23475187719433782,0.48451199901998077,id-sianipar-2016.tsv
3,predicability,0.354088305810656,0.12537852831186064,0.1325862364688945,0.3641239300964639,id-sianipar-2016.tsv
4,concreteness,0.7130630173886124,0.5084588667673526,0.5376889364679599,0.733272757211094,id-sianipar-2016.tsv
