,norm,adjusted r,adjusted r-squared,r-squared,r,source
0,valence,0,-0.44016822241777015,-0.465472428248742,0,id-sianipar-2016.tsv
1,arousal,0,-0.7171512665512408,-0.7583785572472312,0,id-sianipar-2016.tsv
2,dominance,0,-0.7622922297865743,-0.8061145652107847,0,id-sianipar-2016.tsv
3,predicability,0,-0.49285808048278545,-0.5211912987362316,0,id-sianipar-2016.tsv
4,concreteness,0,-0.3455524846300308,-0.36541746068044423,0,id-sianipar-2016.tsv
