,norm,adjusted r,adjusted r-squared,r-squared,r,source
0,valence,0.6191394431006864,0.3833336500030281,0.4053705738144158,0.6366871867836008,id-sianipar-2016.tsv
1,arousal,0.5057606729648834,0.25579385831789175,0.27049882817151083,0.5200950184067434,id-sianipar-2016.tsv
2,dominance,0.4721568698827533,0.2229321097774792,0.2357479372380724,0.4855388112582478,id-sianipar-2016.tsv
3,predicability,0.3498502100938436,0.12239516950270651,0.12943137158199625,0.3597657176302326,id-sianipar-2016.tsv
4,concreteness,0.7319794426354057,0.5357939044408392,0.5665953993022359,0.7527253146415602,id-sianipar-2016.tsv
