,norm,adjusted r,adjusted r-squared,r-squared,r,source
0,valence,0.6310456398303694,0.39821859954892036,0.4211112230857994,0.6489308307406879,id-sianipar-2016.tsv
1,arousal,0.4953307335721834,0.24535253562115733,0.25945725910257234,0.5093694720952291,id-sianipar-2016.tsv
2,dominance,0.4847794429188124,0.23501110827667412,0.24852132812792366,0.49851913516727087,id-sianipar-2016.tsv
3,predicability,0.33633452949187814,0.11312091572852306,0.1196239634034772,0.3458669735656719,id-sianipar-2016.tsv
4,concreteness,0.7478670712029566,0.5593051561896881,0.5914582560132259,0.7690632327794809,id-sianipar-2016.tsv
