,norm,adjusted r,adjusted r-squared,r-squared,r,source
0,valence,0.5873272883219421,0.3449533436076057,0.36478387649065475,0.6039734071055237,id-sianipar-2016.tsv
1,arousal,0.49744866321222564,0.2474551725316303,0.26168077152031877,0.5115474284172669,id-sianipar-2016.tsv
2,dominance,0.4774190566336904,0.22792895563700288,0.24103203967291292,0.4909501397014904,id-sianipar-2016.tsv
3,predicability,0.36813641877384773,0.1355244228276338,0.14331539390573056,0.37857019680071297,id-sianipar-2016.tsv
4,concreteness,0.7421058150550827,0.5507210407385685,0.5823806605397212,0.7631386902390163,id-sianipar-2016.tsv
