,norm,adjusted r,adjusted r-squared,r-squared,r,source
0,valence,0.47584151029738014,0.22642514292209173,0.2394417764044831,0.489327882308461,id-sianipar-2016.tsv
1,arousal,0.0,-0.06648904117789912,-0.07031133524135535,0.0,id-sianipar-2016.tsv
2,dominance,0.0,-0.05354473969960828,-0.056622897198308264,0.0,id-sianipar-2016.tsv
3,predicability,0.0,-0.19207330498980768,-0.20311513444628349,0.0,id-sianipar-2016.tsv
4,concreteness,0.6287624200044236,0.3953421808098192,0.4180694459947698,0.6465828995533132,id-sianipar-2016.tsv
