,norm,adjusted r,adjusted r-squared,r-squared,r,source
0,valence,0.42353712857260645,0.17938369927952857,0.1896960340145476,0.43554108189073004,id-sianipar-2016.tsv
1,arousal,0.0,-0.2655173281118101,-0.2807812767115664,0.0,id-sianipar-2016.tsv
2,dominance,0.0,-0.22845018559189917,-0.2415832338764583,0.0,id-sianipar-2016.tsv
3,predicability,0.0,-0.28849382924070127,-0.30507864128363726,0.0,id-sianipar-2016.tsv
4,concreteness,0.5460446501812761,0.29816475999159225,0.31530553043823456,0.5615207301945624,id-sianipar-2016.tsv
