,norm,adjusted r,adjusted r-squared,r-squared,r,source
0,lexical decision time,0.23535560469465303,0.05539226066118578,0.055790408087321885,0.23619993244563361,it-vergallito-2020.tsv
1,naming time,0.2521581087502293,0.06358371180849248,0.06404073758968559,0.2530627147362598,it-vergallito-2020.tsv
2,auditory,0.0,-0.04323035125481243,-0.04354108154235825,0.0,it-vergallito-2020.tsv
3,gustatory,0.0,-0.12190234425152155,-0.12277855157767803,0.0,it-vergallito-2020.tsv
4,haptic,0.16835603480863923,0.02834375445648774,0.028547483149795827,0.16896000458628022,it-vergallito-2020.tsv
5,olfactory,0.0,-0.09496206641319914,-0.0956446329282985,0.0,it-vergallito-2020.tsv
6,visual,0.10329869841486482,0.010670621094205194,0.010747319179338743,0.10366927789532801,it-vergallito-2020.tsv
7,modality exclusivity,0.0,-0.12034122811887686,-0.12120621448451119,0.0,it-vergallito-2020.tsv
