,norm,adjusted r,adjusted r-squared,r-squared,r,source
0,lexical decision time,0.19606751695752103,0.0384424712058878,0.03871878726127603,0.19677090044332274,it-vergallito-2020.tsv
1,naming time,0.33769587530616935,0.11403850419879989,0.11485818796662595,0.33890734422054936,it-vergallito-2020.tsv
2,auditory,0.0,-0.04387017659701776,-0.04418550580885616,0.0,it-vergallito-2020.tsv
3,gustatory,0.0,-0.13791916391330278,-0.1389104966278638,0.0,it-vergallito-2020.tsv
4,haptic,0.33515743087357286,0.11233050346977376,0.11313791050279998,0.336359793231593,it-vergallito-2020.tsv
5,olfactory,0.0,-0.11967701259075285,-0.12053722472078521,0.0,it-vergallito-2020.tsv
6,visual,0.0,-0.01831890188155031,-0.018450574132271247,0.0,it-vergallito-2020.tsv
7,modality exclusivity,0.0,-0.1294671325098283,-0.1303977138755773,0.0,it-vergallito-2020.tsv
