,norm,adjusted r,adjusted r-squared,r-squared,r,source
0,lexical decision time,0.3470003659770612,0.1204092539882144,0.12127472930888439,0.3482452143373752,it-vergallito-2020.tsv
1,naming time,0.3012852172971099,0.09077278216176672,0.09142523702007233,0.3023660645973227,it-vergallito-2020.tsv
2,auditory,0.5868396732990011,0.3443808021576784,0.3468561358659097,0.5889449344938028,it-vergallito-2020.tsv
3,gustatory,0.4827220411722789,0.23302056903353136,0.23469546979927103,0.4844537849983949,it-vergallito-2020.tsv
4,haptic,0.6886015252358906,0.4741720605571949,0.477580305377013,0.6910718525428546,it-vergallito-2020.tsv
5,olfactory,0.47551317303806345,0.22611277773272725,0.22773802680897326,0.47721905537077336,it-vergallito-2020.tsv
6,visual,0.5075325126781979,0.25758925142544514,0.25944074649409166,0.5093532629659808,it-vergallito-2020.tsv
7,modality exclusivity,0.30011194366518096,0.09006717873049275,0.09071456186602189,0.30118858189848746,it-vergallito-2020.tsv
