,norm,adjusted r,adjusted r-squared,r-squared,r,source
0,lexical decision time,0.3479500063280255,0.12106920690367297,0.12193942582121958,0.3491982614808092,it-vergallito-2020.tsv
1,naming time,0.2726911826571182,0.07436048109893782,0.07489496793522848,0.2736694501314103,it-vergallito-2020.tsv
2,auditory,0.6083046749361554,0.3700345775491816,0.37269430497091877,0.6104869408684503,it-vergallito-2020.tsv
3,gustatory,0.5322012023093279,0.2832381197394942,0.28527397325064957,0.5341104504226158,it-vergallito-2020.tsv
4,haptic,0.6888465090378108,0.47450951301357874,0.47792018336767456,0.6913177152132546,it-vergallito-2020.tsv
5,olfactory,0.4922439317004633,0.24230408829593042,0.2440457169629272,0.4940098348848201,it-vergallito-2020.tsv
6,visual,0.559350053459126,0.3128724823047272,0.3151213411173398,0.5613566968669206,it-vergallito-2020.tsv
7,modality exclusivity,0.2635116829994125,0.06943840707718288,0.06993751512445823,0.2644570194274643,it-vergallito-2020.tsv
