,norm,adjusted r,adjusted r-squared,r-squared,r,source
0,lexical decision time,0.2113224509962923,0.044657178295080355,0.04497816430259216,0.21208056087862498,it-vergallito-2020.tsv
1,naming time,0.32179774899789787,0.10355379126011408,0.10429811320987231,0.32295218409212273,it-vergallito-2020.tsv
2,auditory,0.0,-0.07261258528017465,-0.07313450862450654,0.0,it-vergallito-2020.tsv
3,gustatory,0.0,-0.11965201876715609,-0.12051205124706377,0.0,it-vergallito-2020.tsv
4,haptic,0.1776185320328965,0.031548342921521075,0.0317751054941825,0.17825573060685174,it-vergallito-2020.tsv
5,olfactory,0.0,-0.0906221153659163,-0.0912734872643236,0.0,it-vergallito-2020.tsv
6,visual,0.08133815453007492,0.006615895382358348,0.006663448987981768,0.0816299515372989,it-vergallito-2020.tsv
7,modality exclusivity,0.0,-0.14699135852800815,-0.14804790018858682,0.0,it-vergallito-2020.tsv
