,norm,adjusted r,adjusted r-squared,r-squared,r,source
0,lexical decision time,0.2807955611561366,0.07884614716498964,0.07941287598558255,0.2818029027273895,it-vergallito-2020.tsv
1,naming time,0.20874460244364934,0.04357430904935721,0.043887511630125275,0.20949346440909625,it-vergallito-2020.tsv
2,auditory,0.6149967569411833,0.3782210110481728,0.38093958075921086,0.6172030304196593,it-vergallito-2020.tsv
3,gustatory,0.47515564494246426,0.22577288692068914,0.22739569293629158,0.4768602446590527,it-vergallito-2020.tsv
4,haptic,0.6834928288786187,0.46716244712849686,0.4705203083836882,0.6859448289649016,it-vergallito-2020.tsv
5,olfactory,0.5139851897377287,0.2641807752697289,0.266079648766726,0.5158290887171119,it-vergallito-2020.tsv
6,visual,0.5151250346706846,0.265353801344474,0.26726110629573707,0.5169730227930052,it-vergallito-2020.tsv
7,modality exclusivity,0.29316522453199756,0.08594584887489655,0.08656360879493175,0.29421694171976526,it-vergallito-2020.tsv
