,norm,adjusted r,adjusted r-squared,r-squared,r,source
0,lexical decision time,0.14300583423941457,0.020450668626510914,0.02059766354925313,0.1435188613014092,it-vergallito-2020.tsv
1,naming time,0.09087103075649518,0.008257544230747892,0.008316897648399268,0.09119702653266316,it-vergallito-2020.tsv
2,auditory,0.60096267995701,0.3611561427011117,0.36375205387955634,0.6031186068092712,it-vergallito-2020.tsv
3,gustatory,0.4819434428090748,0.23226948206666395,0.23393898418394454,0.4836723934482353,it-vergallito-2020.tsv
4,haptic,0.6774328425501593,0.458915256165589,0.46221383842014846,0.6798631027053523,it-vergallito-2020.tsv
5,olfactory,0.4173512257094752,0.1741820456012013,0.1754340279595208,0.41884845464621306,it-vergallito-2020.tsv
6,visual,0.4594545755073152,0.21109850695460725,0.2126158367440384,0.4611028483365055,it-vergallito-2020.tsv
7,modality exclusivity,0.13687470272223332,0.018734684245299747,0.018869345048500463,0.13736573462294177,it-vergallito-2020.tsv
