,norm,adjusted r,adjusted r-squared,r-squared,r,source
0,lexical decision time,0,-0.10944357158531312,-0.11023022798484816,0,it-vergallito-2020.tsv
1,naming time,0,-0.014372742829760178,-0.014476050954322695,0,it-vergallito-2020.tsv
2,auditory,0,-0.1739388062632002,-0.17518904027048288,0,it-vergallito-2020.tsv
3,gustatory,0,-0.3388059357375952,-0.3412411985281619,0,it-vergallito-2020.tsv
4,haptic,0,-0.08240426518583202,-0.0829965689787221,0,it-vergallito-2020.tsv
5,olfactory,0,-0.28147970862856575,-0.28350292306614755,0,it-vergallito-2020.tsv
6,visual,0,-0.1672515615242665,-0.16845372908239242,0,it-vergallito-2020.tsv
7,modality exclusivity,0,-0.33623501337662576,-0.3386517969408782,0,it-vergallito-2020.tsv
