,norm,adjusted r,adjusted r-squared,r-squared,r,source
0,lexical decision time,0.0,-0.0399490219342178,-0.0402361667459642,0.0,it-vergallito-2020.tsv
1,naming time,0.20617352393451444,0.04250752197157579,0.04281305672069763,0.20691316227030515,it-vergallito-2020.tsv
2,auditory,0.0,-0.189744753430207,-0.19110859712063077,0.0,it-vergallito-2020.tsv
3,gustatory,0.0,-0.34247488542798094,-0.3449365198245882,0.0,it-vergallito-2020.tsv
4,haptic,0.0,-0.10346805938680217,-0.1042117651146498,0.0,it-vergallito-2020.tsv
5,olfactory,0.0,-0.28703784548393635,-0.2891010105907391,0.0,it-vergallito-2020.tsv
6,visual,0.0,-0.11791982917236903,-0.11876741105321265,0.0,it-vergallito-2020.tsv
7,modality exclusivity,0.0,-0.29761163200030355,-0.29975079916652314,0.0,it-vergallito-2020.tsv
