,norm,adjusted r,adjusted r-squared,r-squared,r,source
0,lexical decision time,0,-0.06566483121767194,-0.06613681562894003,0,it-vergallito-2020.tsv
1,naming time,0,-0.03208860554859935,-0.032319251410583894,0,it-vergallito-2020.tsv
2,auditory,0,-0.227792553764179,-0.22942987670228632,0,it-vergallito-2020.tsv
3,gustatory,0,-0.3226228155935432,-0.32494175766429645,0,it-vergallito-2020.tsv
4,haptic,0,-0.09847054446513154,-0.09917832915131397,0,it-vergallito-2020.tsv
5,olfactory,0,-0.2540044649928489,-0.255830193402501,0,it-vergallito-2020.tsv
6,visual,0,-0.13322066488039178,-0.13417822581394356,0,it-vergallito-2020.tsv
7,modality exclusivity,0,-0.3757267449832597,-0.37842738645663443,0,it-vergallito-2020.tsv
