,norm,adjusted r,adjusted r-squared,r-squared,r,source
0,lexical decision time,0,-0.08283780839764046,-0.08343322840409251,0,it-vergallito-2020.tsv
1,naming time,0,-0.005942656694426409,-0.005985371207953283,0,it-vergallito-2020.tsv
2,auditory,0,-0.25809328835033757,-0.25994840632590155,0,it-vergallito-2020.tsv
3,gustatory,0,-0.3354150961020687,-0.33782598628069993,0,it-vergallito-2020.tsv
4,haptic,0,-0.0709540491197995,-0.07146405126980704,0,it-vergallito-2020.tsv
5,olfactory,0,-0.22665949506471453,-0.2282886738252875,0,it-vergallito-2020.tsv
6,visual,0,-0.08783201432434783,-0.08846333158813469,0,it-vergallito-2020.tsv
7,modality exclusivity,0,-0.28168083526249715,-0.2837054953542312,0,it-vergallito-2020.tsv
