,norm,adjusted r,adjusted r-squared,r-squared,r,source
0,lexical decision time,0,-0.06000840057056823,-0.06043972779838902,0,it-vergallito-2020.tsv
1,naming time,0,-0.007562059993782055,-0.007616414423207263,0,it-vergallito-2020.tsv
2,auditory,0,-0.22045211323791816,-0.22203667469874777,0,it-vergallito-2020.tsv
3,gustatory,0,-0.3525134569263018,-0.3550472463741099,0,it-vergallito-2020.tsv
4,haptic,0,-0.1111594401152296,-0.11195842980159243,0,it-vergallito-2020.tsv
5,olfactory,0,-0.21949843892773793,-0.22107614558669741,0,it-vergallito-2020.tsv
6,visual,0,-0.1599682395023939,-0.1611180561385297,0,it-vergallito-2020.tsv
7,modality exclusivity,0,-0.3590467013964612,-0.36162745037325517,0,it-vergallito-2020.tsv
