,norm,adjusted r,adjusted r-squared,r-squared,r,source
0,lexical decision time,0,-0.1800506782948657,-0.1813448430984227,0,it-vergallito-2020.tsv
1,naming time,0,-0.014137114312029674,-0.014238728790462951,0,it-vergallito-2020.tsv
2,auditory,0,-0.36854368021540146,-0.37119269139394884,0,it-vergallito-2020.tsv
3,gustatory,0,-0.44471710962127464,-0.44791363871109513,0,it-vergallito-2020.tsv
4,haptic,0,-0.08672555876042297,-0.08734892306418163,0,it-vergallito-2020.tsv
5,olfactory,0,-0.391018139466502,-0.3938286921311309,0,it-vergallito-2020.tsv
6,visual,0,-0.2825010419087193,-0.28453159746601464,0,it-vergallito-2020.tsv
7,modality exclusivity,0,-0.3644541540893249,-0.36707377065061386,0,it-vergallito-2020.tsv
