,norm,adjusted r,adjusted r-squared,r-squared,r,source
0,lexical decision time,0.0,-0.13647588711858732,-0.13745684587595364,0.0,it-vergallito-2020.tsv
1,naming time,0.0,-0.16441668050275945,-0.1655984715575861,0.0,it-vergallito-2020.tsv
2,auditory,0.5245743117180243,0.2751782085144389,0.2771561291506613,0.5264561987009568,it-vergallito-2020.tsv
3,gustatory,0.4551215438051084,0.2071356196355452,0.20862446505970006,0.45675427207602565,it-vergallito-2020.tsv
4,haptic,0.6062722102731586,0.36756599294950104,0.37020797672631683,0.6084471848289849,it-vergallito-2020.tsv
5,olfactory,0.3457096745180765,0.11951517905539438,0.12037422796145292,0.3469498925802585,it-vergallito-2020.tsv
6,visual,0.3489156604716521,0.12174213812236924,0.12261719392199094,0.3501673798656736,it-vergallito-2020.tsv
7,modality exclusivity,0.0,-0.1037600223320238,-0.10450582662551544,0.0,it-vergallito-2020.tsv
