,norm,adjusted r,adjusted r-squared,r-squared,r,source
0,lexical decision time,0.0,-0.06779334926180487,-0.06828063299414489,0.0,it-vergallito-2020.tsv
1,naming time,0.15110467229322108,0.02283262198884174,0.022996737870163153,0.1516467535760761,it-vergallito-2020.tsv
2,auditory,0.0,-0.22795560672165457,-0.22959410164867455,0.0,it-vergallito-2020.tsv
3,gustatory,0.0,-0.3113841373219193,-0.3136222982370813,0.0,it-vergallito-2020.tsv
4,haptic,0.0,-0.0968301546219332,-0.09752614854554098,0.0,it-vergallito-2020.tsv
5,olfactory,0.0,-0.3799095393696324,-0.38264024585207357,0.0,it-vergallito-2020.tsv
6,visual,0.0,-0.18741968395257658,-0.18876681555331387,0.0,it-vergallito-2020.tsv
7,modality exclusivity,0.0,-0.3469789133538862,-0.3494729217158189,0.0,it-vergallito-2020.tsv
