,norm,adjusted r,adjusted r-squared,r-squared,r,source
0,lexical decision time,0.0,-0.05104351498729833,-0.051410404582894365,0.0,it-vergallito-2020.tsv
1,naming time,0.0,-0.09602941405336182,-0.09671965242930691,0.0,it-vergallito-2020.tsv
2,auditory,0.538977192990036,0.2904964145634185,0.2925844391065518,0.5409107496681423,it-vergallito-2020.tsv
3,gustatory,0.4109431442868125,0.168874267836332,0.17008809905168748,0.4124173845168114,it-vergallito-2020.tsv
4,haptic,0.6213567300157558,0.3860841859358728,0.38885927442418095,0.6235858196144144,it-vergallito-2020.tsv
5,olfactory,0.3523002742495919,0.12411548323633768,0.12500759812033652,0.35356413579481805,it-vergallito-2020.tsv
6,visual,0.2739445008880105,0.07504558956678119,0.07558500081254421,0.2749272645856431,it-vergallito-2020.tsv
7,modality exclusivity,0.0,-0.08659152742120307,-0.08721392833707875,0.0,it-vergallito-2020.tsv
