,norm,adjusted r,adjusted r-squared,r-squared,r,source
0,lexical decision time,0,-0.17495028476246013,-0.17620778905545176,0,it-vergallito-2020.tsv
1,naming time,0,-0.020522417488703548,-0.020669928126537895,0,it-vergallito-2020.tsv
2,auditory,0,-0.2932317393930089,-0.29533942485135933,0,it-vergallito-2020.tsv
3,gustatory,0,-0.36412805429781947,-0.36674532692529704,0,it-vergallito-2020.tsv
4,haptic,0,-0.12371807558694502,-0.12460733399188262,0,it-vergallito-2020.tsv
5,olfactory,0,-0.3219022955061325,-0.3242160586364551,0,it-vergallito-2020.tsv
6,visual,0,-0.18408021791236634,-0.18540334616330878,0,it-vergallito-2020.tsv
7,modality exclusivity,0,-0.414201171355934,-0.4171783585714304,0,it-vergallito-2020.tsv
