,norm,adjusted r,adjusted r-squared,r-squared,r,source
0,lexical decision time,0.4253393304455956,0.18091354602390755,0.18221391293153671,0.4268652163523478,it-vergallito-2020.tsv
1,naming time,0.38986303724891946,0.15199318781295237,0.15308568152589364,0.39126165353365977,it-vergallito-2020.tsv
2,auditory,0.525743021752952,0.2764057249219249,0.27839246867697914,0.5276291014310897,it-vergallito-2020.tsv
3,gustatory,0.4094645390644897,0.167661208751295,0.16886632076388292,0.4109334748640988,it-vergallito-2020.tsv
4,haptic,0.6351181072897686,0.40337501020733807,0.4062743813498886,0.6373965652165758,it-vergallito-2020.tsv
5,olfactory,0.35934277069291803,0.1291272268492631,0.13005536504764054,0.36063189688051794,it-vergallito-2020.tsv
6,visual,0.4686056175927479,0.21959122483948065,0.22116959842323253,0.47028671937790517,it-vergallito-2020.tsv
7,modality exclusivity,0.25171019821387647,0.06335802388486897,0.06381342747074403,0.2526131973408041,it-vergallito-2020.tsv
