,norm,adjusted r,adjusted r-squared,r-squared,r,source
0,lexical decision time,0.0,-0.07025415385403565,-0.07075912531030903,0.0,it-vergallito-2020.tsv
1,naming time,0.2216450176670381,0.049126513856621624,0.04947962446834936,0.2224401592976173,it-vergallito-2020.tsv
2,auditory,0.0,-0.26319398892629714,-0.26508576961938823,0.0,it-vergallito-2020.tsv
3,gustatory,0.0,-0.3698963650933479,-0.37255509907425244,0.0,it-vergallito-2020.tsv
4,haptic,0.0,-0.13911841036775222,-0.14011836300292024,0.0,it-vergallito-2020.tsv
5,olfactory,0.0,-0.2699741149373345,-0.27191462968980407,0.0,it-vergallito-2020.tsv
6,visual,0.0,-0.17091742181458788,-0.17214593877282391,0.0,it-vergallito-2020.tsv
7,modality exclusivity,0.0,-0.2862845893276933,-0.2883423401943793,0.0,it-vergallito-2020.tsv
