,norm,adjusted r,adjusted r-squared,r-squared,r,source
0,lexical decision time,0.31332686537794807,0.09817372456757079,0.09887937577740058,0.3144509115544119,it-vergallito-2020.tsv
1,naming time,0.292392577751909,0.08549341952440616,0.0861079274814549,0.29344152310376065,it-vergallito-2020.tsv
2,auditory,0.5756843465257239,0.33141246683474973,0.3337945869916931,0.5777495884824957,it-vergallito-2020.tsv
3,gustatory,0.4194546053230849,0.17594216592674491,0.17720679964409797,0.42095938004051886,it-vergallito-2020.tsv
4,haptic,0.6492865799825018,0.4215730629453738,0.42460323770149505,0.6516158666741434,it-vergallito-2020.tsv
5,olfactory,0.41075420057825385,0.16871901329268038,0.16993172857241212,0.4122277629811123,it-vergallito-2020.tsv
6,visual,0.5193058823676128,0.2696785994616049,0.27161699011362,0.5211688690948645,it-vergallito-2020.tsv
7,modality exclusivity,0.18971679571916852,0.03599246257794872,0.03625116850842813,0.1903973962753381,it-vergallito-2020.tsv
