,norm,adjusted r,adjusted r-squared,r-squared,r,source
0,lexical decision time,0,-0.14970969988083185,-0.15078578038311996,0,it-vergallito-2020.tsv
1,naming time,0,-0.022908215467464414,-0.023072874698138013,0,it-vergallito-2020.tsv
2,auditory,0,-0.3345774190312387,-0.3369822881707265,0,it-vergallito-2020.tsv
3,gustatory,0,-0.36631608067348115,-0.36894908035487184,0,it-vergallito-2020.tsv
4,haptic,0,-0.18579892300211887,-0.18713440492845934,0,it-vergallito-2020.tsv
5,olfactory,0,-0.3502517542012975,-0.3527692870257453,0,it-vergallito-2020.tsv
6,visual,0,-0.18168213778405373,-0.18298802916075851,0,it-vergallito-2020.tsv
7,modality exclusivity,0,-0.42113265662457916,-0.4241596658366157,0,it-vergallito-2020.tsv
