,norm,adjusted r,adjusted r-squared,r-squared,r,source
0,lexical decision time,0.41929418400111473,0.17580761273716067,0.17707127931568473,0.4207983832142,it-vergallito-2020.tsv
1,naming time,0.39974516546153616,0.15979619730987094,0.16094477734444324,0.40117923344116807,it-vergallito-2020.tsv
2,auditory,0.5323668992581876,0.2834145154257773,0.28545163683045494,0.5342767418019008,it-vergallito-2020.tsv
3,gustatory,0.39101184360448105,0.15289026183897514,0.15398920352335232,0.39241458118086325,it-vergallito-2020.tsv
4,haptic,0.6134367524805971,0.3763046492939414,0.3790094446168089,0.615637429512541,it-vergallito-2020.tsv
5,olfactory,0.3628462652696129,0.13165741222010627,0.1326037368362436,0.36414796008798894,it-vergallito-2020.tsv
6,visual,0.49408159464649704,0.2441166221684254,0.24587127893154076,0.49585409036483785,it-vergallito-2020.tsv
7,modality exclusivity,0.2479483106240113,0.06147836474130119,0.061920257749324914,0.24883781414673478,it-vergallito-2020.tsv
