,norm,adjusted r,adjusted r-squared,r-squared,r,source
0,lexical decision time,0,-0.07717422003838408,-0.07772893141332304,0,it-vergallito-2020.tsv
1,naming time,0,-0.029236403276015944,-0.029446548133345796,0,it-vergallito-2020.tsv
2,auditory,0,-0.29192086070590406,-0.294019123855632,0,it-vergallito-2020.tsv
3,gustatory,0,-0.4233311880032763,-0.4263739997768847,0,it-vergallito-2020.tsv
4,haptic,0,-0.09494379578078874,-0.09562623097058776,0,it-vergallito-2020.tsv
5,olfactory,0,-0.3308804313417884,-0.3332587273442451,0,it-vergallito-2020.tsv
6,visual,0,-0.10716226207888002,-0.10793252092580818,0,it-vergallito-2020.tsv
7,modality exclusivity,0,-0.3805149541869466,-0.3832500122583712,0,it-vergallito-2020.tsv
