,norm,adjusted r,adjusted r-squared,r-squared,r,source
0,lexical decision time,0.1875946601704024,0.03519175652444876,0.03544470715535225,0.18826764765979376,it-vergallito-2020.tsv
1,naming time,0.19466761434658295,0.037895480075389947,0.038167864478447555,0.1953659757441084,it-vergallito-2020.tsv
2,auditory,0.5664998098159457,0.3209220345215027,0.32322875175076776,0.5685321026562773,it-vergallito-2020.tsv
3,gustatory,0.45870233888160444,0.21040783569545427,0.21192020109128862,0.4603479130953986,it-vergallito-2020.tsv
4,haptic,0.6642994522518144,0.44129376226206063,0.4444656850815543,0.6666825969541685,it-vergallito-2020.tsv
5,olfactory,0.4665058359412406,0.2176276949672357,0.21919195512872525,0.4681794048532306,it-vergallito-2020.tsv
6,visual,0.5350859049983885,0.2863169257279444,0.2883749090215864,0.5370055018541118,it-vergallito-2020.tsv
7,modality exclusivity,0.2848447864873675,0.08113655238903399,0.08171974414025795,0.28586665447417603,it-vergallito-2020.tsv
