,norm,adjusted r,adjusted r-squared,r-squared,r,source
0,lexical decision time,0,-0.13621235408603044,-0.13719141862573236,0,it-vergallito-2020.tsv
1,naming time,0,-0.03762435160352292,-0.03789478719456352,0,it-vergallito-2020.tsv
2,auditory,0,-0.30620843910730255,-0.30840939823835234,0,it-vergallito-2020.tsv
3,gustatory,0,-0.4860051644429956,-0.48949846301940525,0,it-vergallito-2020.tsv
4,haptic,0,-0.16883199551001102,-0.17004552288115216,0,it-vergallito-2020.tsv
5,olfactory,0,-0.32487701396300045,-0.32721215871745146,0,it-vergallito-2020.tsv
6,visual,0,-0.17005022133352862,-0.17127250504482083,0,it-vergallito-2020.tsv
7,modality exclusivity,0,-0.36521248229635295,-0.3678375495545477,0,it-vergallito-2020.tsv
