,norm,adjusted r,adjusted r-squared,r-squared,r,source
0,lexical decision time,0.0,-0.4647928547359068,-0.4681336838804596,0.0,it-vergallito-2020.tsv
1,naming time,0.0,-0.5313223279771242,-0.5351413563902572,0.0,it-vergallito-2020.tsv
2,auditory,0.28685968446878635,0.08228847857353165,0.0828799501176361,0.28788878081237573,it-vergallito-2020.tsv
3,gustatory,0.0,-0.04618655182183841,-0.046518530630980104,0.0,it-vergallito-2020.tsv
4,haptic,0.4652869921610944,0.21649198507431835,0.21804808200207626,0.4669561885253008,it-vergallito-2020.tsv
5,olfactory,0.0,-0.12873152804707813,-0.12965682204921347,0.0,it-vergallito-2020.tsv
6,visual,0.0536897579996914,0.0028825901140654264,0.0029033095398628417,0.05388236761560169,it-vergallito-2020.tsv
7,modality exclusivity,0.0,-0.3967934456829441,-0.399645509982552,0.0,it-vergallito-2020.tsv
