,norm,adjusted r,adjusted r-squared,r-squared,r,source
0,lexical decision time,0.0,-0.3352330594071111,-0.3376426411458864,0.0,it-vergallito-2020.tsv
1,naming time,0.0,-0.47313639035715904,-0.4765371910066265,0.0,it-vergallito-2020.tsv
2,auditory,0.27052712193090006,0.07318492370021608,0.07371096088763901,0.27149762593370685,it-vergallito-2020.tsv
3,gustatory,0.07023303549369267,0.004932679274658294,0.004968134291906512,0.07048499338090707,it-vergallito-2020.tsv
4,haptic,0.392997260262557,0.15444684657387597,0.1555569766480817,0.3944071204327854,it-vergallito-2020.tsv
5,olfactory,0.0,-0.09421457886139802,-0.09489177259984471,0.0,it-vergallito-2020.tsv
6,visual,0.0,-0.1391713449442209,-0.14017167806151987,0.0,it-vergallito-2020.tsv
7,modality exclusivity,0.0,-0.47812402189817105,-0.48156067254973023,0.0,it-vergallito-2020.tsv
