,norm,adjusted r,adjusted r-squared,r-squared,r,source
0,lexical decision time,0.283029231445425,0.08010554585258797,0.08068132695485275,0.2840445862093709,it-vergallito-2020.tsv
1,naming time,0.2801010911783835,0.07845662127932111,0.07902055027324256,0.28110594136951744,it-vergallito-2020.tsv
2,auditory,0.5772956504255188,0.3332702680002228,0.33566574162466284,0.5793666728632765,it-vergallito-2020.tsv
3,gustatory,0.49741535347997484,0.24742203387760833,0.24920044921545276,0.4991998089096717,it-vergallito-2020.tsv
4,haptic,0.6692994963940756,0.4479618158733632,0.45118166720039543,0.671700578532128,it-vergallito-2020.tsv
5,olfactory,0.47213966295429705,0.22291586133459723,0.22451813167662488,0.4738334429698107,it-vergallito-2020.tsv
6,visual,0.5435487736087471,0.295445269291573,0.29756886511756814,0.5454987306287413,it-vergallito-2020.tsv
7,modality exclusivity,0.2751847107921745,0.07572662505377271,0.07627093143331465,0.27617192368760923,it-vergallito-2020.tsv
