,norm,adjusted r,adjusted r-squared,r-squared,r,source
0,lexical decision time,0.0,-0.08595022361748988,-0.08656801498221578,0.0,it-vergallito-2020.tsv
1,naming time,0.027428194496065265,0.0007523058533139849,0.0007577132628616146,0.027526591922386878,it-vergallito-2020.tsv
2,auditory,0.0,-0.3070679472543203,-0.3092750843415032,0.0,it-vergallito-2020.tsv
3,gustatory,0.0,-0.3650623758938537,-0.3676863642201348,0.0,it-vergallito-2020.tsv
4,haptic,0.0,-0.09627200315529251,-0.09696398520852012,0.0,it-vergallito-2020.tsv
5,olfactory,0.0,-0.3035547210478474,-0.3057366058352533,0.0,it-vergallito-2020.tsv
6,visual,0.0,-0.15051473447719732,-0.15159660139167852,0.0,it-vergallito-2020.tsv
7,modality exclusivity,0.0,-0.3852434739821703,-0.38801251961726224,0.0,it-vergallito-2020.tsv
