,norm,adjusted r,adjusted r-squared,r-squared,r,source
0,lexical decision time,0.2821280156851921,0.07959621723446397,0.08016833739428042,0.2831401373777311,it-vergallito-2020.tsv
1,naming time,0.29362332060596924,0.0862146544036758,0.08683434643892235,0.29467668119300233,it-vergallito-2020.tsv
2,auditory,0.5919769553135867,0.35043671562234424,0.3529555779089379,0.5941006462788421,it-vergallito-2020.tsv
3,gustatory,0.49871844030286155,0.24872008269811888,0.2505078281263174,0.5005075704985065,it-vergallito-2020.tsv
4,haptic,0.6809377348764262,0.4636761987786381,0.4670090016449715,0.6833805686767597,it-vergallito-2020.tsv
5,olfactory,0.4857312086943398,0.23593480709966427,0.2376306547697427,0.4874737477749368,it-vergallito-2020.tsv
6,visual,0.5363127742722285,0.2876313918475743,0.2896988232355173,0.5382367724668367,it-vergallito-2020.tsv
7,modality exclusivity,0.278756240155494,0.07770504142562744,0.07826356822832736,0.2797562657534722,it-vergallito-2020.tsv
