,norm,adjusted r,adjusted r-squared,r-squared,r,source
0,lexical decision time,0.4067299810162744,0.16542927745749894,0.16661834683724736,0.40818910671066094,it-vergallito-2020.tsv
1,naming time,0.36122233588098734,0.13048157593931684,0.13141944890204327,0.3625182049249986,it-vergallito-2020.tsv
2,auditory,0.520693962607574,0.2711222026959776,0.27307096965156413,0.5225619290108725,it-vergallito-2020.tsv
3,gustatory,0.2864487412238622,0.08205288134873517,0.08264265947163713,0.28747636332686055,it-vergallito-2020.tsv
4,haptic,0.5860575750428559,0.34346348126511267,0.34593222147186997,0.588160030494992,it-vergallito-2020.tsv
5,olfactory,0.23597647528250032,0.05568489688675249,0.05608514771792411,0.23682303037906619,it-vergallito-2020.tsv
6,visual,0.4308236275436759,0.18560899804989198,0.18694311483731257,0.43236918812204067,it-vergallito-2020.tsv
7,modality exclusivity,0.0,-0.011726650561431065,-0.01181093915486453,0.0,it-vergallito-2020.tsv
