,norm,adjusted r,adjusted r-squared,r-squared,r,source
0,lexical decision time,0.4125194267015047,0.1701722774061381,0.1713954384297222,0.4139993217744713,it-vergallito-2020.tsv
1,naming time,0.3908095204917209,0.15273208130696883,0.15382988602435943,0.39221153224294597,it-vergallito-2020.tsv
2,auditory,0.534589047731529,0.285785449954503,0.2878396131167995,0.5365068621339335,it-vergallito-2020.tsv
3,gustatory,0.42180143754855964,0.17791645271803144,0.17919527717602268,0.4233146314220933,it-vergallito-2020.tsv
4,haptic,0.6213379316705253,0.3860608253326063,0.38883574591001946,0.6235669538309575,it-vergallito-2020.tsv
5,olfactory,0.4228609286564714,0.17881136498421338,0.18009662187538472,0.4243779234071734,it-vergallito-2020.tsv
6,visual,0.47264336141750496,0.2233917470920382,0.2249974379965632,0.4743389484288247,it-vergallito-2020.tsv
7,modality exclusivity,0.2739875698399183,0.0750691884267841,0.07560876929597932,0.27497048804549795,it-vergallito-2020.tsv
