,norm,adjusted r,adjusted r-squared,r-squared,r,source
0,lexical decision time,0.19203722483285865,0.0368782957215059,0.037143368826422385,0.1927261498251402,it-vergallito-2020.tsv
1,naming time,0.21539045887134248,0.04639304977280747,0.04672651284395074,0.21616316255077028,it-vergallito-2020.tsv
2,auditory,0.5781183484903009,0.3342208248611529,0.3366231308799213,0.5801923223207295,it-vergallito-2020.tsv
3,gustatory,0.4640234868553423,0.21531779635339,0.2168654534700361,0.4656881504505307,it-vergallito-2020.tsv
4,haptic,0.6665621670658584,0.4443051225635332,0.44749869038070145,0.6689534291568445,it-vergallito-2020.tsv
5,olfactory,0.4872611663868348,0.23742344426865872,0.23912999193635798,0.4890091941225216,it-vergallito-2020.tsv
6,visual,0.5273881736561199,0.2781382857123377,0.28013748273452876,0.5292801552434483,it-vergallito-2020.tsv
7,modality exclusivity,0.3054990283080644,0.09332965629717155,0.0940004894062258,0.3065949924676295,it-vergallito-2020.tsv
