,norm,adjusted r,adjusted r-squared,r-squared,r,source
0,lexical decision time,0.18962315317030573,0.035956940218249224,0.03621539082179459,0.19030341778800136,it-vergallito-2020.tsv
1,naming time,0.22913757341933222,0.05250402755249986,0.05288141499223031,0.2299595942600141,it-vergallito-2020.tsv
2,auditory,0.5922750191861731,0.3507896983519817,0.3533110978010525,0.594399779442298,it-vergallito-2020.tsv
3,gustatory,0.4745280344973629,0.22517685552393044,0.22679537739651934,0.4762303826894283,it-vergallito-2020.tsv
4,haptic,0.6818815284101392,0.46496241878694744,0.468304466720726,0.6843277480277459,it-vergallito-2020.tsv
5,olfactory,0.49299211015860733,0.24304122067863643,0.24478814769160057,0.4947606973998648,it-vergallito-2020.tsv
6,visual,0.5575081959146516,0.3108153885120096,0.3130494613854113,0.559508231740527,it-vergallito-2020.tsv
7,modality exclusivity,0.2347765805966059,0.055120042796634586,0.05551623358043789,0.23561883112441986,it-vergallito-2020.tsv
