,norm,adjusted r,adjusted r-squared,r-squared,r,source
0,lexical decision time,0.494277803596078,0.24431054712776304,0.25078784919301306,0.500787229462786,ms-yap-2010.tsv
