,norm,adjusted r,adjusted r-squared,r-squared,r,source
0,lexical decision time,0.5121329300196762,0.26228013801053857,0.26923386022835705,0.5188775002140265,ms-yap-2010.tsv
