,norm,adjusted r,adjusted r-squared,r-squared,r,source
0,lexical decision time,0.5485390628763486,0.3008951035012627,0.308872607944872,0.5557630861661037,ms-yap-2010.tsv
