,norm,adjusted r,adjusted r-squared,r-squared,r,source
0,lexical decision time,0.5034656562312676,0.25347766700438096,0.2601980130364482,0.5100960821614376,ms-yap-2010.tsv
