,norm,adjusted r,adjusted r-squared,r-squared,r,source
0,lexical decision time,0.47495707698201617,0.2255842249753008,0.23156504399232103,0.4812120571975738,ms-yap-2010.tsv
