,norm,adjusted r,adjusted r-squared,r-squared,r,source
0,lexical decision time,0.48337771702421034,0.23365401731553756,0.2398487873191446,0.48974359344369645,ms-yap-2010.tsv
