,norm,adjusted r,adjusted r-squared,r-squared,r,source
0,lexical decision time,0.5119553880128835,0.2620983193154221,0.26904722105118106,0.5186976200554434,ms-yap-2010.tsv
