,norm,adjusted r,adjusted r-squared,r-squared,r,source
0,lexical decision time,0.5149309743631623,0.26515390835859565,0.2721838216325489,0.5217123935968446,ms-yap-2010.tsv
