,norm,adjusted r,adjusted r-squared,r-squared,r,source
0,lexical decision time,0.4936847886092596,0.24372467050416932,0.2501864394706293,0.5001864047239082,ms-yap-2010.tsv
