,norm,adjusted r,adjusted r-squared,r-squared,r,source
0,lexical decision time,0.4497317356233684,0.2022586340268073,0.20762103152989736,0.4556545089537657,ms-yap-2010.tsv
