,norm,adjusted r,adjusted r-squared,r-squared,r,source
0,lexical decision time,0.5398639599818045,0.29145309528723534,0.2991802677659588,0.5469737359014223,ms-yap-2010.tsv
