,norm,adjusted r,adjusted r-squared,r-squared,r,source
0,lexical decision time,0.455098559262644,0.20711469864293428,0.21260584293054435,0.4610920113497352,ms-yap-2010.tsv
