,norm,adjusted r,adjusted r-squared,r-squared,r,source
0,lexical decision time,0.354379829509878,0.1255850635634502,0.12891464716574424,0.35904685928962565,ms-yap-2010.tsv
