,norm,adjusted r,adjusted r-squared,r-squared,r,source
0,lexical decision time,0.42589429186392247,0.181385947842272,0.18619495665658103,0.4315031363229948,ms-yap-2010.tsv
