,norm,adjusted r,adjusted r-squared,r-squared,r,source
0,lexical decision time,0.4172827135083788,0.17412486299291574,0.17874136173983873,0.42277814718814255,ms-yap-2010.tsv
