,norm,adjusted r,adjusted r-squared,r-squared,r,source
0,lexical decision time,0.36939358504374054,0.13645162067146716,0.14006930470014645,0.37425833951983817,ms-yap-2010.tsv
