,norm,adjusted r,adjusted r-squared,r-squared,r,source
0,lexical decision time,0.4462279302307581,0.1991193657180263,0.204398533129993,0.4521045599526652,ms-yap-2010.tsv
