,norm,adjusted r,adjusted r-squared,r-squared,r,source
0,lexical decision time,0.5099001790214573,0.2599981925661143,0.2668914145308175,0.516615344846451,ms-yap-2010.tsv
