,norm,adjusted r,adjusted r-squared,r-squared,r,source
0,lexical decision time,0.23629129055699594,0.05583357399309068,0.05731386589365528,0.23940314512064223,ms-yap-2010.tsv
