,norm,adjusted r,adjusted r-squared,r-squared,r,source
0,lexical decision time,0.5299855220820355,0.2808846536165677,0.2883316294772381,0.5369652032275817,ms-yap-2010.tsv
