,norm,adjusted r,adjusted r-squared,r-squared,r,source
0,lexical decision time,0.5237243355988553,0.2742871796984625,0.28155923952731365,0.530621559614113,ms-yap-2010.tsv
