,norm,adjusted r,adjusted r-squared,r-squared,r,source
0,lexical decision time,0.3017141153140501,0.09103140737973994,0.09344488452984862,0.3056875603125659,ms-yap-2010.tsv
