,norm,adjusted r,adjusted r-squared,r-squared,r,source
0,lexical decision time,0.47245089099801624,0.22320984440481945,0.2291277124753755,0.4786728658231794,ms-yap-2010.tsv
