,norm,adjusted r,adjusted r-squared,r-squared,r,source
0,lexical decision time,0.5128965703447379,0.2630628918713947,0.27003736691081304,0.5196511973533912,ms-yap-2010.tsv
