,norm,adjusted r,adjusted r-squared,r-squared,r,source
0,lexical decision time,0.4477263048704891,0.20045884407298215,0.20577352450727604,0.4536226675412904,ms-yap-2010.tsv
