,norm,adjusted r,adjusted r-squared,r-squared,r,source
0,lexical decision time,0.5102916582340206,0.2603975764632265,0.2673013871240462,0.517011979671696,ms-yap-2010.tsv
