,norm,adjusted r,adjusted r-squared,r-squared,r,source
0,lexical decision time,0.22440179650749603,0.050356166275791654,0.05169123798534697,0.22735707155342005,ms-yap-2010.tsv
