,norm,adjusted r,adjusted r-squared,r-squared,r,source
0,lexical decision time,0.3401158857925049,0.11567881576842022,0.11874575921843272,0.3445950655747014,ms-yap-2010.tsv
