,norm,adjusted r,adjusted r-squared,r-squared,r,source
0,lexical decision time,0.11692129622303254,0.013670589510474125,0.014033032060377926,0.11846109935492717,ms-yap-2010.tsv
