,norm,adjusted r,adjusted r-squared,r-squared,r,source
0,valence,0.17507490360454073,0.03065122187213923,0.0324507324158953,0.1801408682556385,pl-imbir-2016.tsv
1,arousal,0.2478121967971127,0.061410884881410915,0.06501627246780067,0.25498288661751534,pl-imbir-2016.tsv
2,dominance,0.2205460866172564,0.04864057632218635,0.051496228547447453,0.22692780470327442,pl-imbir-2016.tsv
3,concreteness,0.5822450672970013,0.3390093183916896,0.3589123044919571,0.5990929013867191,pl-imbir-2016.tsv
4,imageability,0.4556598283100234,0.20762587913551997,0.21981544078560877,0.468844793919703,pl-imbir-2016.tsv
5,age of acquisition,0.3753787727669719,0.14090922304403794,0.14918189920807384,0.3862407270188811,pl-imbir-2016.tsv
