,norm,adjusted r,adjusted r-squared,r-squared,r,source
0,valence,0.6488908127829215,0.4210592869140804,0.44577936592133915,0.667667107113522,pl-imbir-2016.tsv
1,arousal,0.6050220319636869,0.3660516591614686,0.3875422810677754,0.62252893994398,pl-imbir-2016.tsv
2,dominance,0.5653587600684826,0.3196305275861721,0.33839579922516166,0.5817179722384049,pl-imbir-2016.tsv
3,concreteness,0.8262877819808087,0.6827514986507643,0.7228353336676018,0.8501972322159146,pl-imbir-2016.tsv
4,imageability,0.7213255077163844,0.5203104880822996,0.5508575316304078,0.7421977712378338,pl-imbir-2016.tsv
5,age of acquisition,0.5092010341361222,0.25928569316529626,0.2745081642511932,0.523935267233647,pl-imbir-2016.tsv
