,norm,adjusted r,adjusted r-squared,r-squared,r,source
0,valence,0.23310341923197486,0.05433720405763783,0.05752730107980003,0.2398484960965985,pl-imbir-2016.tsv
1,arousal,0.26285727037322437,0.06909394458806238,0.0731503989217453,0.27046330420547865,pl-imbir-2016.tsv
2,dominance,0.24156439179063044,0.0583533553811772,0.061779237674222776,0.24855429522384595,pl-imbir-2016.tsv
3,concreteness,0.5698074755144128,0.3246805591521081,0.34374231440558817,0.586295415644356,pl-imbir-2016.tsv
4,imageability,0.46859186202426395,0.21957833315536684,0.2324696145320687,0.4821510287576588,pl-imbir-2016.tsv
5,age of acquisition,0.3641356229431889,0.13259475189622424,0.14037929161471613,0.3746722455890163,pl-imbir-2016.tsv
