,norm,adjusted r,adjusted r-squared,r-squared,r,source
0,valence,0.6490777018931523,0.42130186309489587,0.4460361835701412,0.6678594040441006,pl-imbir-2016.tsv
1,arousal,0.6145055212084479,0.3776170355956663,0.3997866521901021,0.6322868432840447,pl-imbir-2016.tsv
2,dominance,0.5562901007538178,0.30945867619669276,0.32762676597124496,0.572386902340755,pl-imbir-2016.tsv
3,concreteness,0.8172222055021755,0.66785213316584,0.7070612374656692,0.8408693343591911,pl-imbir-2016.tsv
4,imageability,0.7133167861098895,0.5088208373461418,0.5386933320057901,0.7339573093891701,pl-imbir-2016.tsv
5,age of acquisition,0.5045983949633659,0.254619540199605,0.2695680648994307,0.5191994461663366,pl-imbir-2016.tsv
