,norm,adjusted r,adjusted r-squared,r-squared,r,source
0,valence,0.6264319054180312,0.39241693212566514,0.41545543968840654,0.6445583291591278,pl-imbir-2016.tsv
1,arousal,0.6073928763460233,0.36892610623589556,0.39058548480187083,0.6249683870419934,pl-imbir-2016.tsv
2,dominance,0.5376746584832699,0.28909403837510095,0.30606653533992445,0.5532328039260909,pl-imbir-2016.tsv
3,concreteness,0.8282272251317456,0.6859603364494312,0.7262325599577941,0.8521927950632968,pl-imbir-2016.tsv
4,imageability,0.7214615354557435,0.5205067471421592,0.5510653129143731,0.742337735073715,pl-imbir-2016.tsv
5,age of acquisition,0.5186960657013391,0.2690456085740479,0.28484107706792683,0.5337050468825706,pl-imbir-2016.tsv
