,norm,adjusted r,adjusted r-squared,r-squared,r,source
0,valence,0.2540344150373454,0.06453348402336626,0.06832219709359194,0.2613851508666702,pl-imbir-2016.tsv
1,arousal,0.29326707129921203,0.08600557510841711,0.09105489874957606,0.3017530426517288,pl-imbir-2016.tsv
2,dominance,0.28229264320590447,0.0796891364081761,0.08436762660956265,0.2904610586800968,pl-imbir-2016.tsv
3,concreteness,0.6225097834138767,0.38751843044599177,0.4102693506016813,0.6405227166944832,pl-imbir-2016.tsv
4,imageability,0.5160946354898205,0.26635367278137073,0.28199109971781205,0.5310283417274563,pl-imbir-2016.tsv
5,age of acquisition,0.404535037291533,0.163648596396462,0.17325628433512757,0.4162406567541517,pl-imbir-2016.tsv
