,norm,adjusted r,adjusted r-squared,r-squared,r,source
0,valence,0.21226398002390412,0.04505599721558837,0.04770120145531209,0.2184060472040829,pl-imbir-2016.tsv
1,arousal,0.25964224066918923,0.06741409313971718,0.0713719246385307,0.2671552444526042,pl-imbir-2016.tsv
2,dominance,0.2344502408151306,0.054966915418272734,0.058193982328216654,0.24123428928785529,pl-imbir-2016.tsv
3,concreteness,0.5453339526530177,0.29738911991616374,0.31484861497707384,0.5611137273112055,pl-imbir-2016.tsv
4,imageability,0.43662813147553475,0.19064412519581686,0.2018367006443949,0.4492623962055971,pl-imbir-2016.tsv
5,age of acquisition,0.3919613816141669,0.15363372467688657,0.16265344691131634,0.40330316997429655,pl-imbir-2016.tsv
