,norm,adjusted r,adjusted r-squared,r-squared,r,source
0,valence,0.6584155919692294,0.43351109174819075,0.45896220699867807,0.6774674951602313,pl-imbir-2016.tsv
1,arousal,0.6232235707148361,0.3884076190945503,0.41121074285749387,0.6412571581335321,pl-imbir-2016.tsv
2,dominance,0.5735422355124096,0.3289506959165723,0.3482631477381366,0.590138244598786,pl-imbir-2016.tsv
3,concreteness,0.8230614417034169,0.6774301368189071,0.7172015586222187,0.8468775346071111,pl-imbir-2016.tsv
4,imageability,0.7171032389572399,0.5142370553229644,0.5444275321301835,0.7378533269764279,pl-imbir-2016.tsv
5,age of acquisition,0.5165049249199578,0.26677733746657123,0.28243963744302436,0.5314505032860768,pl-imbir-2016.tsv
