,norm,adjusted r,adjusted r-squared,r-squared,r,source
0,valence,0.20970118467270538,0.043974586853136086,0.0465563022910927,0.21576909484699772,pl-imbir-2016.tsv
1,arousal,0.23692840510433602,0.056135069145284364,0.059430717495708996,0.2437841616998713,pl-imbir-2016.tsv
2,dominance,0.22692775040904217,0.05149620390570854,0.05451950791225996,0.2334941282179489,pl-imbir-2016.tsv
3,concreteness,0.5775733253791688,0.3335909461895512,0.35317582366927447,0.5942859780183901,pl-imbir-2016.tsv
4,imageability,0.4588036258859566,0.21050076712610083,0.2228591113217191,0.4720795603727396,pl-imbir-2016.tsv
5,age of acquisition,0.36764469333946137,0.13516262054066658,0.14309791792617516,0.3782828543909639,pl-imbir-2016.tsv
