,norm,adjusted r,adjusted r-squared,r-squared,r,source
0,valence,0.664536742262953,0.4416090818174585,0.4675356240696382,0.6837657669623701,pl-imbir-2016.tsv
1,arousal,0.62439945287822,0.3898746767546204,0.4127639303866637,0.6424670656046609,pl-imbir-2016.tsv
2,dominance,0.5750316665126113,0.330661417492271,0.3500743045110272,0.5916707737509326,pl-imbir-2016.tsv
3,concreteness,0.8246922247465189,0.6801172655573628,0.7200464466995175,0.8485555059626432,pl-imbir-2016.tsv
4,imageability,0.7166391407789361,0.5135716580963718,0.5437230699250386,0.7373757996605521,pl-imbir-2016.tsv
5,age of acquisition,0.5301920756118018,0.28110363704155056,0.2976070234597033,0.5455337051545975,pl-imbir-2016.tsv
