,norm,adjusted r,adjusted r-squared,r-squared,r,source
0,valence,0.23617938349460255,0.05578070118789054,0.05905554485788972,0.24301346641264496,pl-imbir-2016.tsv
1,arousal,0.2584320238282704,0.06678711093997572,0.07070813277802307,0.2659100087962525,pl-imbir-2016.tsv
2,dominance,0.23240994447477814,0.054014382290769464,0.057185526685997023,0.2391349549647584,pl-imbir-2016.tsv
3,concreteness,0.5958358569688067,0.3550203684497523,0.3758633514452914,0.6130769539342442,pl-imbir-2016.tsv
4,imageability,0.47439897750572674,0.225054389858479,0.23826716647007112,0.488126178841159,pl-imbir-2016.tsv
5,age of acquisition,0.3959971160761281,0.15681371594061047,0.16602013310785546,0.40745568238503616,pl-imbir-2016.tsv
