,norm,adjusted r,adjusted r-squared,r-squared,r,source
0,valence,0.6600629512545498,0.43568309961886625,0.4612617318434144,0.6791625224078655,pl-imbir-2016.tsv
1,arousal,0.6116641677444391,0.37413305410249736,0.3960981287228037,0.6293632724609879,pl-imbir-2016.tsv
2,dominance,0.5727924674906633,0.32809121081404247,0.34735320290154936,0.5893667813013805,pl-imbir-2016.tsv
3,concreteness,0.8166502469373649,0.6669176258228591,0.706071865888436,0.8402808256103645,pl-imbir-2016.tsv
4,imageability,0.7061723552632991,0.4986793953381151,0.5279564934455978,0.7266061474042164,pl-imbir-2016.tsv
5,age of acquisition,0.513031356967086,0.26320117323148967,0.2786535192532823,0.5278764242256726,pl-imbir-2016.tsv
