,norm,adjusted r,adjusted r-squared,r-squared,r,source
0,valence,0.6673718394674607,0.44538517211418216,0.4715334058320879,0.6866829004948994,pl-imbir-2016.tsv
1,arousal,0.6286931652908525,0.39525509608343123,0.4184602301509238,0.6468850208119862,pl-imbir-2016.tsv
2,dominance,0.5837159186728802,0.3407242737121245,0.36072794356960297,0.6006063132948263,pl-imbir-2016.tsv
3,concreteness,0.8242750455364295,0.6794293506940828,0.7193181448639059,0.8481262552615064,pl-imbir-2016.tsv
4,imageability,0.7184562880482052,0.5161794378360055,0.5464839504825398,0.739245527874562,pl-imbir-2016.tsv
5,age of acquisition,0.5357805215916784,0.287060767317051,0.3039138924433704,0.5512838583192604,pl-imbir-2016.tsv
