,norm,adjusted r,adjusted r-squared,r-squared,r,source
0,valence,0.26802392146809223,0.07183682247913407,0.07605430914313677,0.2757794574349887,pl-imbir-2016.tsv
1,arousal,0.28486937424464137,0.08115056038253356,0.0859148497035025,0.2931123499675551,pl-imbir-2016.tsv
2,dominance,0.27415299915472946,0.0751598669455331,0.07957244708997191,0.28208588601695744,pl-imbir-2016.tsv
3,concreteness,0.6274111619601365,0.39364476615216853,0.41675535894159,0.6455659214530999,pl-imbir-2016.tsv
4,imageability,0.5199149202577947,0.2703115243066691,0.28618131377600087,0.5349591701952597,pl-imbir-2016.tsv
5,age of acquisition,0.39593265347289025,0.15676266608608377,0.1659660861541638,0.40738935449292707,pl-imbir-2016.tsv
