,norm,adjusted r,adjusted r-squared,r-squared,r,source
0,valence,0.6517962671065454,0.42483837381402706,0.44978032021536857,0.6706566336176573,pl-imbir-2016.tsv
1,arousal,0.6071991453604255,0.3686908021264311,0.39033636616234507,0.62476905025965,pl-imbir-2016.tsv
2,dominance,0.5751076765397832,0.33074883961498797,0.35016685912184675,0.5917489832030527,pl-imbir-2016.tsv
3,concreteness,0.8246649518373135,0.6800722827888386,0.7199988230259557,0.8485274438849669,pl-imbir-2016.tsv
4,imageability,0.7196067534546329,0.5178338796175168,0.5482355233161925,0.740429283129856,pl-imbir-2016.tsv
5,age of acquisition,0.5221617481656591,0.27265289124741715,0.2886601406364302,0.5372710122800505,pl-imbir-2016.tsv
