,norm,adjusted r,adjusted r-squared,r-squared,r,source
0,valence,0.21552729736508033,0.04645201590949576,0.04917917937320887,0.22176379184440564,pl-imbir-2016.tsv
1,arousal,0.22126194289078135,0.04895684737180339,0.05183106763623907,0.2276643749826465,pl-imbir-2016.tsv
2,dominance,0.21509761250382026,0.046266982904843615,0.04898328321784112,0.22132167362877303,pl-imbir-2016.tsv
3,concreteness,0.5898006706324694,0.34786483107851074,0.3682877177725221,0.6068671335412078,pl-imbir-2016.tsv
4,imageability,0.46263336137504224,0.21402962705717044,0.226595148006782,0.4760201130275715,pl-imbir-2016.tsv
5,age of acquisition,0.36635065460009786,0.1342128021259202,0.14209233637548857,0.3769513713670353,pl-imbir-2016.tsv
