,norm,adjusted r,adjusted r-squared,r-squared,r,source
0,valence,0.6715206605395635,0.4509399975314916,0.47741435093718243,0.690951771788149,pl-imbir-2016.tsv
1,arousal,0.6281858959815547,0.39461751991014865,0.4177852223525316,0.6463630731659503,pl-imbir-2016.tsv
2,dominance,0.591072076654929,0.34936619980117023,0.3698772307413641,0.6081753289482927,pl-imbir-2016.tsv
3,concreteness,0.83471592439015,0.6967506744305025,0.7376563906932041,0.8588692512211646,pl-imbir-2016.tsv
4,imageability,0.7210975651415823,0.5199816984531185,0.550509439005514,0.7419632329202802,pl-imbir-2016.tsv
5,age of acquisition,0.5117567923075672,0.2618950144729305,0.27727067688101104,0.5265649787832561,pl-imbir-2016.tsv
