,norm,adjusted r,adjusted r-squared,r-squared,r,source
0,valence,0.21036267369864117,0.044252454485640975,0.046850483326585146,0.21644972470896134,pl-imbir-2016.tsv
1,arousal,0.2415586268246232,0.05835057019339757,0.0617762889701306,0.24854836344287323,pl-imbir-2016.tsv
2,dominance,0.25117315611298213,0.0630879543517565,0.0667918014451469,0.2584410985991719,pl-imbir-2016.tsv
3,concreteness,0.5995551145478165,0.35946633538044537,0.3805703378029537,0.6169038318919358,pl-imbir-2016.tsv
4,imageability,0.4791651225118501,0.22959921463179633,0.24307881454110963,0.4930302369440536,pl-imbir-2016.tsv
5,age of acquisition,0.3937807926385675,0.15506331265105852,0.16416696493706928,0.4051752274474209,pl-imbir-2016.tsv
