,norm,adjusted r,adjusted r-squared,r-squared,r,source
0,valence,0.5914700508412877,0.3498368210421955,0.3703754818070297,0.6085848189094349,pl-imbir-2016.tsv
1,arousal,0.5773335975293187,0.3333140828361453,0.35288270587336334,0.5940393134072554,pl-imbir-2016.tsv
2,dominance,0.5082047109607246,0.25827202824267365,0.27343498781142117,0.5229101144665507,pl-imbir-2016.tsv
3,concreteness,0.8075094409459708,0.6520714972168743,0.690354132063192,0.8308755214008847,pl-imbir-2016.tsv
4,imageability,0.69466161972081,0.4825547659131392,0.5108851989648063,0.7147623373995068,pl-imbir-2016.tsv
5,age of acquisition,0.48617759920246945,0.23636865796627704,0.25024568688206106,0.5002456265496592,pl-imbir-2016.tsv
