,norm,adjusted r,adjusted r-squared,r-squared,r,source
0,valence,0.23529376233194588,0.05536315459232224,0.05861348441082248,0.24210221892998518,pl-imbir-2016.tsv
1,arousal,0.279353400329566,0.07803832227569078,0.08261989440152456,0.2874367659182182,pl-imbir-2016.tsv
2,dominance,0.23247973479916167,0.054046827092288544,0.05721987629779307,0.23920676474086822,pl-imbir-2016.tsv
3,concreteness,0.6053260494383211,0.3664196261286048,0.3879318511031311,0.6228417544634681,pl-imbir-2016.tsv
4,imageability,0.47417790624581047,0.2248446867716606,0.23804515187027742,0.4878987106667504,pl-imbir-2016.tsv
5,age of acquisition,0.38219249649732207,0.14607110437885554,0.15464683077450603,0.39325161255169194,pl-imbir-2016.tsv
