,norm,adjusted r,adjusted r-squared,r-squared,r,source
0,valence,0.2000077505451831,0.04000310027814419,0.0423516526795375,0.2057951716623534,pl-imbir-2016.tsv
1,arousal,0.2350724352559615,0.055259049817168206,0.058503267721392194,0.24187448753721877,pl-imbir-2016.tsv
2,dominance,0.1926891447116176,0.03712910648969471,0.03930892884350368,0.19826479476574674,pl-imbir-2016.tsv
3,concreteness,0.5166379481040111,0.26691476942112285,0.2825851379258812,0.5315873756268872,pl-imbir-2016.tsv
4,imageability,0.4194627503533062,0.1759489989339601,0.18627883439910947,0.4316003178857836,pl-imbir-2016.tsv
5,age of acquisition,0.3328247469198605,0.1107723121622692,0.11727567260002814,0.3424553585506119,pl-imbir-2016.tsv
