,norm,adjusted r,adjusted r-squared,r-squared,r,source
0,valence,0.5936708814296724,0.3524451154574842,0.3731369072564127,0.6108493326970348,pl-imbir-2016.tsv
1,arousal,0.5820944424693313,0.33883393995368166,0.3587266297156936,0.5989379180814098,pl-imbir-2016.tsv
2,dominance,0.5019154467672747,0.251919115703593,0.2667091004804929,0.5164388642235331,pl-imbir-2016.tsv
3,concreteness,0.7828680547357206,0.6128823911256913,0.6488642625666988,0.8055211124276624,pl-imbir-2016.tsv
4,imageability,0.6854614849601464,0.469857447363769,0.4974424302437485,0.7052959876844249,pl-imbir-2016.tsv
5,age of acquisition,0.47204009683683174,0.2228218530217255,0.23590355904847043,0.48569904163841054,pl-imbir-2016.tsv
