,norm,adjusted r,adjusted r-squared,r-squared,r,source
0,valence,0.21523373570451534,0.04632556098532116,0.049045300374055745,0.22146173568825778,pl-imbir-2016.tsv
1,arousal,0.24047755535496745,0.05782945462950143,0.06122457909728135,0.2474360101062118,pl-imbir-2016.tsv
2,dominance,0.23651949260920338,0.05594147038411502,0.05922575269460051,0.24336341691922495,pl-imbir-2016.tsv
3,concreteness,0.5858003820257269,0.34316208758148764,0.3633088796864228,0.6027510926463948,pl-imbir-2016.tsv
4,imageability,0.4747125824822168,0.22535203596693548,0.23858228716119545,0.4884488582863056,pl-imbir-2016.tsv
5,age of acquisition,0.3737799226038099,0.13971143054171012,0.14791378519470927,0.38459561255259955,pl-imbir-2016.tsv
