,norm,adjusted r,adjusted r-squared,r-squared,r,source
0,valence,0.22794647208870017,0.05195959413768457,0.055010103441688496,0.23454232761207197,pl-imbir-2016.tsv
1,arousal,0.260158924560364,0.06768266602840517,0.07165626524267804,0.2676868791007098,pl-imbir-2016.tsv
2,dominance,0.2534794620008607,0.06425183765624577,0.06802401547677217,0.26081413971786915,pl-imbir-2016.tsv
3,concreteness,0.6085148897561343,0.3702903710549203,0.3920298445983993,0.6261228670144537,pl-imbir-2016.tsv
4,imageability,0.48892753938090344,0.23905013876506487,0.25308459543333545,0.5030751389537506,pl-imbir-2016.tsv
5,age of acquisition,0.3749417196233144,0.14058129311408812,0.14883471675471666,0.38579102731234777,pl-imbir-2016.tsv
