,norm,adjusted r,adjusted r-squared,r-squared,r,source
0,valence,0.21376564423437422,0.04569575065493704,0.04837851434544921,0.2199511635464773,pl-imbir-2016.tsv
1,arousal,0.2390187495207313,0.05712996262245409,0.060484020432362895,0.2459349922893505,pl-imbir-2016.tsv
2,dominance,0.24945201979452353,0.062226310179567354,0.06587957078151907,0.25667015950733163,pl-imbir-2016.tsv
3,concreteness,0.5996853390782267,0.35962250590536776,0.3807356769837748,0.6170378245973053,pl-imbir-2016.tsv
4,imageability,0.4810403557635479,0.23139982387312077,0.24498513621792734,0.49495973191556436,pl-imbir-2016.tsv
5,age of acquisition,0.38180345587569625,0.14577387891862476,0.1543321554275533,0.392851314656771,pl-imbir-2016.tsv
