,norm,adjusted r,adjusted r-squared,r-squared,r,source
0,valence,0.6545302127467981,0.4284097993983688,0.45356142155169415,0.6734696886658628,pl-imbir-2016.tsv
1,arousal,0.5986388039916445,0.3583684176445465,0.37940796212961375,0.6159610069879535,pl-imbir-2016.tsv
2,dominance,0.5612366173067839,0.31498654060596143,0.33347916720747695,0.5774765512187287,pl-imbir-2016.tsv
3,concreteness,0.8311040438044613,0.690733931628128,0.7312864093753438,0.8551528573157806,pl-imbir-2016.tsv
4,imageability,0.7152700962872338,0.5116113106427487,0.5416476319237389,0.7359671405190172,pl-imbir-2016.tsv
5,age of acquisition,0.5361141872408495,0.28741842176091664,0.30429254451484916,0.5516271789123965,pl-imbir-2016.tsv
