,norm,adjusted r,adjusted r-squared,r-squared,r,source
0,valence,0.6590344806608086,0.43432644669986176,0.459825430835921,0.6781042920052349,pl-imbir-2016.tsv
1,arousal,0.5983639855696758,0.3580394592268273,0.37905969080673163,0.6156782364244586,pl-imbir-2016.tsv
2,dominance,0.5680048466465514,0.3226295058139724,0.3415708452444495,0.584440625935988,pl-imbir-2016.tsv
3,concreteness,0.8171613023168716,0.6677525940042055,0.706955854433548,0.8408066688802771,pl-imbir-2016.tsv
4,imageability,0.706313770252487,0.498879142048283,0.5281679671372389,0.7267516543753023,pl-imbir-2016.tsv
5,age of acquisition,0.5120715680161528,0.2622172907705214,0.27761187378143914,0.5268888628367838,pl-imbir-2016.tsv
