,norm,adjusted r,adjusted r-squared,r-squared,r,source
0,valence,0.6692412656224874,0.4478838716119888,0.474178802127521,0.6886064203356813,pl-imbir-2016.tsv
1,arousal,0.6059337713434444,0.3671557352544895,0.3887111766508247,0.6234670614000588,pl-imbir-2016.tsv
2,dominance,0.5760894464215676,0.33187905027830816,0.3513634236164691,0.5927591615626612,pl-imbir-2016.tsv
3,concreteness,0.8327555444195754,0.6934817967615434,0.7341955996363847,0.8568521457266619,pl-imbir-2016.tsv
4,imageability,0.7132521520759953,0.5087286324410387,0.5385957138189714,0.73389080510589,pl-imbir-2016.tsv
5,age of acquisition,0.5208319291523184,0.2712658984245256,0.28719171849175434,0.535902713644701,pl-imbir-2016.tsv
