,norm,adjusted r,adjusted r-squared,r-squared,r,source
0,valence,0.6060912660999458,0.36734662284263525,0.3889132711079486,0.6236291134223518,pl-imbir-2016.tsv
1,arousal,0.5961351740710766,0.3553771457647528,0.37624107489231867,0.6133849320714674,pl-imbir-2016.tsv
2,dominance,0.5088695220371007,0.25894819045826734,0.27415084701010173,0.5235941625057539,pl-imbir-2016.tsv
3,concreteness,0.7823046618081062,0.6120005838866954,0.6479306850775396,0.804941417171175,pl-imbir-2016.tsv
4,imageability,0.6843614976747971,0.46835065949969146,0.49584717997970784,0.7041641711843254,pl-imbir-2016.tsv
5,age of acquisition,0.4668029929401911,0.21790503421792012,0.23069807745281634,0.4803103969859661,pl-imbir-2016.tsv
