,norm,adjusted r,adjusted r-squared,r-squared,r,source
0,valence,0.21215939053992036,0.045011606994270446,0.0476542051169645,0.21829843132043916,pl-imbir-2016.tsv
1,arousal,0.24536744482507772,0.06020518297998755,0.06373978470037533,0.2524673933409527,pl-imbir-2016.tsv
2,dominance,0.19011277898807702,0.036142868734569414,0.03826478979992726,0.19561387936423955,pl-imbir-2016.tsv
3,concreteness,0.5352425326311343,0.28648456873739087,0.3033038656716819,0.550730302118634,pl-imbir-2016.tsv
4,imageability,0.4254785335954203,0.18103198255050923,0.19166023622064488,0.43779017373696827,pl-imbir-2016.tsv
5,age of acquisition,0.34357152265327584,0.11804139117829045,0.12497151386348254,0.3535131028172542,pl-imbir-2016.tsv
