,norm,adjusted r,adjusted r-squared,r-squared,r,source
0,valence,0.22426155600592473,0.05029324550219851,0.05324592471147932,0.2307507848556085,pl-imbir-2016.tsv
1,arousal,0.23088091997455662,0.05330599920829762,0.05643555495719832,0.23756168663569957,pl-imbir-2016.tsv
2,dominance,0.21311693391372902,0.04541882752078875,0.04808533325911263,0.2192836821542192,pl-imbir-2016.tsv
3,concreteness,0.500315730215828,0.2503158299013971,0.2650116869558284,0.5147928582991691,pl-imbir-2016.tsv
4,imageability,0.40078699140357493,0.16063021247832926,0.17006069333179474,0.412384157469458,pl-imbir-2016.tsv
5,age of acquisition,0.31632890367062183,0.10006397529745754,0.10593865720570456,0.32548219184112753,pl-imbir-2016.tsv
