,norm,adjusted r,adjusted r-squared,r-squared,r,source
0,age of acquisition,0.5121071530847723,0.2622537362405904,0.2634588079751824,0.513282386192223,pt-cameirao-2010.tsv
0,valence,0.6324125390841845,0.3999456195909052,0.406631042927233,0.6376762838049044,pt-soares-2012.tsv
1,arousal,0.44829474728152824,0.20096818044020928,0.204327530555729,0.45202602862637126,pt-soares-2012.tsv
2,dominance,0.42785745241857154,0.1830619995901102,0.1861220330149203,0.43141862849779716,pt-soares-2012.tsv
