,norm,adjusted r,adjusted r-squared,r-squared,r,source
0,age of acquisition,0.6256875348715921,0.39148489129368974,0.39328378797970326,0.6271234232427483,pt-cameirao-2010.tsv
0,valence,0.5423957866949152,0.2941931894243959,0.2991108730234271,0.5469102970537555,pt-soares-2012.tsv
1,arousal,0.45336895709527575,0.205543411257658,0.20897924015773683,0.4571424724937914,pt-soares-2012.tsv
2,dominance,0.38495038789178443,0.1481868011380353,0.15066386664378417,0.3881544365890775,pt-soares-2012.tsv
