,norm,adjusted r,adjusted r-squared,r-squared,r,source
0,age of acquisition,0.5495111971643455,0.3019625558089922,0.30335009196434654,0.5507722686958254,pt-cameirao-2010.tsv
0,valence,0.6340001892367318,0.4019562399522118,0.4086752724784533,0.6392771484093994,pt-soares-2012.tsv
1,arousal,0.47069148345082173,0.2215504725931352,0.2252538728233056,0.474609179033977,pt-soares-2012.tsv
2,dominance,0.41768872040565547,0.17446386715411383,0.1773801756512819,0.421165259311926,pt-soares-2012.tsv
