,norm,adjusted r,adjusted r-squared,r-squared,r,source
0,age of acquisition,0.5155011615394364,0.2657414475485081,0.26696254552690446,0.5166841835462979,pt-cameirao-2010.tsv
0,valence,0.6186170537270623,0.38268705916195117,0.38908399132100047,0.6237659748022494,pt-soares-2012.tsv
1,arousal,0.38012206097626416,0.1444927812408427,0.14690809813474076,0.38328592217134816,pt-soares-2012.tsv
2,dominance,0.24387110552262245,0.05947311610882605,0.060467258659317735,0.24590091227833566,pt-soares-2012.tsv
