,norm,adjusted r,adjusted r-squared,r-squared,r,source
0,age of acquisition,0.3356021886281476,0.11262882901200279,0.11314636527397637,0.3363723610434965,pt-cameirao-2010.tsv
0,valence,0.0,-0.31980006887348733,-0.3251457927386292,0.0,pt-soares-2012.tsv
1,arousal,0.0,-0.3276782997063772,-0.3331557147457168,0.0,pt-soares-2012.tsv
2,dominance,0.0,-0.3326008624140733,-0.33816056217910695,0.0,pt-soares-2012.tsv
