,norm,adjusted r,adjusted r-squared,r-squared,r,source
0,age of acquisition,0.5498991475496646,0.3023890724758478,0.30377856850100965,0.5511611093872731,pt-cameirao-2010.tsv
0,valence,0.611354862426671,0.37375476781273387,0.38000238930026237,0.6164433382722717,pt-soares-2012.tsv
1,arousal,0.4133851231316698,0.17088726002658583,0.17374378256390338,0.4168258420058711,pt-soares-2012.tsv
2,dominance,0.27370041946305335,0.07491191961425137,0.07616413459305399,0.27597850386045286,pt-soares-2012.tsv
