,norm,adjusted r,adjusted r-squared,r-squared,r,source
0,age of acquisition,0.4746664140447451,0.22530820462209736,0.22634350941071124,0.4757557245170164,pt-cameirao-2010.tsv
0,valence,0.0,-0.2765484571800365,-0.28117119441903415,0.0,pt-soares-2012.tsv
1,arousal,0.0,-0.3073950106929248,-0.3125333737035243,0.0,pt-soares-2012.tsv
2,dominance,0.0,-0.3514650071045436,-0.357340036721827,0.0,pt-soares-2012.tsv
