,norm,adjusted r,adjusted r-squared,r-squared,r,source
0,age of acquisition,0.5031031033120148,0.2531127325621798,0.2542758008335741,0.5042576730537416,pt-cameirao-2010.tsv
0,valence,0.0,-0.2739007756231183,-0.27847925466499934,0.0,pt-soares-2012.tsv
1,arousal,0.0,-0.32905793205353967,-0.33455840879386434,0.0,pt-soares-2012.tsv
2,dominance,0.0,-0.3411810044352786,-0.34688412840322325,0.0,pt-soares-2012.tsv
