,norm,adjusted r,adjusted r-squared,r-squared,r,source
0,age of acquisition,0.49835494382224266,0.2483576500320706,0.24949886841245922,0.4994986170275742,pt-cameirao-2010.tsv
0,valence,0.0,-0.14554629673977912,-0.14797922402058172,0.0,pt-soares-2012.tsv
1,arousal,0.0,-0.30890269579018964,-0.314066261009888,0.0,pt-soares-2012.tsv
2,dominance,0.0,-0.27363452670706667,-0.2782085551770963,0.0,pt-soares-2012.tsv
