,norm,adjusted r,adjusted r-squared,r-squared,r,source
0,age of acquisition,0.4344870004284984,0.188778953541354,0.18964640421816664,0.43548410328985215,pt-cameirao-2010.tsv
0,valence,0.0,-0.4618584041688719,-0.46957875114121295,0.0,pt-soares-2012.tsv
1,arousal,0.0,-0.6053307170798411,-0.6154493229700646,0.0,pt-soares-2012.tsv
2,dominance,0.0,-0.5397225449983566,-0.54874445578004,0.0,pt-soares-2012.tsv
