,norm,adjusted r,adjusted r-squared,r-squared,r,source
0,age of acquisition,0.5147446758129556,0.26496208127778476,0.2661795980211634,0.5159259617630843,pt-cameirao-2010.tsv
0,valence,0.5275072859483487,0.2782639367285929,0.28291534963359394,0.5318978751918397,pt-soares-2012.tsv
1,arousal,0.08594390165633332,0.007386354231913494,0.007509823280037908,0.08665923655351407,pt-soares-2012.tsv
2,dominance,0.0,-0.05142930329259628,-0.052288986828460726,0.0,pt-soares-2012.tsv
