,norm,adjusted r,adjusted r-squared,r-squared,r,source
0,age of acquisition,0.5240911854594351,0.27467157067627607,0.2759337031090217,0.5252939206853833,pt-cameirao-2010.tsv
0,valence,0.5235346393468499,0.27408851859603617,0.27867013591770046,0.5278921631523814,pt-soares-2012.tsv
1,arousal,0.10348649202652813,0.010709454031956668,0.01088847145431976,0.104347838762093,pt-soares-2012.tsv
2,dominance,0.0,-0.07680472848119924,-0.0780885833329007,0.0,pt-soares-2012.tsv
