,norm,adjusted r,adjusted r-squared,r-squared,r,source
0,age of acquisition,0.3842219374740303,0.14762649723629764,0.14830484989447706,0.385103687199275,pt-cameirao-2010.tsv
0,valence,0.0,-0.5012318043867239,-0.509610310458085,0.0,pt-soares-2012.tsv
1,arousal,0.0,-0.5759031159065775,-0.5855298149925281,0.0,pt-soares-2012.tsv
2,dominance,0.0,-0.5343316944452352,-0.5432634926807997,0.0,pt-soares-2012.tsv
