,norm,adjusted r,adjusted r-squared,r-squared,r,source
0,age of acquisition,0.4780336952975778,0.22851621383985743,0.2295662596243025,0.4791307333330878,pt-cameirao-2010.tsv
0,valence,0.5942948872513081,0.353186413013045,0.35909021736036234,0.5992413681984601,pt-soares-2012.tsv
1,arousal,0.0,-0.005628558532680111,-0.0057226445651831215,0.0,pt-soares-2012.tsv
2,dominance,0.0,-0.009212469432950557,-0.009366463513933998,0.0,pt-soares-2012.tsv
