,norm,adjusted r,adjusted r-squared,r-squared,r,source
0,age of acquisition,0.49993682005515966,0.24993682404686507,0.2510852988270919,0.5010841235033214,pt-cameirao-2010.tsv
0,valence,0.5856749357331767,0.34301513034606074,0.3487489132525337,0.5905496704363942,pt-soares-2012.tsv
1,arousal,0.26115664936932553,0.06820279550981284,0.06934286190476546,0.2633303284940143,pt-soares-2012.tsv
2,dominance,0.0,-0.027018195073265285,-0.027469826652661067,0.0,pt-soares-2012.tsv
