,norm,adjusted r,adjusted r-squared,r-squared,r,source
0,age of acquisition,0.28323018901154473,0.08021933996751536,0.08058795267270785,0.28388017308841396,pt-cameirao-2010.tsv
0,valence,0.0,-0.6582886139280413,-0.6692924550654815,0.0,pt-soares-2012.tsv
1,arousal,0.0,-0.6936111033585083,-0.7052053892553565,0.0,pt-soares-2012.tsv
2,dominance,0.0,-0.734940796944577,-0.7472259430095306,0.0,pt-soares-2012.tsv
