,norm,adjusted r,adjusted r-squared,r-squared,r,source
0,age of acquisition,0.5077164001362668,0.2577759429673298,0.25896043897177473,0.5088815569184786,pt-cameirao-2010.tsv
0,valence,0.6183581084928725,0.3823667503388832,0.38875832826981827,0.623504874295156,pt-soares-2012.tsv
1,arousal,0.4758717236229859,0.22645389734391147,0.23023926239292475,0.47983253577985385,pt-soares-2012.tsv
2,dominance,0.4531985759535597,0.20538894924633444,0.20882219618555536,0.4569706732226428,pt-soares-2012.tsv
