,norm,adjusted r,adjusted r-squared,r-squared,r,source
0,age of acquisition,0.5325330143043153,0.28359141132404014,0.2848945309625194,0.5337551226569347,pt-cameirao-2010.tsv
0,valence,0.6312315685718668,0.3984532931616993,0.40511377102182605,0.6364854837479218,pt-soares-2012.tsv
1,arousal,0.5011459618455499,0.2511472750741014,0.25534541044898806,0.505317138487295,pt-soares-2012.tsv
2,dominance,0.4222015831294327,0.17825417679699923,0.18123384346912214,0.425715683842071,pt-soares-2012.tsv
