,norm,adjusted r,adjusted r-squared,r-squared,r,source
0,age of acquisition,0.6133250665238595,0.3761676372264967,0.3778961502062853,0.6147325843049849,pt-cameirao-2010.tsv
0,valence,0.486924093068133,0.23709507241022384,0.24105831354195817,0.4909768971570436,pt-soares-2012.tsv
1,arousal,0.4768377743937644,0.22737426308879854,0.2311750128159466,0.4808066272587625,pt-soares-2012.tsv
2,dominance,0.3773898879683265,0.14242312754074604,0.1448038484534232,0.3805310085307414,pt-soares-2012.tsv
