,norm,adjusted r,adjusted r-squared,r-squared,r,source
0,age of acquisition,0.22115995910826342,0.048911727512768746,0.04913647985056435,0.22166749840823383,pt-cameirao-2010.tsv
0,valence,0.0,-1.0244936308865333,-1.0416188931530732,0.0,pt-soares-2012.tsv
1,arousal,0.0,-1.0252868805036932,-1.0424254025966753,0.0,pt-soares-2012.tsv
2,dominance,0.0,-1.2073783611647964,-1.22756069365231,0.0,pt-soares-2012.tsv
