,norm,adjusted r,adjusted r-squared,r-squared,r,source
0,age of acquisition,0.528411834006767,0.279219066318395,0.2805020947678764,0.5296244846755825,pt-cameirao-2010.tsv
0,valence,0.20087354947359373,0.04035018287812031,0.04102466971089125,0.20254547566137154,pt-soares-2012.tsv
1,arousal,0.1196066487557314,0.014305750426576905,0.014544882931249281,0.12060216802051811,pt-soares-2012.tsv
2,dominance,0.0,-0.005397390285345143,-0.005487612148522003,0.0,pt-soares-2012.tsv
