,norm,adjusted r,adjusted r-squared,r-squared,r,source
0,age of acquisition,0.3745052356188154,0.1402541715059044,0.1408986478827265,0.3753646865152961,pt-cameirao-2010.tsv
0,valence,0.24265704470645197,0.058882441345669036,0.05986671027671758,0.24467674649773644,pt-soares-2012.tsv
1,arousal,0.0,-0.4159636656562466,-0.4229168439415526,0.0,pt-soares-2012.tsv
2,dominance,0.0,-0.5225434985304694,-0.5312782472767998,0.0,pt-soares-2012.tsv
