,norm,adjusted r,adjusted r-squared,r-squared,r,source
0,age of acquisition,0.5179961291290647,0.2683199897926946,0.2695529363282153,0.5191848768292614,pt-cameirao-2010.tsv
0,valence,0.6255428545007087,0.3913038628168948,0.3978448320085243,0.6307494209339587,pt-soares-2012.tsv
1,arousal,0.46916017225654905,0.22011126723179478,0.22379060994855043,0.4730651223125104,pt-soares-2012.tsv
2,dominance,0.4247717158987668,0.18043101062758266,0.18344706488586082,0.42830720853828835,pt-soares-2012.tsv
