,norm,adjusted r,adjusted r-squared,r-squared,r,source
0,age of acquisition,0.49963127291646964,0.24963140887613175,0.2507784802552294,0.5007778751654564,pt-cameirao-2010.tsv
0,valence,0.5983748323437439,0.3580524399824036,0.36403758401357456,0.6033552718039137,pt-soares-2012.tsv
1,arousal,0.45755264331418843,0.20935442140380095,0.2128539545049461,0.46136098069185055,pt-soares-2012.tsv
2,dominance,0.41435059833609844,0.1716864183414828,0.17455629947403462,0.41779935312783173,pt-soares-2012.tsv
