,norm,adjusted r,adjusted r-squared,r-squared,r,source
0,age of acquisition,0.5662540297653833,0.3206436262255356,0.32211700302611246,0.567553524371149,pt-cameirao-2010.tsv
0,valence,0.21855233945259503,0.04776512508020233,0.04856355883277208,0.22037141110582398,pt-soares-2012.tsv
1,arousal,0.0,-0.01566236918577728,-0.015924178700190472,0.0,pt-soares-2012.tsv
2,dominance,0.0,-0.010707751400560236,-0.01088674036202486,0.0,pt-soares-2012.tsv
