,norm,adjusted r,adjusted r-squared,r-squared,r,source
0,age of acquisition,0.2010993176507753,0.04044093555960742,0.040626764097503376,0.20156081984726937,pt-cameirao-2010.tsv
0,valence,0.0,-0.4932335356702346,-0.5014783440344371,0.0,pt-soares-2012.tsv
1,arousal,0.0,-0.6555625541721093,-0.6665208269557139,0.0,pt-soares-2012.tsv
2,dominance,0.0,-0.7073093970394673,-0.7191326612967641,0.0,pt-soares-2012.tsv
