,norm,adjusted r,adjusted r-squared,r-squared,r,source
0,age of acquisition,0.36321272983593134,0.13192348711486926,0.13252968349448957,0.3640462655961321,pt-cameirao-2010.tsv
0,valence,0.0,-0.6079490941572288,-0.6181114683958452,0.0,pt-soares-2012.tsv
1,arousal,0.0,-0.6165775180305924,-0.6268841235433947,0.0,pt-soares-2012.tsv
2,dominance,0.0,-0.7546464125064217,-0.7672609543083972,0.0,pt-soares-2012.tsv
