,norm,adjusted r,adjusted r-squared,r-squared,r,source
0,age of acquisition,0.327911447217368,0.10752591721618869,0.10802000529070305,0.3286639701742542,pt-cameirao-2010.tsv
0,valence,0.0,-0.5638590389982211,-0.5732844113315246,0.0,pt-soares-2012.tsv
1,arousal,0.0,-0.8200321046424882,-0.8337396226158631,0.0,pt-soares-2012.tsv
2,dominance,0.0,-0.7388116491053244,-0.7511614996803396,0.0,pt-soares-2012.tsv
