,norm,adjusted r,adjusted r-squared,r-squared,r,source
0,age of acquisition,0.584574749771327,0.3417276380702095,0.3432978971767929,0.5859162885402597,pt-cameirao-2010.tsv
0,valence,0.5167803210587725,0.267061900233608,0.2715260617911019,0.5210816268024635,pt-soares-2012.tsv
1,arousal,0.4391029372675706,0.19281138951700805,0.1960343920949718,0.4427577126318319,pt-soares-2012.tsv
2,dominance,0.3695957555832233,0.1366010225451337,0.138884422135367,0.3726720034230731,pt-soares-2012.tsv
