,norm,adjusted r,adjusted r-squared,r-squared,r,source
0,age of acquisition,0.5496833833652418,0.3021518219478594,0.30354022779253653,0.5509448500462969,pt-cameirao-2010.tsv
0,valence,0.5384797758172085,0.2899604689641511,0.2948073991238272,0.5429616921329047,pt-soares-2012.tsv
1,arousal,0.4955035209939872,0.2455237393174387,0.24962787261969677,0.4996277340377501,pt-soares-2012.tsv
2,dominance,0.4500932162342355,0.20258390330007825,0.20597026156566461,0.4538394667342899,pt-soares-2012.tsv
