,norm,adjusted r,adjusted r-squared,r-squared,r,source
0,age of acquisition,0,-0.2384716095499977,-0.24500507830479212,0,tr-goz-2017.tsv
1,imagery,0,-0.20155829542454234,-0.20708044050466679,0,tr-goz-2017.tsv
2,concreteness,0,-0.13841875400091272,-0.1422110486310747,0,tr-goz-2017.tsv
