,norm,adjusted r,adjusted r-squared,r-squared,r,source
0,age of acquisition,0.2566446021956782,0.0658664518361779,0.06767101216045673,0.2601365260021298,tr-goz-2017.tsv
1,imagery,0.6509802124136189,0.42377523695408037,0.4353855174185757,0.6598374931894789,tr-goz-2017.tsv
2,concreteness,0.7517488674613059,0.565126359729356,0.5806092736945438,0.7619772133696282,tr-goz-2017.tsv
