,norm,adjusted r,adjusted r-squared,r-squared,r,source
0,age of acquisition,0.0,-0.037603455103146936,-0.038633686749808493,0.0,tr-goz-2017.tsv
1,imagery,0.308095399267775,0.09492277504996971,0.09752339902394147,0.3122873660972238,tr-goz-2017.tsv
2,concreteness,0.23303556577131299,0.05430557491435594,0.055793398884612266,0.23620626343222204,tr-goz-2017.tsv
