,norm,adjusted r,adjusted r-squared,r-squared,r,source
0,age of acquisition,0.21556093057250067,0.04646651478928245,0.04773956998898882,0.2184938671656228,tr-goz-2017.tsv
1,imagery,0.6103891885752691,0.3725749615295755,0.3827824947221666,0.6186941851368627,tr-goz-2017.tsv
2,concreteness,0.7363954327786655,0.5422782334172781,0.5571351713191213,0.7464148788168155,tr-goz-2017.tsv
