,norm,adjusted r,adjusted r-squared,r-squared,r,source
0,age of acquisition,0.35343319924267647,0.12491502632691344,0.12833735581532202,0.35824203524338405,tr-goz-2017.tsv
1,imagery,0.6647851026631185,0.441939232722813,0.45404715690699965,0.6738302137089132,tr-goz-2017.tsv
2,concreteness,0.7609780120908262,0.5790875348857055,0.5949529468003824,0.7713319303648607,tr-goz-2017.tsv
