,norm,adjusted r,adjusted r-squared,r-squared,r,source
0,age of acquisition,0.0,-0.14209317324925624,-0.1459861368999208,0.0,tr-goz-2017.tsv
1,imagery,0.49415576431827607,0.2441899194089796,0.2508800541873078,0.5008792810521392,tr-goz-2017.tsv
2,concreteness,0.630064066569803,0.3969807279824771,0.4078569123107641,0.6386367608513968,tr-goz-2017.tsv
