,norm,adjusted r,adjusted r-squared,r-squared,r,source
0,age of acquisition,0.0,-0.12658754645351636,-0.13005569841114695,0.0,tr-goz-2017.tsv
1,imagery,0.5425034509844044,0.2943099943299881,0.3023732818458782,0.5498847896113133,tr-goz-2017.tsv
2,concreteness,0.6755880795122298,0.4564192531790228,0.4689238902524207,0.6847801765913063,tr-goz-2017.tsv
