,norm,adjusted r,adjusted r-squared,r-squared,r,source
0,age of acquisition,0,-0.6942126413764593,-0.7132321657977322,0,tr-goz-2017.tsv
1,imagery,0,-0.6018956424916332,-0.6183859340667464,0,tr-goz-2017.tsv
2,concreteness,0,-0.5983966494067057,-0.6147910781575743,0,tr-goz-2017.tsv
