,norm,adjusted r,adjusted r-squared,r-squared,r,source
0,age of acquisition,0.0,-0.09727271179482223,-0.0999377175974201,0.0,tr-goz-2017.tsv
1,imagery,0.5580748212242763,0.311447506084508,0.3199803144703849,0.5656680249672814,tr-goz-2017.tsv
2,concreteness,0.6994093480245821,0.48917343610417097,0.5025754480522304,0.7089255588933371,tr-goz-2017.tsv
