,norm,adjusted r,adjusted r-squared,r-squared,r,source
0,age of acquisition,0.0,-0.26273410818689,-0.2699323029317363,0.0,tr-goz-2017.tsv
1,imagery,0.4263866134232255,0.1818055441065271,0.18678651791766482,0.4321880585088681,tr-goz-2017.tsv
2,concreteness,0.6611546082765645,0.43712541604533744,0.4491014548411001,0.6701503225703171,tr-goz-2017.tsv
