,norm,adjusted r,adjusted r-squared,r-squared,r,source
0,age of acquisition,0,-1.4800323738310768,-1.5205812059908321,0,tr-goz-2017.tsv
1,imagery,0,-1.3859336411445577,-1.4239044258334497,0,tr-goz-2017.tsv
2,concreteness,0,-1.3145839518861206,-1.350599950567932,0,tr-goz-2017.tsv
