,norm,adjusted r,adjusted r-squared,r-squared,r,source
0,age of acquisition,0,-1.8596076818618443,-1.910555837529292,0,tr-goz-2017.tsv
1,imagery,0,-1.414889804672708,-1.4536539089103164,0,tr-goz-2017.tsv
2,concreteness,0,-1.370690644734232,-1.408243813083115,0,tr-goz-2017.tsv
