,norm,adjusted r,adjusted r-squared,r-squared,r,source
0,age of acquisition,0,-1.8484126134302412,-1.8990540548940833,0,tr-goz-2017.tsv
1,imagery,0,-1.5973280155984524,-1.6410904269847113,0,tr-goz-2017.tsv
2,concreteness,0,-1.2163549468095418,-1.2496797398728168,0,tr-goz-2017.tsv
