,norm,adjusted r,adjusted r-squared,r-squared,r,source
0,age of acquisition,0.0,-0.439675261005463,-0.4517211585672565,0.0,tr-goz-2017.tsv
1,imagery,0.17464937863186886,0.030502405456497895,0.03133808779777181,0.1770256698836974,tr-goz-2017.tsv
2,concreteness,0.5363131288422597,0.2876317721685742,0.2955120946937406,0.5436102415276414,tr-goz-2017.tsv
