,norm,adjusted r,adjusted r-squared,r-squared,r,source
0,age of acquisition,0,-1.9078888259570421,-1.9601597526955912,0,tr-goz-2017.tsv
1,imagery,0,-1.4557844733630214,-1.4956689794825562,0,tr-goz-2017.tsv
2,concreteness,0,-1.4159846451763165,-1.4547787450441607,0,tr-goz-2017.tsv
