,norm,adjusted r,adjusted r-squared,r-squared,r,source
0,age of acquisition,0.0,-0.5041102033614798,-0.5179214418097395,0.0,tr-goz-2017.tsv
1,imagery,0.16808698293851876,0.028253233833373897,0.029027295034288247,0.1703739857909307,tr-goz-2017.tsv
2,concreteness,0.5567847628208016,0.31000927210941626,0.3185026768247427,0.564360413941962,tr-goz-2017.tsv
