,norm,adjusted r,adjusted r-squared,r-squared,r,source
0,age of acquisition,0,-2.2577378732440803,-2.319593705387754,0,tr-goz-2017.tsv
1,imagery,0,-1.516021987806304,-1.5575568367872985,0,tr-goz-2017.tsv
2,concreteness,0,-1.6221022420081799,-1.6665433993234724,0,tr-goz-2017.tsv
