,norm,adjusted r,adjusted r-squared,r-squared,r,source
0,age of acquisition,0.0,-0.4905149082583225,-0.5039536728681395,0.0,tr-goz-2017.tsv
1,imagery,0.02040527129844932,0.00041637509676331955,0.0004277826336609447,0.020682906799116624,tr-goz-2017.tsv
2,concreteness,0.5351792395399992,0.2864168184346119,0.2942638545561081,0.5424609244508843,tr-goz-2017.tsv
