,norm,adjusted r,adjusted r-squared,r-squared,r,source
0,age of acquisition,0,-0.028474229030285705,-0.029254344894129147,0,tr-goz-2017.tsv
1,imagery,0,-0.04396236632896468,-0.04516681472153905,0,tr-goz-2017.tsv
2,concreteness,0,-0.04326647225738297,-0.0444518550589551,0,tr-goz-2017.tsv
