,norm,adjusted r,adjusted r-squared,r-squared,r,source
0,age of acquisition,0.32559810169359243,0.10601412382647095,0.10891862036966193,0.33002821147541606,tr-goz-2017.tsv
1,imagery,0.6451928284394934,0.4162737858697536,0.42767854712645914,0.6539713656777788,tr-goz-2017.tsv
2,concreteness,0.7548509868113819,0.569800012290117,0.5854109715309421,0.7651215403652821,tr-goz-2017.tsv
