,norm,adjusted r,adjusted r-squared,r-squared,r,source
0,age of acquisition,0.3315866183176734,0.1099496854473504,0.11296200559659286,0.33609820826150333,tr-goz-2017.tsv
1,imagery,0.669446262783305,0.4481582987545338,0.4604366083094525,0.6785547938887857,tr-goz-2017.tsv
2,concreteness,0.768779973131926,0.591022647088725,0.607215048378827,0.7792400454152925,tr-goz-2017.tsv
