,norm,adjusted r,adjusted r-squared,r-squared,r,source
0,age of acquisition,0,-4.921853024372522,-5.056698312711495,0,tr-goz-2017.tsv
1,imagery,0,-3.6707853298718938,-3.771354790964274,0,tr-goz-2017.tsv
2,concreteness,0,-3.189949126289643,-3.277344992763332,0,tr-goz-2017.tsv
