,norm,adjusted r,adjusted r-squared,r-squared,r,source
0,age of acquisition,0.0,-0.029795093137169763,-0.030611397058736056,0.0,tr-goz-2017.tsv
1,imagery,0.0,-0.04462235627046115,-0.04584488657924091,0.0,tr-goz-2017.tsv
2,concreteness,0.13705494434335808,0.018784057768960978,0.019298689488658538,0.13891972318090234,tr-goz-2017.tsv
