,norm,adjusted r,adjusted r-squared,r-squared,r,source
0,age of acquisition,0,-3.1967479459120183,-3.284330081416457,0,tr-goz-2017.tsv
1,imagery,0,-2.5589123270496623,-2.6290195140921186,0,tr-goz-2017.tsv
2,concreteness,0,-2.346534339843919,-2.410822951894437,0,tr-goz-2017.tsv
