,norm,adjusted r,adjusted r-squared,r-squared,r,source
0,age of acquisition,0.4493853697275066,0.2019472105251278,0.20748001081348744,0.4554997374461235,tr-goz-2017.tsv
1,imagery,0.6547372926570529,0.4286809223958874,0.4404256052012542,0.663645692520681,tr-goz-2017.tsv
2,concreteness,0.7289031071635067,0.5312997396326146,0.5458558968828231,0.7388206121128613,tr-goz-2017.tsv
