,norm,adjusted r,adjusted r-squared,r-squared,r,source
0,age of acquisition,0.4288123311703933,0.18388001536378704,0.1889178240038908,0.4346467807356806,tr-goz-2017.tsv
1,imagery,0.6991991650059324,0.488879472344993,0.5022734304914311,0.7087125161103275,tr-goz-2017.tsv
2,concreteness,0.7739835361448307,0.5990505142232565,0.6154628570786882,0.7845144084583076,tr-goz-2017.tsv
