,norm,adjusted r,adjusted r-squared,r-squared,r,source
0,age of acquisition,0.2938616822363924,0.08635468828680247,0.08872057015767376,0.29785998414972387,tr-goz-2017.tsv
1,imagery,0.648887358942859,0.42105480459583866,0.4325905526669575,0.6577161642129206,tr-goz-2017.tsv
2,concreteness,0.7511551258144941,0.5642340230373885,0.5796924894219744,0.7613753932338334,tr-goz-2017.tsv
