,norm,adjusted r,adjusted r-squared,r-squared,r,source
0,age of acquisition,0,-2.477957162343905,-2.5458463996683953,0,tr-goz-2017.tsv
1,imagery,0,-2.042976812977211,-2.0989487804560385,0,tr-goz-2017.tsv
2,concreteness,0,-1.9494892257938394,-2.0028998895142185,0,tr-goz-2017.tsv
