,norm,adjusted r,adjusted r-squared,r-squared,r,source
0,age of acquisition,0.10618028903533441,0.011274253779627158,0.011583137444822422,0.10762498522565483,tr-goz-2017.tsv
1,imagery,0.0,-0.04309211957560054,-0.04427272559137041,0.0,tr-goz-2017.tsv
2,concreteness,0.0,-0.0045692857832082545,-0.004694471695076974,0.0,tr-goz-2017.tsv
