,norm,adjusted r,adjusted r-squared,r-squared,r,source
0,age of acquisition,0.24388966804789447,0.059482170180512155,0.061111818678608376,0.2472080473581076,tr-goz-2017.tsv
1,imagery,0.0,-0.010030408549350816,-0.010305214263031659,0.0,tr-goz-2017.tsv
2,concreteness,0.20798269356203658,0.04325680082132002,0.04444191865204111,0.21081252015011137,tr-goz-2017.tsv
