,norm,adjusted r,adjusted r-squared,r-squared,r,source
0,age of acquisition,0.0,-0.8944683441673045,-0.9189743261992853,0.0,tr-goz-2017.tsv
1,imagery,0.0,-0.2037589475430475,-0.2093413844620351,0.0,tr-goz-2017.tsv
2,concreteness,0.3190676382454234,0.10180415777551238,0.10459331278306067,0.323408894100117,tr-goz-2017.tsv
