,norm,adjusted r,adjusted r-squared,r-squared,r,source
0,age of acquisition,0.32486681276446483,0.10553844603574183,0.10842991031069366,0.32928697257968415,tr-goz-2017.tsv
1,imagery,0.6646536856393926,0.44176452183402853,0.4538676594185224,0.6736970086162788,tr-goz-2017.tsv
2,concreteness,0.7696024034580708,0.5922878594084393,0.6085149240497664,0.7800736657840504,tr-goz-2017.tsv
