,norm,adjusted r,adjusted r-squared,r-squared,r,source
0,age of acquisition,0.0,-0.7856354524509084,-0.8071597114221661,0.0,tr-goz-2017.tsv
1,imagery,0.0,-0.23276674740105008,-0.23914391856272266,0.0,tr-goz-2017.tsv
2,concreteness,0.39473907142274767,0.1558189345076931,0.16008794641201346,0.40010991791258244,tr-goz-2017.tsv
