,norm,adjusted r,adjusted r-squared,r-squared,r,source
0,age of acquisition,0.5867053622575098,0.3442231821017158,0.3450154103689234,0.5873801242542375,fa-bakhtiar-2015.tsv
1,familiarity,0.4582278353925209,0.2099727491285152,0.21045600056494446,0.4587548371025034,fa-bakhtiar-2015.tsv
2,imageability,0.6495097924595913,0.4218629705009014,0.4228338864284063,0.6502567849922108,fa-bakhtiar-2015.tsv
