,norm,adjusted r,adjusted r-squared,r-squared,r,source
0,age of acquisition,0.4233074826742386,0.17918922488800082,0.1796016281673748,0.42379432295321606,fa-bakhtiar-2015.tsv
1,familiarity,0.3984920862608858,0.15879594281255321,0.1591614110353669,0.3989503866840674,fa-bakhtiar-2015.tsv
2,imageability,0.5516109163435484,0.3042746030293692,0.30497488980273946,0.5522453166870132,fa-bakhtiar-2015.tsv
