,norm,adjusted r,adjusted r-squared,r-squared,r,source
0,age of acquisition,0.3949726527229064,0.15600339639896962,0.15636243758745977,0.3954269054926078,fa-bakhtiar-2015.tsv
1,familiarity,0.2317570941077233,0.053711350669256114,0.053834967126492606,0.23202363484458347,fa-bakhtiar-2015.tsv
2,imageability,0.35315979212989135,0.12472183877722806,0.12500888558684192,0.35356595648738853,fa-bakhtiar-2015.tsv
