,norm,adjusted r,adjusted r-squared,r-squared,r,source
0,age of acquisition,0.4661003614930522,0.21724954698395393,0.21774954594133933,0.4666364172900989,fa-bakhtiar-2015.tsv
1,familiarity,0.3935604682344774,0.1548898421569411,0.15524632050482817,0.3940130968696703,fa-bakhtiar-2015.tsv
2,imageability,0.5978442025247236,0.35741769049242267,0.3582402858675491,0.5985317751527892,fa-bakhtiar-2015.tsv
