,norm,adjusted r,adjusted r-squared,r-squared,r,source
0,age of acquisition,0.6372535450269742,0.40609208064944574,0.40702669993747664,0.6379864418132071,fa-bakhtiar-2015.tsv
1,familiarity,0.5152728054585073,0.2655060640450807,0.26611712518212344,0.5158654138262454,fa-bakhtiar-2015.tsv
2,imageability,0.6713411342996363,0.45069891860272226,0.45173620034864337,0.6721132347667641,fa-bakhtiar-2015.tsv
