,norm,adjusted r,adjusted r-squared,r-squared,r,source
0,age of acquisition,0.44490464758952747,0.19794014544676164,0.19839570389428007,0.4454163264792615,fa-bakhtiar-2015.tsv
1,familiarity,0.2092530277984862,0.043786829642834035,0.0438876048549004,0.20949368690941594,fa-bakhtiar-2015.tsv
2,imageability,0.46831794494957957,0.21932169756179745,0.21982646556539193,0.46885655115972513,fa-bakhtiar-2015.tsv
