,norm,adjusted r,adjusted r-squared,r-squared,r,source
0,age of acquisition,0.6150850606361085,0.3783296318177253,0.3792003559415865,0.6157924617446908,fa-bakhtiar-2015.tsv
1,familiarity,0.5047239807670904,0.25474629676137817,0.2553325943373537,0.5053044570725195,fa-bakhtiar-2015.tsv
2,imageability,0.6921510903500981,0.47907313187282974,0.4801757167563115,0.6929471240695869,fa-bakhtiar-2015.tsv
