,norm,adjusted r,adjusted r-squared,r-squared,r,source
0,age of acquisition,0.49939284025699243,0.24939320889994598,0.24996718636576865,0.4999671852889634,fa-bakhtiar-2015.tsv
1,familiarity,0.43912411134471596,0.1928299851642865,0.1932737825984966,0.4396291421169627,fa-bakhtiar-2015.tsv
2,imageability,0.6329329830895069,0.40060416108258196,0.40152614994583297,0.633660910855193,fa-bakhtiar-2015.tsv
