,norm,adjusted r,adjusted r-squared,r-squared,r,source
0,age of acquisition,0.4987953069911362,0.2487967582763818,0.2493693630134966,0.4993689648080832,fa-bakhtiar-2015.tsv
1,familiarity,0.3588747838851638,0.12879111050862305,0.12908752273073726,0.3592875209783068,fa-bakhtiar-2015.tsv
2,imageability,0.601020022936117,0.3612250679701306,0.36205642600918725,0.601711248032798,fa-bakhtiar-2015.tsv
