,norm,adjusted r,adjusted r-squared,r-squared,r,source
0,age of acquisition,0,-0.1144713904046295,-0.11473484584859872,0,fa-bakhtiar-2015.tsv
1,familiarity,0,-0.26877049159734856,-0.269389065801255,0,fa-bakhtiar-2015.tsv
2,imageability,0,-0.19873801311520373,-0.19919540785194756,0,fa-bakhtiar-2015.tsv
