,norm,adjusted r,adjusted r-squared,r-squared,r,source
0,age of acquisition,0.3970837516641833,0.15767550583570278,0.15803839537732695,0.39754043238056547,fa-bakhtiar-2015.tsv
1,familiarity,0.3307231179846802,0.10937778076950869,0.10962951329141779,0.33110347822307423,fa-bakhtiar-2015.tsv
2,imageability,0.5707155696547426,0.3257162614463373,0.3264658961101954,0.5713719420046764,fa-bakhtiar-2015.tsv
