,norm,adjusted r,adjusted r-squared,r-squared,r,source
0,age of acquisition,0,-0.07200833760166364,-0.0721740645006318,0,fa-bakhtiar-2015.tsv
1,familiarity,0,-0.27202816471442975,-0.2726542364398945,0,fa-bakhtiar-2015.tsv
2,imageability,0,-0.05471692123619035,-0.05484285201003658,0,fa-bakhtiar-2015.tsv
