,norm,adjusted r,adjusted r-squared,r-squared,r,source
0,age of acquisition,0,-0.19144390823785776,-0.19188451562160425,0,fa-bakhtiar-2015.tsv
1,familiarity,0,-0.27236570370327146,-0.2729925522733595,0,fa-bakhtiar-2015.tsv
2,imageability,0,-0.19459841477398018,-0.19504628224181442,0,fa-bakhtiar-2015.tsv
