,norm,adjusted r,adjusted r-squared,r-squared,r,source
0,age of acquisition,0.39006500508330316,0.1521507081906373,0.15250088243273313,0.39051361363303727,fa-bakhtiar-2015.tsv
1,familiarity,0.3619033153314931,0.13097400964792613,0.13127544580361755,0.36231953549818086,fa-bakhtiar-2015.tsv
2,imageability,0.5423691075548397,0.2941642488298332,0.29484126666373384,0.5429928790175188,fa-bakhtiar-2015.tsv
