,norm,adjusted r,adjusted r-squared,r-squared,r,source
0,age of acquisition,0,-0.14059846850889618,-0.14092205531789248,0,fa-bakhtiar-2015.tsv
1,familiarity,0,-0.2566237506712666,-0.2572143691998541,0,fa-bakhtiar-2015.tsv
2,imageability,0,-0.04059915194405495,-0.04069259072873632,0,fa-bakhtiar-2015.tsv
