,norm,adjusted r,adjusted r-squared,r-squared,r,source
0,age of acquisition,0,-0.6450029281185949,-0.6464873997598345,0,fa-bakhtiar-2015.tsv
1,familiarity,0,-0.9187226800125979,-0.9208371165603829,0,fa-bakhtiar-2015.tsv
2,imageability,0,-0.6111272867482096,-0.6125337937372733,0,fa-bakhtiar-2015.tsv
