,norm,adjusted r,adjusted r-squared,r-squared,r,source
0,age of acquisition,0,-0.3768875311293024,-0.3777549362642375,0,fa-bakhtiar-2015.tsv
1,familiarity,0,-0.6222495593994525,-0.6236816642542268,0,fa-bakhtiar-2015.tsv
2,imageability,0,-0.40953435856218307,-0.410476900238966,0,fa-bakhtiar-2015.tsv
