,norm,adjusted r,adjusted r-squared,r-squared,r,source
0,age of acquisition,0.0,-0.020777131948287883,-0.020824950433784517,0.0,fa-bakhtiar-2015.tsv
1,familiarity,0.0,-0.10646651578842599,-0.1067115480457066,0.0,fa-bakhtiar-2015.tsv
2,imageability,0.4703762136843969,0.2212537824000694,0.22176299708913744,0.4709171870819087,fa-bakhtiar-2015.tsv
