,norm,adjusted r,adjusted r-squared,r-squared,r,source
0,age of acquisition,0.0,-0.02686284091130445,-0.02692466563146856,0.0,fa-bakhtiar-2015.tsv
1,familiarity,0.0,-0.06005486889964158,-0.060193084938536034,0.0,fa-bakhtiar-2015.tsv
2,imageability,0.3440043685102756,0.11833900555415351,0.11861136229881208,0.3444000033374159,fa-bakhtiar-2015.tsv
