,norm,adjusted r,adjusted r-squared,r-squared,r,source
0,age of acquisition,0.0,-0.0036386115384334245,-0.0036469857882341916,0.0,fa-bakhtiar-2015.tsv
1,familiarity,0.0,-0.10249087589130519,-0.10272675822937494,0.0,fa-bakhtiar-2015.tsv
2,imageability,0.41073061670842287,0.16869963950168138,0.1690879010425368,0.4112029925019233,fa-bakhtiar-2015.tsv
