,norm,adjusted r,adjusted r-squared,r-squared,r,source
0,age of acquisition,0.343681518049717,0.11811698584895798,0.11838883161615926,0.344076781570857,fa-bakhtiar-2015.tsv
1,familiarity,0.1397651116020353,0.019534286421129386,0.019579244502650972,0.13992585358914547,fa-bakhtiar-2015.tsv
2,imageability,0.3684495433690728,0.13575506600887827,0.13606750574652815,0.3688732922651464,fa-bakhtiar-2015.tsv
