,norm,adjusted r,adjusted r-squared,r-squared,r,source
0,age of acquisition,0.5097310216728745,0.25982571445567254,0.2604237022910135,0.5103172565091382,fa-bakhtiar-2015.tsv
1,familiarity,0.43487346777493147,0.18911493297459434,0.18955018023115267,0.4353736099388118,fa-bakhtiar-2015.tsv
2,imageability,0.61596829077506,0.3794169352403489,0.3802901617886581,0.6166767076748222,fa-bakhtiar-2015.tsv
