,norm,adjusted r,adjusted r-squared,r-squared,r,source
0,age of acquisition,0.510330452737128,0.260437170990882,0.2610365660909761,0.5109173769710481,fa-bakhtiar-2015.tsv
1,familiarity,0.43577899871049436,0.18990333571712104,0.1903403974794159,0.4362801823134027,fa-bakhtiar-2015.tsv
2,imageability,0.6266847169938509,0.3927337345136629,0.3936376096218646,0.6274054587121988,fa-bakhtiar-2015.tsv
