,norm,adjusted r,adjusted r-squared,r-squared,r,source
0,age of acquisition,0,-0.5458819425532533,-0.5471382876454357,0,fa-bakhtiar-2015.tsv
1,familiarity,0,-0.608833056701984,-0.6102342835298366,0,fa-bakhtiar-2015.tsv
2,imageability,0,-0.2239457778857933,-0.2244611881916294,0,fa-bakhtiar-2015.tsv
