,norm,adjusted r,adjusted r-squared,r-squared,r,source
0,age of acquisition,0,-2.500163093125079,-2.5059172084142043,0,fa-bakhtiar-2015.tsv
1,familiarity,0,-3.4710686409256413,-3.4790572914225932,0,fa-bakhtiar-2015.tsv
2,imageability,0,-2.727919388985928,-2.7341976844726616,0,fa-bakhtiar-2015.tsv
