,norm,adjusted r,adjusted r-squared,r-squared,r,source
0,age of acquisition,0.5894796513273636,0.3474862593290301,0.34828599755533396,0.5901576039968763,fa-bakhtiar-2015.tsv
1,familiarity,0.5094111162963512,0.25949968540629464,0.26009692288709163,0.5099969832137163,fa-bakhtiar-2015.tsv
2,imageability,0.6410974825772606,0.41100598216690104,0.41195191077948307,0.641834800224702,fa-bakhtiar-2015.tsv
