,norm,adjusted r,adjusted r-squared,r-squared,r,source
0,age of acquisition,0.4817421734037277,0.23207552163574727,0.2326096425140804,0.4822962186396244,fa-bakhtiar-2015.tsv
1,familiarity,0.437570687929016,0.19146810693467228,0.19190877001162204,0.43807393212975143,fa-bakhtiar-2015.tsv
2,imageability,0.626083539652724,0.391980598624084,0.39288274039306925,0.6268035899650458,fa-bakhtiar-2015.tsv
