,norm,adjusted r,adjusted r-squared,r-squared,r,source
0,age of acquisition,0,-1.8500969879621654,-1.8543549787284763,0,fa-bakhtiar-2015.tsv
1,familiarity,0,-3.187231718984857,-3.194567119949149,0,fa-bakhtiar-2015.tsv
2,imageability,0,-2.3562502067243063,-2.3616731070850063,0,fa-bakhtiar-2015.tsv
