,norm,adjusted r,adjusted r-squared,r-squared,r,source
0,familiarity,0,-1.1697368132535275,-1.1866895206919843,0,fi-eilola-2010.tsv
1,valence,0,-1.2842116572466573,-1.3028234203951596,0,fi-eilola-2010.tsv
2,emotional charge,0,-1.1977408285235636,-1.215099391255789,0,fi-eilola-2010.tsv
3,offensiveness,0,-1.5394039583136392,-1.5617141606080396,0,fi-eilola-2010.tsv
4,concreteness,0,-0.617059434790104,-0.6260023251493809,0,fi-eilola-2010.tsv
0,arousal,0,-0.2977092495913195,-0.3020238763969908,0,fi-soderholm-2013.tsv
1,valence,0,-0.21863390696875384,-0.22180251431612708,0,fi-soderholm-2013.tsv
