,norm,adjusted r,adjusted r-squared,r-squared,r,source
0,familiarity,0.0,-0.5695225986951091,-0.5777765494008353,0.0,fi-eilola-2010.tsv
1,valence,0.0,-0.16876351045607058,-0.17120935843369478,0.0,fi-eilola-2010.tsv
2,emotional charge,0.37445765818677,0.14021853777471988,0.14225069049609262,0.37716135869955264,fi-eilola-2010.tsv
3,offensiveness,0.0,-0.06654897826250201,-0.06751345620833538,0.0,fi-eilola-2010.tsv
4,concreteness,0.3835487310186631,0.1471096290660268,0.14924165267567935,0.3863180718988944,fi-eilola-2010.tsv
0,arousal,0.4892995838977297,0.2394140828024914,0.24288385211846952,0.49283247875771086,fi-soderholm-2013.tsv
1,valence,0.6009249647102438,0.3611108132120077,0.36634430325855855,0.6052638294649355,fi-soderholm-2013.tsv
