,norm,adjusted r,adjusted r-squared,r-squared,r,source
0,familiarity,0,-1.192971778130742,-1.2102612241906079,0,fi-eilola-2010.tsv
1,valence,0,-1.1025846184351749,-1.118564105658873,0,fi-eilola-2010.tsv
2,emotional charge,0,-1.2657409281806533,-1.2840849996035613,0,fi-eilola-2010.tsv
3,offensiveness,0,-1.2054799272352914,-1.2229506508184116,0,fi-eilola-2010.tsv
4,concreteness,0,-0.7258439917994985,-0.7363634699415202,0,fi-eilola-2010.tsv
0,arousal,0,-0.23769534715148985,-0.24114020725513463,0,fi-soderholm-2013.tsv
1,valence,0,-0.21041744961288159,-0.21346697786814073,0,fi-soderholm-2013.tsv
