,norm,adjusted r,adjusted r-squared,r-squared,r,source
0,familiarity,0,-1.177020942495209,-1.194079217024125,0,fi-eilola-2010.tsv
1,valence,0,-1.163500108214766,-1.1803624286236756,0,fi-eilola-2010.tsv
2,emotional charge,0,-1.2341978634733648,-1.2520847890309497,0,fi-eilola-2010.tsv
3,offensiveness,0,-0.5992787994179931,-0.6079639994095583,0,fi-eilola-2010.tsv
4,concreteness,0,-0.7025307524136535,-0.7127123575210977,0,fi-eilola-2010.tsv
0,arousal,0,-0.13445600950383282,-0.13640464732272894,0,fi-soderholm-2013.tsv
1,valence,0,-0.13645192379807225,-0.13842948791108778,0,fi-soderholm-2013.tsv
