,norm,adjusted r,adjusted r-squared,r-squared,r,source
0,familiarity,0.0,-0.4499932673271312,-0.4565149088825968,0.0,fi-eilola-2010.tsv
1,valence,0.0,-0.14116418219101387,-0.1432100399039271,0.0,fi-eilola-2010.tsv
2,emotional charge,0.5744276299647924,0.32996710206696844,0.33474923398098244,0.5785751757386264,fi-eilola-2010.tsv
3,offensiveness,0.0,-0.05755297525105103,-0.05838707634164597,0.0,fi-eilola-2010.tsv
4,concreteness,0.2226416394625412,0.04956929962256819,0.05028769526927207,0.22424918120089551,fi-eilola-2010.tsv
0,arousal,0.5602626216056363,0.3138942051684204,0.3184433965476729,0.5643078916227141,fi-soderholm-2013.tsv
1,valence,0.6422413928407052,0.412474006677969,0.41845189083272216,0.6468785750299063,fi-soderholm-2013.tsv
