,norm,adjusted r,adjusted r-squared,r-squared,r,source
0,familiarity,0.0,-1.3702484033106366,-1.3901070758223848,0.0,fi-eilola-2010.tsv
1,valence,0.0,-0.5494375950674051,-0.5574004587640341,0.0,fi-eilola-2010.tsv
2,emotional charge,0.40566700492110436,0.16456571888165933,0.16695072930023408,0.40859604660377474,fi-eilola-2010.tsv
3,offensiveness,0.0,-0.5322892932456625,-0.540003630828933,0.0,fi-eilola-2010.tsv
4,concreteness,0.0,-0.07896894989252633,-0.08011342742720062,0.0,fi-eilola-2010.tsv
0,arousal,0.0,-0.002705679287895597,-0.0027448920311984315,0.0,fi-soderholm-2013.tsv
1,valence,0.37341005829139345,0.13943507163318186,0.14145586977279317,0.3761061948077872,fi-soderholm-2013.tsv
