,norm,adjusted r,adjusted r-squared,r-squared,r,source
0,familiarity,0.0,-0.5662604290399376,-0.5744671019245743,0.0,fi-eilola-2010.tsv
1,valence,0.35324468612505955,0.12478180827559185,0.12659024027958593,0.35579522239567235,fi-eilola-2010.tsv
2,emotional charge,0.3960746634762507,0.15687513904782524,0.1591486917876488,0.3989344454765078,fi-eilola-2010.tsv
3,offensiveness,0.4955494793340096,0.24556928646820803,0.24912826163441393,0.499127500378825,fi-eilola-2010.tsv
4,concreteness,0.6545390321365842,0.4284213445902964,0.43463034958435864,0.6592650070983281,fi-eilola-2010.tsv
0,arousal,0.0,-0.015460903892117432,-0.015684974963017684,0.0,fi-soderholm-2013.tsv
1,valence,0.5572032770148285,0.3104754919160637,0.31497513672644145,0.5612264576144299,fi-soderholm-2013.tsv
