,norm,adjusted r,adjusted r-squared,r-squared,r,source
0,familiarity,0.0,-0.9249418691023228,-0.9383468237269941,0.0,fi-eilola-2010.tsv
1,valence,0.304147404120863,0.09250564343345954,0.09384630493249518,0.30634344277704917,fi-eilola-2010.tsv
2,emotional charge,0.5693040505387411,0.3241071019598175,0.32880430633604674,0.5734146024789103,fi-eilola-2010.tsv
3,offensiveness,0.6049112833377256,0.3659176607092941,0.3712208152123273,0.609278930550144,fi-eilola-2010.tsv
4,concreteness,0.5590236196847282,0.3125074073654157,0.31703650022578406,0.5630599437233873,fi-eilola-2010.tsv
0,arousal,0.269168378935679,0.07245161621886129,0.07350163964232304,0.27111185817356465,fi-soderholm-2013.tsv
1,valence,0.530808324536534,0.2817574773972824,0.2858409190986923,0.534640925387023,fi-soderholm-2013.tsv
