,norm,adjusted r,adjusted r-squared,r-squared,r,source
0,familiarity,0,-5.008205546326538,-5.080788235403734,0,fi-eilola-2010.tsv
1,valence,0,-4.364289894077551,-4.427540472252588,0,fi-eilola-2010.tsv
2,emotional charge,0,-2.620060445940778,-2.658032336461659,0,fi-eilola-2010.tsv
3,offensiveness,0,-6.208608393555833,-6.298588225346497,0,fi-eilola-2010.tsv
4,concreteness,0,-3.7916720357550013,-3.8466238043891314,0,fi-eilola-2010.tsv
0,arousal,0,-1.2686283269549328,-1.2870142447368882,0,fi-soderholm-2013.tsv
1,valence,0,-1.3857527235537905,-1.4058360963589178,0,fi-soderholm-2013.tsv
