,norm,adjusted r,adjusted r-squared,r-squared,r,source
0,familiarity,0,-2.713293768118546,-2.7526168662072203,0,fi-eilola-2010.tsv
1,valence,0,-4.054510539677,-4.113271561991159,0,fi-eilola-2010.tsv
2,emotional charge,0,-1.7052593942672065,-1.7299732985319485,0,fi-eilola-2010.tsv
3,offensiveness,0,-2.7946798729508426,-2.8351824798052023,0,fi-eilola-2010.tsv
4,concreteness,0,-2.133837410961018,-2.164762590830018,0,fi-eilola-2010.tsv
0,arousal,0,-3.860162760361134,-3.9161071481924545,0,fi-soderholm-2013.tsv
1,valence,0,-4.036141464489136,-4.094636268322311,0,fi-soderholm-2013.tsv
