,norm,adjusted r,adjusted r-squared,r-squared,r,source
0,familiarity,0.0,-0.8004094451677024,-0.8120095820541908,0.0,fi-eilola-2010.tsv
1,valence,0.5520776882556113,0.30478977386965994,0.3092070169692202,0.5560638605135387,fi-eilola-2010.tsv
2,emotional charge,0.536684509686428,0.28803026293736167,0.292204614574135,0.5405595384174947,fi-eilola-2010.tsv
3,offensiveness,0.7575228173341686,0.5738408187818962,0.5821573523874309,0.7629923671881855,fi-eilola-2010.tsv
4,concreteness,0.7661605768594266,0.5870020295335694,0.595509305323911,0.7716924940181231,fi-eilola-2010.tsv
0,arousal,0.0,-0.2908283072589973,-0.2950432102627508,0.0,fi-soderholm-2013.tsv
1,valence,0.49447197947500465,0.2445025384859294,0.2480460535364501,0.4980422206364136,fi-soderholm-2013.tsv
