,norm,adjusted r,adjusted r-squared,r-squared,r,source
0,familiarity,0.0,-0.12478990407152665,-0.1265984534058966,0.0,fi-eilola-2010.tsv
1,valence,0.4228667096414451,0.17881625412298227,0.1814077940378081,0.42591993853048027,fi-eilola-2010.tsv
2,emotional charge,0.5940000441536533,0.352836052454542,0.35794961843214407,0.5982889088326342,fi-eilola-2010.tsv
3,offensiveness,0.7795524106065991,0.6077019608825596,0.6165092356779589,0.7851810209613824,fi-eilola-2010.tsv
4,concreteness,0.6100590708226344,0.3721720698929761,0.377565868007367,0.6144638866584162,fi-eilola-2010.tsv
0,arousal,0.0,-0.06410224823013486,-0.06503126632042666,0.0,fi-soderholm-2013.tsv
1,valence,0.3766576262903889,0.14187096744271027,0.14392706842014086,0.3793772112556853,fi-soderholm-2013.tsv
