,norm,adjusted r,adjusted r-squared,r-squared,r,source
0,familiarity,0,-2.2358537504876126,-2.2682574280309113,0,fi-eilola-2010.tsv
1,valence,0,-3.4363933354106337,-3.4861961373731063,0,fi-eilola-2010.tsv
2,emotional charge,0,-1.9593037802680249,-1.987699487228431,0,fi-eilola-2010.tsv
3,offensiveness,0,-2.5913581847079845,-2.62891410042839,0,fi-eilola-2010.tsv
4,concreteness,0,-2.043417380577419,-2.0730321252234685,0,fi-eilola-2010.tsv
0,arousal,0,-4.378448502586364,-4.441904277986167,0,fi-soderholm-2013.tsv
1,valence,0,-5.201497522359746,-5.276881544422931,0,fi-soderholm-2013.tsv
