,norm,adjusted r,adjusted r-squared,r-squared,r,source
0,familiarity,0.0,-0.049427706007095694,-0.050144049572415916,0.0,fi-eilola-2010.tsv
1,valence,0.4564319768702396,0.20833014950967496,0.21134942703880066,0.45972755740634114,fi-eilola-2010.tsv
2,emotional charge,0.6577738793381066,0.43266647633950206,0.43893700498210353,0.6625232109006473,fi-eilola-2010.tsv
3,offensiveness,0.23409411371915478,0.054800054077956566,0.05559425776024579,0.23578434587615393,fi-eilola-2010.tsv
4,concreteness,0.6067614393839811,0.3681594443233206,0.3734950884439484,0.6111424452972878,fi-eilola-2010.tsv
0,arousal,0.5221591647456777,0.2726501933279038,0.2766016454051198,0.5259293159780312,fi-soderholm-2013.tsv
1,valence,0.5912925105763615,0.3496268330636966,0.35469388861534434,0.5955618260225753,fi-soderholm-2013.tsv
