,norm,adjusted r,adjusted r-squared,r-squared,r,source
0,familiarity,0.0,-0.11355023747605283,-0.1151958930916478,0.0,fi-eilola-2010.tsv
1,valence,0.5392484483014959,0.29078888899557104,0.2950032207201445,0.5431419894651347,fi-eilola-2010.tsv
2,emotional charge,0.7093260186040324,0.5031434006686482,0.5104353340116721,0.714447572612345,fi-eilola-2010.tsv
3,offensiveness,0.690806659300261,0.4772138405335869,0.48412998315001565,0.6957944977865345,fi-eilola-2010.tsv
4,concreteness,0.6784838353143156,0.4603403147828233,0.4670119135477917,0.6833826991867673,fi-eilola-2010.tsv
0,arousal,0.5621996628040926,0.31606846085703544,0.3206491631882968,0.566258918859824,fi-soderholm-2013.tsv
1,valence,0.6709120909115001,0.45012303373124085,0.4566465559592298,0.675756284439316,fi-soderholm-2013.tsv
