,norm,adjusted r,adjusted r-squared,r-squared,r,source
0,familiarity,0.0,-0.1645682134953339,-0.16695326006773004,0.0,fi-eilola-2010.tsv
1,valence,0.5206449386179104,0.2710711521084476,0.27499971953030916,0.52440415666765,fi-eilola-2010.tsv
2,emotional charge,0.6853361110060041,0.46968558504883395,0.47649262251330976,0.6902844504356952,fi-eilola-2010.tsv
3,offensiveness,0.6139367728354507,0.3769183610396078,0.3823809459822108,0.61836958688329,fi-eilola-2010.tsv
4,concreteness,0.7474246312484156,0.5586435793968301,0.5667398631562044,0.7528212690647126,fi-eilola-2010.tsv
0,arousal,0.5727657814705654,0.3280606404235875,0.33281514245871197,0.5769013281824822,fi-soderholm-2013.tsv
1,valence,0.6667355887327749,0.44453634528284003,0.45097890101157684,0.6715496266185969,fi-soderholm-2013.tsv
