,norm,adjusted r,adjusted r-squared,r-squared,r,source
0,familiarity,0.0,-0.10164386320750814,-0.10311696267428361,0.0,fi-eilola-2010.tsv
1,valence,0.4998386410138823,0.24983866705060473,0.25345951729771493,0.5034476311372563,fi-eilola-2010.tsv
2,emotional charge,0.6528315661805835,0.42618905380179356,0.4323657067554427,0.6575452127081778,fi-eilola-2010.tsv
3,offensiveness,0.6157129388259799,0.37910242303772484,0.3845966610527643,0.6201585773435406,fi-eilola-2010.tsv
4,concreteness,0.7325332589752055,0.5366049755048354,0.544381859207804,0.7378223764618447,fi-eilola-2010.tsv
0,arousal,0.5721559258668901,0.3273624035045982,0.3321067861640851,0.576287069232067,fi-soderholm-2013.tsv
1,valence,0.6598389629414401,0.4353874570156351,0.44169742016078917,0.6646032050485381,fi-soderholm-2013.tsv
