,norm,adjusted r,adjusted r-squared,r-squared,r,source
0,familiarity,0.0,-0.009937109686973556,-0.010081125769393462,0.0,fi-eilola-2010.tsv
1,valence,0.39489448030598834,0.1559416505761366,0.15820167449752986,0.3977457410174619,fi-eilola-2010.tsv
2,emotional charge,0.7133328944055226,0.5088438182409605,0.5162183663314092,0.7184833793007387,fi-eilola-2010.tsv
3,offensiveness,0.3553307412109235,0.12625993564950427,0.12808978978935215,0.35789633944670646,fi-eilola-2010.tsv
4,concreteness,0.6747510887433855,0.4552890317603841,0.4618874235250273,0.6796230010270601,fi-eilola-2010.tsv
0,arousal,0.5086969634411591,0.25877260061425594,0.2625229281593901,0.5123699134018216,fi-soderholm-2013.tsv
1,valence,0.5931969612608482,0.35188263484910426,0.35698238318025066,0.5974800274320897,fi-soderholm-2013.tsv
