,norm,adjusted r,adjusted r-squared,r-squared,r,source
0,familiarity,0.0,-0.08754341918806947,-0.08881216439369366,0.0,fi-eilola-2010.tsv
1,valence,0.6113561501749143,0.3737563423566923,0.37917310094157186,0.615770331326195,fi-eilola-2010.tsv
2,emotional charge,0.782523920136045,0.6123436855850833,0.6212182317529831,0.7881739857119004,fi-eilola-2010.tsv
3,offensiveness,0.8070502281516067,0.6513300707595604,0.6607696370024525,0.8128773812835811,fi-eilola-2010.tsv
4,concreteness,0.7163920224347667,0.5132175298081754,0.5206554650227866,0.7215645951838177,fi-eilola-2010.tsv
0,arousal,0.0,-0.09763963619892944,-0.09905470339021827,0.0,fi-soderholm-2013.tsv
1,valence,0.33730695360738966,0.11377598095189771,0.11542490821207013,0.3397424145026201,fi-soderholm-2013.tsv
