,norm,adjusted r,adjusted r-squared,r-squared,r,source
0,familiarity,0.0,-0.2374059685268121,-0.24084663473734558,0.0,fi-eilola-2010.tsv
1,valence,0.5454705209658723,0.2975380892427802,0.30185023546369005,0.5494089874252969,fi-eilola-2010.tsv
2,emotional charge,0.7011535669381238,0.4916163244300541,0.49874119869715633,0.7062161133089193,fi-eilola-2010.tsv
3,offensiveness,0.6524366464923038,0.42567357768612346,0.43184275997142957,0.6571474415771772,fi-eilola-2010.tsv
4,concreteness,0.7443395959593722,0.5540414341129614,0.5620710201145984,0.7497139588633778,fi-eilola-2010.tsv
0,arousal,0.5696895998783569,0.3245462402095623,0.32924980890825156,0.5738029356044212,fi-soderholm-2013.tsv
1,valence,0.6395997662151088,0.40908786094242183,0.4150166705212975,0.6442178750401897,fi-soderholm-2013.tsv
