,norm,adjusted r,adjusted r-squared,r-squared,r,source
0,valence,0.6361390519050751,0.40467289335868795,0.4279365586262917,0.654168601070314,id-sianipar-2016.tsv
1,arousal,0.47284817278762975,0.22358539450860015,0.23643877772733446,0.4862497071745488,id-sianipar-2016.tsv
2,dominance,0.505104594274695,0.25513065115740424,0.26979749483643173,0.5194203450351476,id-sianipar-2016.tsv
3,predicability,0.3193132858968477,0.10196097455024199,0.10782246421565689,0.32836331131181035,id-sianipar-2016.tsv
4,concreteness,0.7378330939041835,0.5443976744602197,0.5756937792375638,0.7587448709794115,id-sianipar-2016.tsv
