,norm,adjusted r,adjusted r-squared,r-squared,r,source
0,valence,0.6604017971601761,0.43613053369239035,0.4612026225703773,0.6791190047188912,id-sianipar-2016.tsv
1,arousal,0.5173376785806474,0.2676382736792132,0.2830241503066201,0.5320001412656016,id-sianipar-2016.tsv
2,dominance,0.5269034958934392,0.27762729398472746,0.29358741521450954,0.541837074418602,id-sianipar-2016.tsv
3,predicability,0.3779296013441018,0.1428307835721117,0.1510417796468747,0.38864093923167015,id-sianipar-2016.tsv
4,concreteness,0.774200673759432,0.5993866832495585,0.6338439730602144,0.7961431862800902,id-sianipar-2016.tsv
