,norm,adjusted r,adjusted r-squared,r-squared,r,source
0,valence,0.6532259887281833,0.4267041923499126,0.45123438367733837,0.6717398184396532,id-sianipar-2016.tsv
1,arousal,0.49222922142766656,0.2422896064272868,0.2562182495221131,0.5061800564247007,id-sianipar-2016.tsv
2,dominance,0.4675887337104561,0.21863922389294785,0.23120826373349346,0.4808412042800549,id-sianipar-2016.tsv
3,predicability,0.3443297426140906,0.11856297164868587,0.12537886994786512,0.3540887882267174,id-sianipar-2016.tsv
4,concreteness,0.7540069935825376,0.568526546371377,0.601209761599256,0.7753771737672293,id-sianipar-2016.tsv
