,norm,adjusted r,adjusted r-squared,r-squared,r,source
0,valence,0.6429999009714742,0.41344887264932556,0.43721704772710795,0.6612239013580105,id-sianipar-2016.tsv
1,arousal,0.49267727339688383,0.24273089572178783,0.256684907470166,0.5066408071505552,id-sianipar-2016.tsv
2,dominance,0.4714446698137942,0.22226007669583744,0.23503727060099205,0.4848064259072811,id-sianipar-2016.tsv
3,predicability,0.2882343639216594,0.0830790485453236,0.08785506198192489,0.29640354583224016,id-sianipar-2016.tsv
4,concreteness,0.7481100889970954,0.5596687052592421,0.591842704638943,0.7693131382206747,id-sianipar-2016.tsv
