,norm,adjusted r,adjusted r-squared,r-squared,r,source
0,valence,0.6093667938964289,0.37132788950361284,0.39267463119970414,0.6266375596784031,id-sianipar-2016.tsv
1,arousal,0.4694425475264958,0.22037630542816625,0.23304520588216304,0.4827475591674836,id-sianipar-2016.tsv
2,dominance,0.44744300692014877,0.2002052444417443,0.21171455941674877,0.460124504255912,id-sianipar-2016.tsv
3,predicability,0.3025521635532177,0.09153781167073298,0.09680009892788655,0.31112714270517533,id-sianipar-2016.tsv
4,concreteness,0.7180786992515836,0.5156370183188462,0.5452797425799013,0.7384305942875751,id-sianipar-2016.tsv
