,norm,adjusted r,adjusted r-squared,r-squared,r,source
0,valence,0.6619407646679131,0.4381655759291414,0.46335465446019924,0.6807015898763563,id-sianipar-2016.tsv
1,arousal,0.5319156322518017,0.2829342398338339,0.29919944453684355,0.546991265503247,id-sianipar-2016.tsv
2,dominance,0.4607045039904499,0.21224863999708643,0.22445030063566984,0.47376186068073256,id-sianipar-2016.tsv
3,predicability,0.34367219437356933,0.11811057718554441,0.12490046842190289,0.353412603654571,id-sianipar-2016.tsv
4,concreteness,0.759185030040928,0.5763619098382446,0.6094955611490309,0.7807019669176137,id-sianipar-2016.tsv
