,norm,adjusted r,adjusted r-squared,r-squared,r,source
0,valence,0.6359046749452573,0.40437475561723324,0.4276212816676207,0.6539275813632736,id-sianipar-2016.tsv
1,arousal,0.5022176580356924,0.25222257604285564,0.26672224152154356,0.5164515868128817,id-sianipar-2016.tsv
2,dominance,0.476497980280002,0.22705032521092117,0.2401028989100586,0.49000295806255967,id-sianipar-2016.tsv
3,predicability,0.2950125227016316,0.08703238855078069,0.09203566993659562,0.3033738122129127,id-sianipar-2016.tsv
4,concreteness,0.7317154411802377,0.5354074868615899,0.5661867675115465,0.7524538308172446,id-sianipar-2016.tsv
