,norm,adjusted r,adjusted r-squared,r-squared,r,source
0,valence,0.5632380298753324,0.3172370782978459,0.3354742701659265,0.5792014072547877,id-sianipar-2016.tsv
1,arousal,0.3826626334458579,0.14643069103571899,0.1548486370782266,0.3935081156446797,id-sianipar-2016.tsv
2,dominance,0.3304781270486473,0.1092157924575819,0.11549434404669767,0.3398445880791655,id-sianipar-2016.tsv
3,predicability,0.15744052896478156,0.024787520160710216,0.026212494705080358,0.1619027322347599,id-sianipar-2016.tsv
4,concreteness,0.6722511878507915,0.45192165956680014,0.4779015420543167,0.6913042326315648,id-sianipar-2016.tsv
