,norm,adjusted r,adjusted r-squared,r-squared,r,source
0,valence,0.6490240966940471,0.4212322780895239,0.4454479023090068,0.6674188357463451,id-sianipar-2016.tsv
1,arousal,0.47996976553829307,0.230370975830884,0.2436144456976701,0.4935731411834219,id-sianipar-2016.tsv
2,dominance,0.4541708980206653,0.20627120460889753,0.2181292369533409,0.4670430782629595,id-sianipar-2016.tsv
3,predicability,0.32594809195110636,0.10624215864656689,0.11234976322454554,0.3351861620421487,id-sianipar-2016.tsv
4,concreteness,0.7546085638873408,0.5694340846921149,0.6021694721016687,0.775995793868542,id-sianipar-2016.tsv
