,norm,adjusted r,adjusted r-squared,r-squared,r,source
0,valence,0.6403521839721199,0.41005091951786365,0.43362375449369545,0.6585011423632425,id-sianipar-2016.tsv
1,arousal,0.4702473761673167,0.22113259479224587,0.23384497249144526,0.4835751983832972,id-sianipar-2016.tsv
2,dominance,0.3868014534110421,0.1496153643608946,0.15821638956545986,0.3977642386709241,id-sianipar-2016.tsv
3,predicability,0.28672681210322437,0.08221226477887772,0.08693844891449809,0.29485326675229173,id-sianipar-2016.tsv
4,concreteness,0.7413290870217034,0.5495688152644324,0.5811621964116425,0.762339948062308,id-sianipar-2016.tsv
