,norm,adjusted r,adjusted r-squared,r-squared,r,source
0,valence,0.6396574633091653,0.4091616703671162,0.43268338456139327,0.6577867318222475,id-sianipar-2016.tsv
1,arousal,0.4788587059893036,0.2293056603017503,0.24248788775699642,0.4924305918167518,id-sianipar-2016.tsv
2,dominance,0.3732808559694786,0.1393385974333066,0.1473488361785854,0.3838604384129542,id-sianipar-2016.tsv
3,predicability,0.20573597884441222,0.04232729299106844,0.04476058662646698,0.2115669790550193,id-sianipar-2016.tsv
4,concreteness,0.7278328992978701,0.5297407293003434,0.5601942417725421,0.7484612493459779,id-sianipar-2016.tsv
