,norm,adjusted r,adjusted r-squared,r-squared,r,source
0,valence,0.6375708295529263,0.4064965626968066,0.4298650663010943,0.6556409583766821,id-sianipar-2016.tsv
1,arousal,0.48004864303917916,0.23044669968375725,0.2436945227315815,0.49365425424236087,id-sianipar-2016.tsv
2,dominance,0.40331482076017583,0.16266284464481276,0.17201393791396097,0.41474563037355916,id-sianipar-2016.tsv
3,predicability,0.26568349909281846,0.07058772169020368,0.07464563897686549,0.27321354098372486,id-sianipar-2016.tsv
4,concreteness,0.7469974895058886,0.5580052493281003,0.5900836206521429,0.7681690052665122,id-sianipar-2016.tsv
