,norm,adjusted r,adjusted r-squared,r-squared,r,source
0,valence,0.5620693000410939,0.3159218980486852,0.3340834833871831,0.5779995531029268,id-sianipar-2016.tsv
1,arousal,0.3418508253792015,0.11686198681244131,0.12358009961003374,0.3515396131448542,id-sianipar-2016.tsv
2,dominance,0.35431000719234057,0.12553558119663644,0.13275231794392356,0.36435191497221964,id-sianipar-2016.tsv
3,predicability,0.0,-0.05471756723414646,-0.05786314774938128,0.0,id-sianipar-2016.tsv
4,concreteness,0.6953545069345922,0.48351789031424985,0.5113141636396255,0.7150623494770407,id-sianipar-2016.tsv
