,norm,adjusted r,adjusted r-squared,r-squared,r,source
0,valence,0.6106754488545022,0.3729245038336477,0.3943630310235168,0.6279833047331089,id-sianipar-2016.tsv
1,arousal,0.37369815095456416,0.1396503080268602,0.1476784662597741,0.38428956043558365,id-sianipar-2016.tsv
2,dominance,0.32032193567418216,0.10260614247405488,0.10850472128200267,0.32940054839359734,id-sianipar-2016.tsv
3,predicability,0.12354773753356386,0.015264043449662385,0.016141536366215015,0.1270493461857046,id-sianipar-2016.tsv
4,concreteness,0.7284780401069577,0.5306802549180744,0.5611877784442376,0.7491246748333935,id-sianipar-2016.tsv
