,norm,adjusted r,adjusted r-squared,r-squared,r,source
0,valence,0.5658413465858173,0.3201764295060511,0.33858259756140247,0.5818785075609877,id-sianipar-2016.tsv
1,arousal,0.3012107268442718,0.09072790196605451,0.09594362947439405,0.3097476867942585,id-sianipar-2016.tsv
2,dominance,0.29526934431462426,0.08718398569198814,0.09219598203056234,0.30363791270288093,id-sianipar-2016.tsv
3,predicability,0.0,-0.059826355562330936,-0.06326562795448765,0.0,id-sianipar-2016.tsv
4,concreteness,0.671257303839541,0.4505863679579298,0.4764894877624666,0.6902821798094361,id-sianipar-2016.tsv
