,norm,adjusted r,adjusted r-squared,r-squared,r,source
0,valence,0.585336262136369,0.34261853977177614,0.3623148504328932,0.6019259509548439,id-sianipar-2016.tsv
1,arousal,0.2668062910425603,0.0711855969398874,0.07527788462770207,0.2743681552726228,id-sianipar-2016.tsv
2,dominance,0.304364729121225,0.09263788833303666,0.09796341633514877,0.312991080280491,id-sianipar-2016.tsv
3,predicability,0.0,-0.043075074211832,-0.04555135597986493,0.0,id-sianipar-2016.tsv
4,concreteness,0.6515677237159875,0.42454049858843346,0.44894630439798855,0.6700345546298254,id-sianipar-2016.tsv
