,norm,adjusted r,adjusted r-squared,r-squared,r,source
0,valence,0.6065496054359502,0.3679024238545068,0.38905224382059267,0.6237405260367428,id-sianipar-2016.tsv
1,arousal,0.36990501390540254,0.13682971931235605,0.14469572872633818,0.3803889177228198,id-sianipar-2016.tsv
2,dominance,0.35415533847316494,0.12542600376904203,0.13263644117521123,0.364192862608826,id-sianipar-2016.tsv
3,predicability,0.0,-0.03982367844742046,-0.04211304534184279,0.0,id-sianipar-2016.tsv
4,concreteness,0.7246985180763662,0.5251879421020812,0.5553797258567076,0.745238033018114,id-sianipar-2016.tsv
