,norm,adjusted r,adjusted r-squared,r-squared,r,source
0,valence,0.6105214766090905,0.37273647340094423,0.39416419117630014,0.6278249685830439,id-sianipar-2016.tsv
1,arousal,0.42180482170696504,0.17791930761524458,0.1881474580175404,0.4337596777220543,id-sianipar-2016.tsv
2,dominance,0.3821809786930632,0.14606230047478766,0.15445906863551,0.3930128097600764,id-sianipar-2016.tsv
3,predicability,0.1755536165272621,0.03081907227580099,0.03259078615396982,0.18052918366283557,id-sianipar-2016.tsv
4,concreteness,0.7317738962650352,0.5354930352549105,0.5662772338749587,0.7525139426448912,id-sianipar-2016.tsv
