,norm,adjusted r,adjusted r-squared,r-squared,r,source
0,valence,0.611973465256397,0.3745115221779225,0.3960412832115717,0.629318109712069,id-sianipar-2016.tsv
1,arousal,0.3745806001390557,0.14031062600053512,0.14837674431568298,0.3851970201282494,id-sianipar-2016.tsv
2,dominance,0.34757124055996386,0.12080576726439225,0.12775059845560288,0.357422157197344,id-sianipar-2016.tsv
3,predicability,0.0,-0.020565507942503527,-0.021747769222377755,0.0,id-sianipar-2016.tsv
4,concreteness,0.7066853255944445,0.499404149410526,0.5281136853241191,0.7267143079120701,id-sianipar-2016.tsv
