,norm,adjusted r,adjusted r-squared,r-squared,r,source
0,valence,0.6347481680791134,0.40290523687979035,0.426067283854427,0.6527382966047166,id-sianipar-2016.tsv
1,arousal,0.5115227613645064,0.26165553539396974,0.27669747887651874,0.5260204167867619,id-sianipar-2016.tsv
2,dominance,0.48066017077246165,0.23103419976701198,0.2443157967727806,0.49428311398709607,id-sianipar-2016.tsv
3,predicability,0.3548468573726263,0.12591629218722897,0.13315491508798522,0.364903980641463,id-sianipar-2016.tsv
4,concreteness,0.7522717554160241,0.5659127939967064,0.5984457509262544,0.773592755218309,id-sianipar-2016.tsv
