,norm,adjusted r,adjusted r-squared,r-squared,r,source
0,valence,0.49644959876981376,0.2464622041187091,0.26063071975647734,0.5105200483394138,id-sianipar-2016.tsv
1,arousal,0.0,-0.012818521568147884,-0.013555427350277038,0.0,id-sianipar-2016.tsv
2,dominance,0.0,-0.048864898915967264,-0.051674023693961124,0.0,id-sianipar-2016.tsv
3,predicability,0.0,-0.21687092308706224,-0.22933830759384155,0.0,id-sianipar-2016.tsv
4,concreteness,0.6507549321863743,0.42348198176489255,0.4478269360040383,0.6691987268398217,id-sianipar-2016.tsv
