,norm,adjusted r,adjusted r-squared,r-squared,r,source
0,valence,0.5337165532323874,0.28485335919425986,0.30122888942473186,0.5488432284584842,id-sianipar-2016.tsv
1,arousal,0.12269808674945412,0.01505482049197657,0.015920285687044067,0.12617561447064193,id-sianipar-2016.tsv
2,dominance,0.0,-0.0654438219232574,-0.06920602886135807,0.0,id-sianipar-2016.tsv
3,predicability,0.0,-0.2165900451271617,-0.22904128263979484,0.0,id-sianipar-2016.tsv
4,concreteness,0.6666818507783032,0.4444646901571838,0.4700158895203718,0.6855770485659302,id-sianipar-2016.tsv
