,norm,adjusted r,adjusted r-squared,r-squared,r,source
0,valence,0.5708928369663259,0.32591863129945997,0.34465490463888954,0.5870731680454231,id-sianipar-2016.tsv
1,arousal,0.11918548146365784,0.014205178991723928,0.015021800353206993,0.12256345439488475,id-sianipar-2016.tsv
2,dominance,0.0,-0.010744743084174432,-0.011362432360127683,0.0,id-sianipar-2016.tsv
3,predicability,0.0,-0.24214684330230124,-0.25606727929058115,0.0,id-sianipar-2016.tsv
4,concreteness,0.6635941072816259,0.440357139218898,0.4656722054195586,0.6824017917763395,id-sianipar-2016.tsv
