,norm,adjusted r,adjusted r-squared,r-squared,r,source
0,valence,0,-0.5886016050647078,-0.6224388868320899,0,id-sianipar-2016.tsv
1,arousal,0,-0.5549367374962716,-0.5868387075013802,0,id-sianipar-2016.tsv
2,dominance,0,-0.74147310062506,-0.7840985946993183,0,id-sianipar-2016.tsv
3,predicability,0,-0.5654938928457998,-0.5980027681619884,0,id-sianipar-2016.tsv
4,concreteness,0,-0.22845026074257582,-0.2415833133473655,0,id-sianipar-2016.tsv
