,norm,adjusted r,adjusted r-squared,r-squared,r,source
0,valence,0,-0.4786576108116793,-0.5061744784310874,0,id-sianipar-2016.tsv
1,arousal,0,-0.6864184410344362,-0.7258789759697019,0,id-sianipar-2016.tsv
2,dominance,0,-0.8115671445391527,-0.8582221755595014,0,id-sianipar-2016.tsv
3,predicability,0,-0.48130350193206395,-0.5089724754285133,0,id-sianipar-2016.tsv
4,concreteness,0,-0.19994775066211978,-0.2114422629429088,0,id-sianipar-2016.tsv
