,norm,adjusted r,adjusted r-squared,r-squared,r,source
0,valence,0.6415276464556934,0.4115577211669811,0.43521717852292535,0.6597099199822035,id-sianipar-2016.tsv
1,arousal,0.5037702185406927,0.25378443308853726,0.26837388594884354,0.5180481502223935,id-sianipar-2016.tsv
2,dominance,0.4900252669905856,0.2401247622891947,0.2539289537337829,0.5039136371778232,id-sianipar-2016.tsv
3,predicability,0.36310774665061873,0.1318472356776899,0.13942681416590347,0.37339900129205417,id-sianipar-2016.tsv
4,concreteness,0.7517014100429569,0.5650550098605697,0.5975386548561028,0.7730062450304672,id-sianipar-2016.tsv
