,norm,adjusted r,adjusted r-squared,r-squared,r,source
0,valence,0.35262336135490974,0.12434323497323525,0.13149142662180308,0.3626174659635179,id-sianipar-2016.tsv
1,arousal,0.0,-0.14176487466250853,-0.14991459421372444,0.0,id-sianipar-2016.tsv
2,dominance,0.0,-0.18313737893929857,-0.1936655036334669,0.0,id-sianipar-2016.tsv
3,predicability,0.0,-0.3458766897641494,-0.3657603035830963,0.0,id-sianipar-2016.tsv
4,concreteness,0.5665900162821923,0.321024246550655,0.33947915355605107,0.5826483961670632,id-sianipar-2016.tsv
