,norm,adjusted r,adjusted r-squared,r-squared,r,source
0,lexical decision time,0.2741773178344127,0.07517320161487254,0.0757135301080612,0.2751609167524727,it-vergallito-2020.tsv
1,naming time,0.29936699347726803,0.08962059678361865,0.09026476998601662,0.30044095923494957,it-vergallito-2020.tsv
2,auditory,0.0,-0.035382552010761174,-0.0356368740377927,0.0,it-vergallito-2020.tsv
3,gustatory,0.0,-0.09504605777309644,-0.09572922799967754,0.0,it-vergallito-2020.tsv
4,haptic,0.23753436960066718,0.05642257674158636,0.05682812985383495,0.23838651357372329,it-vergallito-2020.tsv
5,olfactory,0.0,-0.05489347676990772,-0.05528803904678037,0.0,it-vergallito-2020.tsv
6,visual,0.22707911353060148,0.05156492380184379,0.051935561169691724,0.22789374973809992,it-vergallito-2020.tsv
7,modality exclusivity,0.0,-0.09684013141716886,-0.09753619705179362,0.0,it-vergallito-2020.tsv
