,norm,adjusted r,adjusted r-squared,r-squared,r,source
0,lexical decision time,0.25811198116472706,0.06662179482078043,0.06710065767663509,0.25903794640290656,it-vergallito-2020.tsv
1,naming time,0.12842743717070837,0.016493606618236244,0.016612159046759056,0.12888816488242455,it-vergallito-2020.tsv
2,auditory,0.6541892926841504,0.4279636306625889,0.4310397394184745,0.6565361676392814,it-vergallito-2020.tsv
3,gustatory,0.5459157188459871,0.2980239720831308,0.30016610305946956,0.5478741671766151,it-vergallito-2020.tsv
4,haptic,0.6797802157721922,0.46210114175528816,0.4654226234570333,0.682218897024286,it-vergallito-2020.tsv
5,olfactory,0.48364614954176477,0.2339135979665751,0.23559491762850915,0.4853812085655039,it-vergallito-2020.tsv
6,visual,0.5195755124406497,0.26995871312796377,0.2718991171756041,0.5214394664537813,it-vergallito-2020.tsv
7,modality exclusivity,0.29588471095193564,0.08754776217511051,0.08817703629676449,0.2969461841761306,it-vergallito-2020.tsv
