,norm,adjusted r,adjusted r-squared,r-squared,r,source
0,lexical decision time,0.2844017335868709,0.08088434606721748,0.08146572501469074,0.2854220121411289,it-vergallito-2020.tsv
1,naming time,0.25164904382231357,0.06332724125668471,0.06378242358377678,0.25255182356058486,it-vergallito-2020.tsv
2,auditory,0.6274874814287763,0.3937405393498289,0.39657066002799474,0.6297385648251144,it-vergallito-2020.tsv
3,gustatory,0.5084163179573628,0.2584871523653222,0.2603451013490801,0.510240238857227,it-vergallito-2020.tsv
4,haptic,0.692138646489701,0.4790559059645953,0.4824992547945295,0.6946216630616479,it-vergallito-2020.tsv
5,olfactory,0.5164477926471388,0.266718322530102,0.26863543536050705,0.5183005261047948,it-vergallito-2020.tsv
6,visual,0.512147749074913,0.2622953168825001,0.2641806381179538,0.5139850563177434,it-vergallito-2020.tsv
7,modality exclusivity,0.3199853987588025,0.10239065541882984,0.10312661700315207,0.3211333321272522,it-vergallito-2020.tsv
