,norm,adjusted r,adjusted r-squared,r-squared,r,source
0,lexical decision time,0.22692218082353377,0.05149367614970855,0.05186380140505237,0.22773625404193415,it-vergallito-2020.tsv
1,naming time,0.3444028131262972,0.11861329768930721,0.11946586406982335,0.3456383428814334,it-vergallito-2020.tsv
2,auditory,0.0,-0.08670513016471643,-0.08732834763220765,0.0,it-vergallito-2020.tsv
3,gustatory,0.0,-0.13156827548432062,-0.13251395940514232,0.0,it-vergallito-2020.tsv
4,haptic,0.24899992693985437,0.06200096361605281,0.062446612950220304,0.24989320308928034,it-vergallito-2020.tsv
5,olfactory,0.0,-0.09343271740962573,-0.09410429129936249,0.0,it-vergallito-2020.tsv
6,visual,0.16367046281200945,0.02678802039709737,0.02698056681504596,0.16425762330877053,it-vergallito-2020.tsv
7,modality exclusivity,0.0,-0.1564866103253772,-0.1576114017742568,0.0,it-vergallito-2020.tsv
