,norm,adjusted r,adjusted r-squared,r-squared,r,source
0,lexical decision time,0.2690699333750511,0.07239862904645442,0.07291901452028338,0.2700352097788053,it-vergallito-2020.tsv
1,naming time,0.14989641235960924,0.022468934438282014,0.02263043621322025,0.15043415906375868,it-vergallito-2020.tsv
2,auditory,0.6170766178373417,0.3807835522815726,0.38352054097721733,0.6192903527241623,it-vergallito-2020.tsv
3,gustatory,0.5053138606711761,0.25534209778640876,0.25717744080733534,0.5071266516436849,it-vergallito-2020.tsv
4,haptic,0.6809550274383728,0.463699749393595,0.46703272153658576,0.6833979232750022,it-vergallito-2020.tsv
5,olfactory,0.4747541298960274,0.22539148385333405,0.2270115484273023,0.47645728919526703,it-vergallito-2020.tsv
6,visual,0.5074966626319469,0.25755286258256416,0.2594040960961855,0.5093172843092855,it-vergallito-2020.tsv
7,modality exclusivity,0.30397434170170756,0.09240040041298649,0.09306455423446347,0.30506483611596974,it-vergallito-2020.tsv
