,norm,adjusted r,adjusted r-squared,r-squared,r,source
0,lexical decision time,0.29845573212305415,0.08907582403710826,0.08971608153243338,0.2995264287712077,it-vergallito-2020.tsv
1,naming time,0.3072276742911623,0.09438884385035654,0.09506729016734022,0.30832983989121165,it-vergallito-2020.tsv
2,auditory,0.0,-0.07100075106452781,-0.07151108889787572,0.0,it-vergallito-2020.tsv
3,gustatory,0.0,-0.09974005641380787,-0.10045696607356569,0.0,it-vergallito-2020.tsv
4,haptic,0.22347590601968645,0.04994148057131973,0.05030044898512975,0.22427761588069764,it-vergallito-2020.tsv
5,olfactory,0.0,-0.11354724874839132,-0.11436340147973645,0.0,it-vergallito-2020.tsv
6,visual,0.15981120130169513,0.025539620061490922,0.025723193251510623,0.1603845168696487,it-vergallito-2020.tsv
7,modality exclusivity,0.0,-0.13873407471653257,-0.1397312648312965,0.0,it-vergallito-2020.tsv
