,norm,adjusted r,adjusted r-squared,r-squared,r,source
0,lexical decision time,0.10234846905966542,0.010475209118857291,0.010550502625551683,0.10271563963463248,it-vergallito-2020.tsv
1,naming time,0.0,-0.05867640495478825,-0.059098158090132635,0.0,it-vergallito-2020.tsv
2,auditory,0.5936816866207023,0.3524579450288018,0.35499133546926037,0.5958114932336068,it-vergallito-2020.tsv
3,gustatory,0.492614856535377,0.2426693968793701,0.24441365130437903,0.494382090396061,it-vergallito-2020.tsv
4,haptic,0.6765778286005795,0.45775755815387514,0.46104781912892545,0.6790050214313039,it-vergallito-2020.tsv
5,olfactory,0.4398593317587747,0.19347623173527578,0.1948668964737144,0.44143730752363286,it-vergallito-2020.tsv
6,visual,0.4990380307008514,0.2490389560857839,0.2508289935059872,0.500828307412817,it-vergallito-2020.tsv
7,modality exclusivity,0.0,-0.0055300987899569165,-0.005569847927710425,0.0,it-vergallito-2020.tsv
