,norm,adjusted r,adjusted r-squared,r-squared,r,source
0,lexical decision time,0.22225770729379857,0.04939848845149584,0.04975355395698727,0.22305504692112949,it-vergallito-2020.tsv
1,naming time,0.11345070949057794,0.01287106348391551,0.012963577866549225,0.11385770885868565,it-vergallito-2020.tsv
2,auditory,0.6036182731077856,0.36435501962962524,0.3669739236341508,0.6057837267822163,it-vergallito-2020.tsv
3,gustatory,0.5120409300333277,0.26218591402939523,0.2640704489011249,0.5138778540676032,it-vergallito-2020.tsv
4,haptic,0.6646505586034743,0.4417603650519104,0.44493564170996547,0.6670349628842295,it-vergallito-2020.tsv
5,olfactory,0.4546935384647961,0.206746213921637,0.20823226038288867,0.4563247312856149,it-vergallito-2020.tsv
6,visual,0.4893490445164828,0.23946248736919468,0.24118369123168665,0.49110456242198225,it-vergallito-2020.tsv
7,modality exclusivity,0.1790601512286409,0.03206253775802375,0.032292996250444406,0.17970252154726268,it-vergallito-2020.tsv
