,norm,adjusted r,adjusted r-squared,r-squared,r,source
0,lexical decision time,0.0,-0.06535879542213306,-0.06582858011519421,0.0,it-vergallito-2020.tsv
1,naming time,0.1923403014581146,0.0369947915649984,0.03726070201649884,0.19303031372429263,it-vergallito-2020.tsv
2,auditory,0.0,-0.23374880084610383,-0.23542893598246395,0.0,it-vergallito-2020.tsv
3,gustatory,0.0,-0.2313669899729166,-0.23303000517487826,0.0,it-vergallito-2020.tsv
4,haptic,0.0,-0.11958130516465035,-0.12044082937068556,0.0,it-vergallito-2020.tsv
5,olfactory,0.0,-0.23244343783594734,-0.2341141903091617,0.0,it-vergallito-2020.tsv
6,visual,0.0,-0.044354584676770066,-0.044673395707690244,0.0,it-vergallito-2020.tsv
7,modality exclusivity,0.0,-0.2905018775219874,-0.29258994133166927,0.0,it-vergallito-2020.tsv
