,norm,adjusted r,adjusted r-squared,r-squared,r,source
0,lexical decision time,0.0,-0.003187525344976655,-0.003210436578363729,0.0,it-vergallito-2020.tsv
1,naming time,0.0,-0.01661082124198752,-0.016730216183529212,0.0,it-vergallito-2020.tsv
2,auditory,0.5567847595654504,0.3100092684843564,0.3122375471437228,0.5587822000956391,it-vergallito-2020.tsv
3,gustatory,0.4565096721884075,0.20840108080156727,0.20989902208315986,0.45814738030808366,it-vergallito-2020.tsv
4,haptic,0.6745209036597721,0.4549784494739956,0.45824873482511147,0.6769407173638704,it-vergallito-2020.tsv
5,olfactory,0.42682751358256465,0.1821817263510744,0.18349120866087548,0.42835873828004895,it-vergallito-2020.tsv
6,visual,0.47076981630036757,0.22162421993948184,0.22321720624632446,0.4724586820520123,it-vergallito-2020.tsv
7,modality exclusivity,0.2309896194363407,0.0533562042873455,0.05373971698662561,0.23181828440963326,it-vergallito-2020.tsv
