,norm,adjusted r,adjusted r-squared,r-squared,r,source
0,lexical decision time,0.2004430999126784,0.040177436302603974,0.04046622290675567,0.20116218060747817,it-vergallito-2020.tsv
1,naming time,0.0,-0.01972573544480907,-0.019867519706766368,0.0,it-vergallito-2020.tsv
2,auditory,0.5714696066260015,0.3265775112972769,0.32892487885377125,0.573519728391074,it-vergallito-2020.tsv
3,gustatory,0.48866939991119546,0.23879778240956787,0.2405142085185315,0.49042247962193936,it-vergallito-2020.tsv
4,haptic,0.6672626933124874,0.4452395018866347,0.4484397858175359,0.6696564685101877,it-vergallito-2020.tsv
5,olfactory,0.4482348277389288,0.20091446079814718,0.20235858989642674,0.44984285022263804,it-vergallito-2020.tsv
6,visual,0.45620308662599574,0.20812125624708577,0.2096171862111259,0.45783969488361964,it-vergallito-2020.tsv
7,modality exclusivity,0.1917244482978348,0.036758264075109126,0.037022474418865525,0.1924122512182255,it-vergallito-2020.tsv
