,norm,adjusted r,adjusted r-squared,r-squared,r,source
0,lexical decision time,0.3240699790285477,0.10502135130756336,0.1057762217572134,0.3252325656468205,it-vergallito-2020.tsv
1,naming time,0.10535990864760766,0.011100710350232232,0.011180499822650791,0.10573788262799096,it-vergallito-2020.tsv
2,auditory,0.5478548515154558,0.3001449383290221,0.3023023143457626,0.549820256398182,it-vergallito-2020.tsv
3,gustatory,0.4577775675772991,0.20956030137698864,0.21106657488194452,0.459419824215221,it-vergallito-2020.tsv
4,haptic,0.6364671744801638,0.4050904641907633,0.40800216564047226,0.6387504721254398,it-vergallito-2020.tsv
5,olfactory,0.45393480557351906,0.20605680771106857,0.20753789887161533,0.45556327647387834,it-vergallito-2020.tsv
6,visual,0.4200478878431455,0.17644022808148777,0.17770844176042028,0.4215547909352001,it-vergallito-2020.tsv
7,modality exclusivity,0.09234664304355746,0.00852790248141422,0.008589199174901474,0.0926779325130933,it-vergallito-2020.tsv
