,norm,adjusted r,adjusted r-squared,r-squared,r,source
0,lexical decision time,0,-0.13770877818698837,-0.13869859869507095,0,it-vergallito-2020.tsv
1,naming time,0,-0.008556191768432093,-0.008617691799112648,0,it-vergallito-2020.tsv
2,auditory,0,-0.17036681574067958,-0.17159137506316424,0,it-vergallito-2020.tsv
3,gustatory,0,-0.46615438292234995,-0.46950499843302274,0,it-vergallito-2020.tsv
4,haptic,0,-0.12046210825252773,-0.12132796347806252,0,it-vergallito-2020.tsv
5,olfactory,0,-0.3443219735309286,-0.3467968843918876,0,it-vergallito-2020.tsv
6,visual,0,-0.14812782260114443,-0.14919253291633683,0,it-vergallito-2020.tsv
7,modality exclusivity,0,-0.4258890815746107,-0.42895027892644977,0,it-vergallito-2020.tsv
