,norm,adjusted r,adjusted r-squared,r-squared,r,source
0,lexical decision time,0.0,-0.12608551989254502,-0.12699179496814283,0.0,it-vergallito-2020.tsv
1,naming time,0.0,-0.08981782782981455,-0.09046341868573415,0.0,it-vergallito-2020.tsv
2,auditory,0.4915087960475929,0.24158089659215426,0.24331732711572768,0.493272061965532,it-vergallito-2020.tsv
3,gustatory,0.3708733735604759,0.1375470592161283,0.13853571732370157,0.3722038652723821,it-vergallito-2020.tsv
4,haptic,0.609916910480425,0.37199863768998676,0.37467248234544037,0.612104960235939,it-vergallito-2020.tsv
5,olfactory,0.3139827016358315,0.09858513692653557,0.09929374527820878,0.31510910059566477,it-vergallito-2020.tsv
6,visual,0.3491794788725668,0.12192630846571731,0.12280268804139183,0.35043214470335315,it-vergallito-2020.tsv
7,modality exclusivity,0.0,-0.12622946764296267,-0.1271367773834332,0.0,it-vergallito-2020.tsv
