,norm,adjusted r,adjusted r-squared,r-squared,r,source
0,lexical decision time,0.0,-0.09266115695959178,-0.0933271850419608,0.0,it-vergallito-2020.tsv
1,naming time,0.0,-0.11024042973988997,-0.11103281378114704,0.0,it-vergallito-2020.tsv
2,auditory,0.5125367025512362,0.26269387146209433,0.2645820574204921,0.5143754051473419,it-vergallito-2020.tsv
3,gustatory,0.4494262810444649,0.2019839820934584,0.20343579867634037,0.45103857781384993,it-vergallito-2020.tsv
4,haptic,0.6536658608071358,0.4272790575847339,0.430350245779413,0.6560108579737175,it-vergallito-2020.tsv
5,olfactory,0.42721458114363353,0.18251229834173022,0.1838241567305297,0.42874719442875625,it-vergallito-2020.tsv
6,visual,0.3344388714497258,0.11184935873656619,0.11265330740673019,0.33563865600781173,it-vergallito-2020.tsv
7,modality exclusivity,0.0,-0.04030685284685776,-0.04059656966875791,0.0,it-vergallito-2020.tsv
