,norm,adjusted r,adjusted r-squared,r-squared,r,source
0,lexical decision time,0,-0.137817055719282,-0.1388076545025293,0,it-vergallito-2020.tsv
1,naming time,0,-0.05204054677457497,-0.052414602816081346,0,it-vergallito-2020.tsv
2,auditory,0,-0.2502185138092101,-0.2520170296317381,0,it-vergallito-2020.tsv
3,gustatory,0,-0.3231134301555292,-0.3254358986561978,0,it-vergallito-2020.tsv
4,haptic,0,-0.04018372317095422,-0.04047255496373736,0,it-vergallito-2020.tsv
5,olfactory,0,-0.32501270292975626,-0.3273488229867536,0,it-vergallito-2020.tsv
6,visual,0,-0.1567120897071962,-0.15783850185244108,0,it-vergallito-2020.tsv
7,modality exclusivity,0,-0.41765478271768003,-0.4206567937345187,0,it-vergallito-2020.tsv
