,norm,adjusted r,adjusted r-squared,r-squared,r,source
0,lexical decision time,0.0,-0.08834635852742512,-0.0889813727845854,0.0,it-vergallito-2020.tsv
1,naming time,0.0,-0.12513314585959764,-0.12603257547943303,0.0,it-vergallito-2020.tsv
2,auditory,0.5620876386788336,0.315942513555547,0.31821343907975574,0.5641041030516936,it-vergallito-2020.tsv
3,gustatory,0.4438427497020108,0.19699638646304182,0.19841235330194956,0.4454350158013507,it-vergallito-2020.tsv
4,haptic,0.6311458566854169,0.39834509241116883,0.4012083096072958,0.6334100643400733,it-vergallito-2020.tsv
5,olfactory,0.3744134006046297,0.1401853945523229,0.14119301643589754,0.37575659200591216,it-vergallito-2020.tsv
6,visual,0.4136903259947447,0.17113968582163816,0.17236980036483052,0.41517442161678325,it-vergallito-2020.tsv
7,modality exclusivity,0.0,-0.07674260408821185,-0.07729421310232298,0.0,it-vergallito-2020.tsv
