,norm,adjusted r,adjusted r-squared,r-squared,r,source
0,lexical decision time,0.0,-0.06975893634804055,-0.07026034828944605,0.0,it-vergallito-2020.tsv
1,naming time,0.18656268942276594,0.03480563708465542,0.03505581237367361,0.18723197476305592,it-vergallito-2020.tsv
2,auditory,0.0,-0.2805477364422134,-0.2825642520680335,0.0,it-vergallito-2020.tsv
3,gustatory,0.0,-0.42037326525345686,-0.4233948161267971,0.0,it-vergallito-2020.tsv
4,haptic,0.0,-0.07742995101665041,-0.07798650052979794,0.0,it-vergallito-2020.tsv
5,olfactory,0.0,-0.3232666835798391,-0.32559025363252436,0.0,it-vergallito-2020.tsv
6,visual,0.0,-0.11438806875369122,-0.11521026511490373,0.0,it-vergallito-2020.tsv
7,modality exclusivity,0.0,-0.3405022820968833,-0.34294973785319516,0.0,it-vergallito-2020.tsv
