,norm,adjusted r,adjusted r-squared,r-squared,r,source
0,lexical decision time,0.0,-0.08962848184619626,-0.09027271172469542,0.0,it-vergallito-2020.tsv
1,naming time,0.0,-0.1234443951171293,-0.1243316863668481,0.0,it-vergallito-2020.tsv
2,auditory,0.5348537149029532,0.2860684963454895,0.2881246939831929,0.5367724787870489,it-vergallito-2020.tsv
3,gustatory,0.45190196314331155,0.20421538429277888,0.2056832397054853,0.453523141311979,it-vergallito-2020.tsv
4,haptic,0.6196255242569476,0.38393579031069713,0.38669543660223854,0.6218484032320406,it-vergallito-2020.tsv
5,olfactory,0.36247366807781384,0.13138716004978515,0.13233154215256887,0.36377402622035687,it-vergallito-2020.tsv
6,visual,0.35276028259246306,0.12443981697471439,0.12533426309852186,0.3540257943971341,it-vergallito-2020.tsv
7,modality exclusivity,0.0,-0.09621259998650025,-0.09690415506277339,0.0,it-vergallito-2020.tsv
