,norm,adjusted r,adjusted r-squared,r-squared,r,source
0,lexical decision time,0.0,-0.4071064604417187,-0.4100326524305181,0.0,it-vergallito-2020.tsv
1,naming time,0.0,-0.4670748090750068,-0.4704320404070823,0.0,it-vergallito-2020.tsv
2,auditory,0.12349069250616904,0.015249951135653195,0.01535956444121045,0.12393370986624441,it-vergallito-2020.tsv
3,gustatory,0.0,-0.08580458378685203,-0.08642132832440352,0.0,it-vergallito-2020.tsv
4,haptic,0.47726490003318417,0.22778178480368527,0.2294190303368654,0.47897706660848116,it-vergallito-2020.tsv
5,olfactory,0.0,-0.04890143300952482,-0.049252925789467494,0.0,it-vergallito-2020.tsv
6,visual,0.0,-0.14566574757368078,-0.14671276103332986,0.0,it-vergallito-2020.tsv
7,modality exclusivity,0.0,-0.419967916297324,-0.42298655361123105,0.0,it-vergallito-2020.tsv
