,norm,adjusted r,adjusted r-squared,r-squared,r,source
0,lexical decision time,0.0,-0.3619297447512241,-0.36453121641161024,0.0,it-vergallito-2020.tsv
1,naming time,0.0,-0.4831459680462353,-0.48661871534575896,0.0,it-vergallito-2020.tsv
2,auditory,0.28624684372770853,0.08193725554407519,0.08252620257404158,0.28727374153243035,it-vergallito-2020.tsv
3,gustatory,0.0,-0.060411037198137035,-0.06084525848976785,0.0,it-vergallito-2020.tsv
4,haptic,0.3717036359819385,0.13816359300219347,0.1391566826194599,0.37303710622330843,it-vergallito-2020.tsv
5,olfactory,0.0,-0.14108192621067445,-0.1420959921672651,0.0,it-vergallito-2020.tsv
6,visual,0.0,-0.1883816689765957,-0.18973571511479226,0.0,it-vergallito-2020.tsv
7,modality exclusivity,0.0,-0.44698994614493925,-0.450202811885424,0.0,it-vergallito-2020.tsv
