,norm,adjusted r,adjusted r-squared,r-squared,r,source
0,lexical decision time,0,-0.17381800249249382,-0.17506736818875612,0,it-vergallito-2020.tsv
1,naming time,0,-0.055603346878738906,-0.056003011546330916,0,it-vergallito-2020.tsv
2,auditory,0,-0.3428224302653393,-0.34528656273804614,0,it-vergallito-2020.tsv
3,gustatory,0,-0.4138278838244703,-0.4168023879310253,0,it-vergallito-2020.tsv
4,haptic,0,-0.14797115268228075,-0.1490347368884427,0,it-vergallito-2020.tsv
5,olfactory,0,-0.3800088712569436,-0.3827402917152145,0,it-vergallito-2020.tsv
6,visual,0,-0.19740964549334067,-0.19882858274756054,0,it-vergallito-2020.tsv
7,modality exclusivity,0,-0.36225619449633817,-0.3648600126059255,0,it-vergallito-2020.tsv
