,norm,adjusted r,adjusted r-squared,r-squared,r,source
0,lexical decision time,0.40544287401014995,0.1643839240856103,0.1655654796944916,0.40689738226546945,it-vergallito-2020.tsv
1,naming time,0.3609984823289173,0.1303199042437816,0.1312566151458034,0.36229354830827915,it-vergallito-2020.tsv
2,auditory,0.5072399772046928,0.2572923944746173,0.2591417558005804,0.5090596780344917,it-vergallito-2020.tsv
3,gustatory,0.3926900817697086,0.15420550032030042,0.15531389565054515,0.3940988399507732,it-vergallito-2020.tsv
4,haptic,0.6066308066091335,0.3680009355272479,0.37064604557596126,0.608807067613346,it-vergallito-2020.tsv
5,olfactory,0.40705765258461396,0.1656959325276963,0.1668869185656312,0.40851795378616007,it-vergallito-2020.tsv
6,visual,0.48620398218536637,0.23639431229290808,0.23809346278557947,0.4879482173198089,it-vergallito-2020.tsv
7,modality exclusivity,0.2672986741669648,0.07144858121141721,0.07196213794968437,0.26825759625718776,it-vergallito-2020.tsv
