,norm,adjusted r,adjusted r-squared,r-squared,r,source
0,lexical decision time,0.0,-0.35097858491133443,-0.3535013420355848,0.0,it-vergallito-2020.tsv
1,naming time,0.0,-0.4616051473298997,-0.46492306393245064,0.0,it-vergallito-2020.tsv
2,auditory,0.21552488180951831,0.04645097467900684,0.046784854101677154,0.21629806772525073,it-vergallito-2020.tsv
3,gustatory,0.0,-0.026199323609969228,-0.026387638604470354,0.0,it-vergallito-2020.tsv
4,haptic,0.4417366972480949,0.19513130969565504,0.1965338707716346,0.44332140797804315,it-vergallito-2020.tsv
5,olfactory,0.0,-0.1486738035991951,-0.14974243830610756,0.0,it-vergallito-2020.tsv
6,visual,0.0,-0.059946515561441406,-0.060377397973383484,0.0,it-vergallito-2020.tsv
7,modality exclusivity,0.0,-0.4293621347748065,-0.43244829567166043,0.0,it-vergallito-2020.tsv
