,norm,adjusted r,adjusted r-squared,r-squared,r,source
0,lexical decision time,0.4190107776231727,0.17557003176437588,0.1768319906629518,0.42051396012849773,it-vergallito-2020.tsv
1,naming time,0.35331130890026424,0.12482888099681795,0.12572612362752283,0.3545787974872762,it-vergallito-2020.tsv
2,auditory,0.528803717091409,0.279633371209691,0.28164331457867353,0.5307007768777746,it-vergallito-2020.tsv
3,gustatory,0.4313072166575382,0.18602591514087258,0.18736302863694354,0.4328545120903137,it-vergallito-2020.tsv
4,haptic,0.6106322277989308,0.37287171762668525,0.3755518377893209,0.6128228437234703,it-vergallito-2020.tsv
5,olfactory,0.4026784314167337,0.16214991912824112,0.16331541719924375,0.40412302235735564,it-vergallito-2020.tsv
6,visual,0.49278877679338423,0.24284077853351985,0.2445862648122873,0.4945566345852488,it-vergallito-2020.tsv
7,modality exclusivity,0.2387081392187861,0.05698157572929536,0.05739114680371976,0.23956449403807686,it-vergallito-2020.tsv
