,norm,adjusted r,adjusted r-squared,r-squared,r,source
0,lexical decision time,0.0,-0.4067340430402025,-0.4096575581743639,0.0,it-vergallito-2020.tsv
1,naming time,0.0,-0.4691419876519229,-0.4725140774104273,0.0,it-vergallito-2020.tsv
2,auditory,0.34385542253220464,0.118236551604801,0.11908641001705472,0.34508898854796094,it-vergallito-2020.tsv
3,gustatory,0.0,-0.00868515022200413,-0.008747577177777743,0.0,it-vergallito-2020.tsv
4,haptic,0.4758071009128149,0.22639239727905763,0.22801965619930242,0.47751403769868633,it-vergallito-2020.tsv
5,olfactory,0.0,-0.053419127100593676,-0.053803092075261016,0.0,it-vergallito-2020.tsv
6,visual,0.0,-0.08337468249171144,-0.08397396143145419,0.0,it-vergallito-2020.tsv
7,modality exclusivity,0.0,-0.36184502712806976,-0.3644458898567531,0.0,it-vergallito-2020.tsv
