,norm,adjusted r,adjusted r-squared,r-squared,r,source
0,lexical decision time,0.5226061233685956,0.2731171601823517,0.28035819977930054,0.5294886210102163,ms-yap-2010.tsv
