,norm,adjusted r,adjusted r-squared,r-squared,r,source
0,lexical decision time,0.5389953119690201,0.2905159463245813,0.2982182725697605,0.5460936481682978,ms-yap-2010.tsv
