,norm,adjusted r,adjusted r-squared,r-squared,r,source
0,lexical decision time,0.5741962716741854,0.32970135840453496,0.3384425908843289,0.5817581893573385,ms-yap-2010.tsv
