,norm,adjusted r,adjusted r-squared,r-squared,r,source
0,lexical decision time,0.5453451861346532,0.29740137204023953,0.3052862486612928,0.5525271474428137,ms-yap-2010.tsv
