,norm,adjusted r,adjusted r-squared,r-squared,r,source
0,lexical decision time,0.4938522369661295,0.24389003195645012,0.2503561850810603,0.5003560583035448,ms-yap-2010.tsv
