,norm,adjusted r,adjusted r-squared,r-squared,r,source
0,lexical decision time,0.5067466814735695,0.2567921991844753,0.263600422004458,0.5134203170935662,ms-yap-2010.tsv
