,norm,adjusted r,adjusted r-squared,r-squared,r,source
0,lexical decision time,0.5255300573790596,0.2761818412088376,0.2835041333958836,0.5324510619727258,ms-yap-2010.tsv
