,norm,adjusted r,adjusted r-squared,r-squared,r,source
0,lexical decision time,0.5226893887104775,0.27320419707053273,0.2804475442396359,0.5295729829208019,ms-yap-2010.tsv
