,norm,adjusted r,adjusted r-squared,r-squared,r,source
0,lexical decision time,0.47180400722988786,0.22259902123818007,0.2285006948128157,0.47801746287433444,ms-yap-2010.tsv
