,norm,adjusted r,adjusted r-squared,r-squared,r,source
0,lexical decision time,0.47699425284276575,0.22752351724502837,0.23355575189666405,0.48327606178732263,ms-yap-2010.tsv
