,norm,adjusted r,adjusted r-squared,r-squared,r,source
0,lexical decision time,0.48343629057263854,0.23371064704263259,0.2399069184462102,0.4898029383805391,ms-yap-2010.tsv
