,norm,adjusted r,adjusted r-squared,r-squared,r,source
0,lexical decision time,0.44004270954290453,0.19363758622186106,0.19877141753569694,0.4458378825713411,ms-yap-2010.tsv
