,norm,adjusted r,adjusted r-squared,r-squared,r,source
0,lexical decision time,0.44985297764331295,0.20236770149455502,0.20773299065722506,0.45577734767891337,ms-yap-2010.tsv
