,norm,adjusted r,adjusted r-squared,r-squared,r,source
0,lexical decision time,0.47156721058012546,0.22237563409432037,0.2282713851002201,0.47777754771464526,ms-yap-2010.tsv
