,norm,adjusted r,adjusted r-squared,r-squared,r,source
0,lexical decision time,0.22332620845781398,0.04987459538414299,0.05119689940860361,0.22626731847220802,ms-yap-2010.tsv
