,norm,adjusted r,adjusted r-squared,r-squared,r,source
0,lexical decision time,0.45853227963746834,0.21025185146953349,0.2158261697613838,0.46457095234354007,ms-yap-2010.tsv
