,norm,adjusted r,adjusted r-squared,r-squared,r,source
0,lexical decision time,0.3911547835289207,0.1530020646775568,0.15705854361870208,0.3963061236199891,ms-yap-2010.tsv
