,norm,adjusted r,adjusted r-squared,r-squared,r,source
0,lexical decision time,0.37700224348007155,0.14213069158900715,0.14589894241971502,0.3819672007119394,ms-yap-2010.tsv
