,norm,adjusted r,adjusted r-squared,r-squared,r,source
0,lexical decision time,0.5485713697486452,0.3009305477079047,0.3089089918687533,0.5557958185059989,ms-yap-2010.tsv
