,norm,adjusted r,adjusted r-squared,r-squared,r,source
0,lexical decision time,0.5608435183725997,0.31454545210055657,0.32288486245536396,0.568229586043673,ms-yap-2010.tsv
