,norm,adjusted r,adjusted r-squared,r-squared,r,source
0,lexical decision time,0.5411341005586703,0.29282611478744114,0.3005896895506704,0.5482606036828384,ms-yap-2010.tsv
