,norm,adjusted r,adjusted r-squared,r-squared,r,source
0,lexical decision time,0.4388031941614573,0.1925482432062976,0.19765319323012193,0.44458204330598183,ms-yap-2010.tsv
