,norm,adjusted r,adjusted r-squared,r-squared,r,source
0,lexical decision time,0.16014930082478102,0.025647798554666205,0.02632778777535416,0.16225839816587048,ms-yap-2010.tsv
