,norm,adjusted r,adjusted r-squared,r-squared,r,source
0,lexical decision time,0.48429725143671953,0.23454382774916113,0.24076218891994106,0.49067523772852145,ms-yap-2010.tsv
