,norm,adjusted r,adjusted r-squared,r-squared,r,source
0,lexical decision time,0.4899425317629403,0.24004368443027976,0.24640786097193912,0.4963948639661163,ms-yap-2010.tsv
