,norm,adjusted r,adjusted r-squared,r-squared,r,source
0,lexical decision time,0.07741660132165767,0.005993330160196489,0.006152228784430114,0.07843614463007545,ms-yap-2010.tsv
