,norm,adjusted r,adjusted r-squared,r-squared,r,source
0,valence,0.6407380161867224,0.4105452053868966,0.4346480104517003,0.659278401323523,pl-imbir-2016.tsv
1,arousal,0.6052720009877085,0.36635419517966455,0.3878625787516198,0.6227861420677404,pl-imbir-2016.tsv
2,dominance,0.5489121822663767,0.30130458384043596,0.31899395288956145,0.5647954965202551,pl-imbir-2016.tsv
3,concreteness,0.8076759990233491,0.6523405193983649,0.6906389483377897,0.8310468990001646,pl-imbir-2016.tsv
4,imageability,0.7041762943856047,0.4958642535746418,0.5249760767933559,0.7245523285404277,pl-imbir-2016.tsv
5,age of acquisition,0.5026012711930399,0.25260803780485963,0.2674384686882876,0.517144533654072,pl-imbir-2016.tsv
