,norm,adjusted r,adjusted r-squared,r-squared,r,source
0,valence,0.6444313138296334,0.4152917182441874,0.4396731875648045,0.6630785681688139,pl-imbir-2016.tsv
1,arousal,0.616354716141099,0.37989313610937475,0.4021963808798798,0.6341895464921192,pl-imbir-2016.tsv
2,dominance,0.5614059553780444,0.31517664673393475,0.3336804343254802,0.5776507892537499,pl-imbir-2016.tsv
3,concreteness,0.8164428103973086,0.6665788626494557,0.7057132141799223,0.8400673866898549,pl-imbir-2016.tsv
4,imageability,0.7096393330944386,0.5035879830747196,0.5331532607341894,0.7301734456512298,pl-imbir-2016.tsv
5,age of acquisition,0.5085892704658315,0.2586630460329667,0.2738489619666958,0.5233058015794357,pl-imbir-2016.tsv
