,norm,adjusted r,adjusted r-squared,r-squared,r,source
0,valence,0.22171372144827112,0.04915697427844156,0.05204294384540381,0.22812922619735468,pl-imbir-2016.tsv
1,arousal,0.2609080847460665,0.06807302868586063,0.07206954580275121,0.26845771697373727,pl-imbir-2016.tsv
2,dominance,0.1977959390229941,0.039123233493988004,0.04142012956788499,0.20351935919682185,pl-imbir-2016.tsv
3,concreteness,0.5850168334400072,0.3422446954081731,0.362337628097796,0.6019448713111493,pl-imbir-2016.tsv
4,imageability,0.4737901404710425,0.22447709720757017,0.23765598139502087,0.48749972450763585,pl-imbir-2016.tsv
5,age of acquisition,0.36687643941599557,0.13459832179855868,0.14250048962269163,0.3774923702840782,pl-imbir-2016.tsv
