,norm,adjusted r,adjusted r-squared,r-squared,r,source
0,valence,0.22753936620146326,0.0517741631713636,0.05481378596061698,0.23412344171529895,pl-imbir-2016.tsv
1,arousal,0.26097436262951806,0.0681076179498832,0.07210616577685669,0.26852591267297965,pl-imbir-2016.tsv
2,dominance,0.20862802220301574,0.043525651648342024,0.04608101043279034,0.21466487936500078,pl-imbir-2016.tsv
3,concreteness,0.5787723263499422,0.3349774057485241,0.35464368124250173,0.5955196732623548,pl-imbir-2016.tsv
4,imageability,0.4871281200805406,0.23729380537320163,0.2512251490083216,0.5012236516848757,pl-imbir-2016.tsv
5,age of acquisition,0.39843154667839736,0.15874769738853994,0.16806765717478706,0.4099605556328402,pl-imbir-2016.tsv
