,norm,adjusted r,adjusted r-squared,r-squared,r,source
0,valence,0.6357596531554676,0.4041903365803604,0.42792005200230254,0.6541559844580668,pl-imbir-2016.tsv
1,arousal,0.6067168841938945,0.3681053775659476,0.38971657175932933,0.6242728343916059,pl-imbir-2016.tsv
2,dominance,0.551779902564124,0.3044610608736742,0.32233574435255163,0.5677461971273358,pl-imbir-2016.tsv
3,concreteness,0.8063627849623816,0.650220940972288,0.6883949310315287,0.8296956857978284,pl-imbir-2016.tsv
4,imageability,0.70016150402149,0.49022613171363494,0.5190069449720223,0.7204213662656198,pl-imbir-2016.tsv
5,age of acquisition,0.5022072728308056,0.25221214488415516,0.26701933318730436,0.5167391345614384,pl-imbir-2016.tsv
