,norm,adjusted r,adjusted r-squared,r-squared,r,source
0,valence,0.6664428159066629,0.4441460268736021,0.4702215112918235,0.6857269947229899,pl-imbir-2016.tsv
1,arousal,0.6223322064384439,0.3872973751705419,0.4100353173346661,0.6403400013544883,pl-imbir-2016.tsv
2,dominance,0.5857875706084608,0.3431470778793624,0.3632929887757981,0.6027379105181605,pl-imbir-2016.tsv
3,concreteness,0.8293792735007042,0.6878699793125559,0.7282543165396258,0.8533781790857005,pl-imbir-2016.tsv
4,imageability,0.7183922228917275,0.5160873859113175,0.5463864942575032,0.7391796089297263,pl-imbir-2016.tsv
5,age of acquisition,0.5286975151951432,0.2795210625735186,0.295931537216298,0.5439958981612802,pl-imbir-2016.tsv
