,norm,adjusted r,adjusted r-squared,r-squared,r,source
0,valence,0.21492016451112103,0.04619067711348733,0.04890249756996662,0.22113909100375406,pl-imbir-2016.tsv
1,arousal,0.2514106966846717,0.063207338407472,0.06691819445038855,0.2586855126410997,pl-imbir-2016.tsv
2,dominance,0.21562046690515985,0.04649218574839913,0.04922170755361488,0.22185965733682833,pl-imbir-2016.tsv
3,concreteness,0.5786971813417855,0.3348904276929274,0.35455159676965436,0.5954423538594265,pl-imbir-2016.tsv
4,imageability,0.4664072130713939,0.2175356884050246,0.2303070476206876,0.4799031648371238,pl-imbir-2016.tsv
5,age of acquisition,0.3905860769093243,0.1525574834754166,0.16151402038569357,0.40188806947419276,pl-imbir-2016.tsv
