,norm,adjusted r,adjusted r-squared,r-squared,r,source
0,valence,0.19872904421197554,0.03949323301340533,0.04181185148516148,0.20447946470284364,pl-imbir-2016.tsv
1,arousal,0.24435151678696837,0.059707663756092086,0.06321305649117887,0.25142206842514614,pl-imbir-2016.tsv
2,dominance,0.20256381740133403,0.04103210012020099,0.04344106434051065,0.2084252008287641,pl-imbir-2016.tsv
3,concreteness,0.5757133392332247,0.33144584897107,0.3509047893811997,0.5923721713426447,pl-imbir-2016.tsv
4,imageability,0.44813831897566153,0.20082795293433175,0.21261841336993248,0.4611056423097992,pl-imbir-2016.tsv
5,age of acquisition,0.3688543390476171,0.13605352343425448,0.14404112506907363,0.3795275023882639,pl-imbir-2016.tsv
