,norm,adjusted r,adjusted r-squared,r-squared,r,source
0,valence,0.6501603093301918,0.4227084278283306,0.4475253266777383,0.6689733377928737,pl-imbir-2016.tsv
1,arousal,0.618129774601235,0.38208441824857353,0.40451631157117485,0.6360159680158783,pl-imbir-2016.tsv
2,dominance,0.5708019213014318,0.325814833361406,0.3449431810139642,0.5873186366989934,pl-imbir-2016.tsv
3,concreteness,0.8371108222339412,0.700754528701185,0.7418953082839008,0.8613334477912145,pl-imbir-2016.tsv
4,imageability,0.732440743491747,0.5364694427267431,0.5679651665388895,0.7536346373003894,pl-imbir-2016.tsv
5,age of acquisition,0.5513399889003954,0.30397578336068803,0.32182197655604894,0.5672935541287676,pl-imbir-2016.tsv
