,norm,adjusted r,adjusted r-squared,r-squared,r,source
0,valence,0.2095710312040299,0.043920017119920475,0.046498528809240214,0.21563517525960418,pl-imbir-2016.tsv
1,arousal,0.24875585910198333,0.061879477437565784,0.0655123757460091,0.2559538547199653,pl-imbir-2016.tsv
2,dominance,0.22720854696048112,0.05162372381189315,0.05465451441772845,0.23378304989397425,pl-imbir-2016.tsv
3,concreteness,0.6059466672599181,0.36717136356340185,0.38872772248618304,0.6234803304725683,pl-imbir-2016.tsv
4,imageability,0.4890598803797609,0.23917956659706605,0.25322162187753267,0.503211309369665,pl-imbir-2016.tsv
5,age of acquisition,0.4030939753762429,0.16248475298462314,0.1720241125382207,0.41475789629399545,pl-imbir-2016.tsv
