,norm,adjusted r,adjusted r-squared,r-squared,r,source
0,valence,0.2776998585156055,0.07711721141958731,0.08164470580899541,0.2857353772443927,pl-imbir-2016.tsv
1,arousal,0.2901396074352944,0.08418099180270673,0.08912319550880132,0.29853508254274125,pl-imbir-2016.tsv
2,dominance,0.3029219272838144,0.09176169402934052,0.09714895515085586,0.31168727139691776,pl-imbir-2016.tsv
3,concreteness,0.6250154150333247,0.3906442690292792,0.413578704854007,0.6431008512309768,pl-imbir-2016.tsv
4,imageability,0.5104665636363038,0.2605761125906566,0.275874343245666,0.5252374160754982,pl-imbir-2016.tsv
5,age of acquisition,0.3950769874665238,0.15608582602562382,0.16524950931484672,0.40650892894848784,pl-imbir-2016.tsv
