,norm,adjusted r,adjusted r-squared,r-squared,r,source
0,valence,0.6679609791226229,0.44617186963045297,0.47236628977711453,0.6872890874858371,pl-imbir-2016.tsv
1,arousal,0.629365536871076,0.3961009790010177,0.41935577422835996,0.6475768481256567,pl-imbir-2016.tsv
2,dominance,0.5887289358372962,0.3466017598921153,0.36695049261187684,0.6057643870448945,pl-imbir-2016.tsv
3,concreteness,0.8330341958172429,0.6939459714008807,0.7346870256251499,0.8571388601767801,pl-imbir-2016.tsv
4,imageability,0.7299755840919144,0.5328643533703317,0.5641484250553587,0.7510981460870202,pl-imbir-2016.tsv
5,age of acquisition,0.5190235465622848,0.26938544188609215,0.2852008617421286,0.5340420037245466,pl-imbir-2016.tsv
