,norm,adjusted r,adjusted r-squared,r-squared,r,source
0,valence,0.656074645104776,0.4304339399493578,0.45570439789587736,0.6750588106942071,pl-imbir-2016.tsv
1,arousal,0.6185590159108908,0.3826152561646497,0.40507831458830273,0.6364576298453046,pl-imbir-2016.tsv
2,dominance,0.5716010580335085,0.3267277695450263,0.34590971500504075,0.588140897238953,pl-imbir-2016.tsv
3,concreteness,0.8169722907741647,0.6674437238927863,0.7066288507865566,0.8406121881025498,pl-imbir-2016.tsv
4,imageability,0.712246053161755,0.5072944402444975,0.5370773212603627,0.7328555937293258,pl-imbir-2016.tsv
5,age of acquisition,0.519666348809486,0.2700531140849824,0.2859077324815106,0.5347034060874407,pl-imbir-2016.tsv
