,norm,adjusted r,adjusted r-squared,r-squared,r,source
0,valence,0.6619905326827068,0.43823146536153385,0.46395971025217425,0.6811458803018442,pl-imbir-2016.tsv
1,arousal,0.631178366414647,0.3983861302298623,0.4217750849940588,0.649442133676326,pl-imbir-2016.tsv
2,dominance,0.577970635130641,0.33405005507331653,0.3536618864957085,0.5946947843185684,pl-imbir-2016.tsv
3,concreteness,0.8343099085004563,0.6960730234220397,0.7369389552957273,0.8584514868620866,pl-imbir-2016.tsv
4,imageability,0.7209021648385636,0.5196999312689276,0.550211129478543,0.7417621785171734,pl-imbir-2016.tsv
5,age of acquisition,0.542207250223497,0.2939887021949259,0.3112485612488909,0.5578965506694685,pl-imbir-2016.tsv
