,norm,adjusted r,adjusted r-squared,r-squared,r,source
0,valence,0.22302399680451382,0.04973970315065979,0.05265988429829188,0.2294774156606525,pl-imbir-2016.tsv
1,arousal,0.22675402301481415,0.051417386953402866,0.05443606367503584,0.23331537385057985,pl-imbir-2016.tsv
2,dominance,0.2402739981825588,0.05773159420263227,0.06112097335720079,0.2472265628066709,pl-imbir-2016.tsv
3,concreteness,0.6011373398246558,0.36136610133146363,0.38258163760648156,0.6185318404144459,pl-imbir-2016.tsv
4,imageability,0.4778077573051326,0.22830025294096046,0.24170359177107942,0.4916335950391098,pl-imbir-2016.tsv
5,age of acquisition,0.38580917519736285,0.14884871966646943,0.15758751779927316,0.3969729434095895,pl-imbir-2016.tsv
