,norm,adjusted r,adjusted r-squared,r-squared,r,source
0,valence,0.6717003481997538,0.4511813577716705,0.47766988125837334,0.6911366588876424,pl-imbir-2016.tsv
1,arousal,0.6323499936483168,0.3998665144670263,0.42334238149379755,0.6506476630971616,pl-imbir-2016.tsv
2,dominance,0.5910920852684237,0.34938985326697347,0.369902272884633,0.6081959165307121,pl-imbir-2016.tsv
3,concreteness,0.8324937179411399,0.6930457904114622,0.7337339956762836,0.8565827430413735,pl-imbir-2016.tsv
4,imageability,0.7221018577180447,0.5214310929198512,0.5520439263483423,0.742996585690905,pl-imbir-2016.tsv
5,age of acquisition,0.5343045361635073,0.2854813373649006,0.30224173532804605,0.5497651638000047,pl-imbir-2016.tsv
