,norm,adjusted r,adjusted r-squared,r-squared,r,source
0,valence,0.25753572721243817,0.06632465079083938,0.07021852193590916,0.2649877769556724,pl-imbir-2016.tsv
1,arousal,0.2561261915337932,0.0656006259896053,0.0694519901746199,0.2635374549748477,pl-imbir-2016.tsv
2,dominance,0.25653251415954686,0.0658089308210181,0.06967252442846833,0.2639555349456956,pl-imbir-2016.tsv
3,concreteness,0.58627764634408,0.34372147860275415,0.3639011121404077,0.6032421670775409,pl-imbir-2016.tsv
4,imageability,0.4739278565152957,0.2246076131811827,0.23779415986481783,0.48764142550117484,pl-imbir-2016.tsv
5,age of acquisition,0.3769632818078853,0.14210131583137114,0.15044397888039618,0.3878710853884267,pl-imbir-2016.tsv
