,norm,adjusted r,adjusted r-squared,r-squared,r,source
0,valence,0.23532738844755985,0.055378979753548725,0.05863023865554856,0.24213681805035053,pl-imbir-2016.tsv
1,arousal,0.24773953462799508,0.06137487701769557,0.0649781506090647,0.25490812189701745,pl-imbir-2016.tsv
2,dominance,0.2521132617772157,0.0635610967639469,0.06729272169807027,0.2594084071460874,pl-imbir-2016.tsv
3,concreteness,0.6012113001098905,0.3614550273798248,0.38267578443730643,0.6186079408133284,pl-imbir-2016.tsv
4,imageability,0.472555530722655,0.2233087296165701,0.23641901980774366,0.48622939011102945,pl-imbir-2016.tsv
5,age of acquisition,0.376092595977801,0.14144564074932142,0.14974980959970247,0.3869752054068871,pl-imbir-2016.tsv
