,norm,adjusted r,adjusted r-squared,r-squared,r,source
0,valence,0.1828549346478052,0.033435927125053104,0.035398925652576185,0.18814602215453874,pl-imbir-2016.tsv
1,arousal,0.2567107850860408,0.0659004271794914,0.06976939247040909,0.26413896431690853,pl-imbir-2016.tsv
2,dominance,0.17826016466069644,0.03177668630485861,0.033642272032232134,0.1834182979755077,pl-imbir-2016.tsv
3,concreteness,0.5414922240115838,0.2932138286650113,0.31042819546770567,0.557160834470358,pl-imbir-2016.tsv
4,imageability,0.4289356275022064,0.18398577254071152,0.19478744103436002,0.44134730205854894,pl-imbir-2016.tsv
5,age of acquisition,0.33300132162841695,0.11088988020627238,0.1174001429768543,0.34263704262215183,pl-imbir-2016.tsv
