,norm,adjusted r,adjusted r-squared,r-squared,r,source
0,valence,0.2052565141272769,0.042130236591681025,0.044603671591235794,0.21119581338472548,pl-imbir-2016.tsv
1,arousal,0.2434588506175115,0.05927221194399978,0.06275203962558146,0.25050357208148044,pl-imbir-2016.tsv
2,dominance,0.182872965840487,0.03344252163529593,0.03540590732163318,0.1881645750975278,pl-imbir-2016.tsv
3,concreteness,0.5529736110089113,0.3057798144722348,0.32373192099855636,0.5689744467008658,pl-imbir-2016.tsv
4,imageability,0.43520608898139623,0.18940433988648298,0.20052412845741396,0.447799205512263,pl-imbir-2016.tsv
5,age of acquisition,0.3204283537517462,0.10267432988805422,0.10870226378176256,0.32970026354518217,pl-imbir-2016.tsv
