,norm,adjusted r,adjusted r-squared,r-squared,r,source
0,valence,0.28419394810776766,0.08076620014108055,0.08550792395683143,0.29241737971063114,pl-imbir-2016.tsv
1,arousal,0.3099568201918327,0.0960732303834321,0.10171361861228889,0.3189257258552356,pl-imbir-2016.tsv
2,dominance,0.26327704997775264,0.06931480504498808,0.07338422593258503,0.2708952305460268,pl-imbir-2016.tsv
3,concreteness,0.6336350622416026,0.4014933921019196,0.4250647719101911,0.6519699164150069,pl-imbir-2016.tsv
4,imageability,0.5336457780021778,0.2847778163795497,0.30149691114649063,0.5490873438229028,pl-imbir-2016.tsv
5,age of acquisition,0.37626191343303345,0.14157302750028755,0.1498846751325082,0.38714942222933535,pl-imbir-2016.tsv
