,norm,adjusted r,adjusted r-squared,r-squared,r,source
0,valence,0.6686096937368335,0.44703892255886235,0.473284246741036,0.6879565732958992,pl-imbir-2016.tsv
1,arousal,0.6228391645820003,0.3879286249372041,0.4107036273077889,0.6408616288308958,pl-imbir-2016.tsv
2,dominance,0.5771719138783257,0.3331274181699693,0.35268508226283174,0.5938729512806857,pl-imbir-2016.tsv
3,concreteness,0.8265503804224795,0.6831855313765457,0.7232948481333815,0.8504674292019545,pl-imbir-2016.tsv
4,imageability,0.7075395712284848,0.5006122448541881,0.5300028191257916,0.72801292510902,pl-imbir-2016.tsv
5,age of acquisition,0.5146902079816166,0.2649060101921597,0.2804584459297525,0.529583275727012,pl-imbir-2016.tsv
