,norm,adjusted r,adjusted r-squared,r-squared,r,source
0,valence,0.21309801213913013,0.04541076277764885,0.04807679504087364,0.21926421285944872,pl-imbir-2016.tsv
1,arousal,0.2930621297676007,0.08588541190392204,0.09092768085230685,0.3015421709351892,pl-imbir-2016.tsv
2,dominance,0.23533741749045672,0.05538370007107753,0.05863523609942484,0.2421471372934746,pl-imbir-2016.tsv
3,concreteness,0.5846526687185682,0.3418187430397439,0.36188666838116634,0.6015701691250709,pl-imbir-2016.tsv
4,imageability,0.46635707156738143,0.2174889182009037,0.23025753157250867,0.47985157243934157,pl-imbir-2016.tsv
5,age of acquisition,0.3882319137822888,0.1507240188790585,0.15957291444027238,0.3994657863200206,pl-imbir-2016.tsv
