,norm,adjusted r,adjusted r-squared,r-squared,r,source
0,valence,0.6377123821158313,0.4066770823038479,0.43055279272617614,0.6561652175528478,pl-imbir-2016.tsv
1,arousal,0.5937060548221644,0.35248687953249885,0.37318112326935177,0.6108855238662574,pl-imbir-2016.tsv
2,dominance,0.5611724292690958,0.3149144953717784,0.3334028922509331,0.5774105058369938,pl-imbir-2016.tsv
3,concreteness,0.8190805581326935,0.6708929607109648,0.7102805897447189,0.8427814602521337,pl-imbir-2016.tsv
4,imageability,0.7036677762561415,0.49514833934126323,0.5242181317653564,0.7240290959383858,pl-imbir-2016.tsv
5,age of acquisition,0.5095158972448713,0.25960644954524625,0.27484775200074096,0.524259241216348,pl-imbir-2016.tsv
