,norm,adjusted r,adjusted r-squared,r-squared,r,source
0,valence,0.6644399523547039,0.4414804502851212,0.46739944067526856,0.6836661763428614,pl-imbir-2016.tsv
1,arousal,0.6075054154341951,0.36906282978187394,0.3907302352860116,0.6250841825594466,pl-imbir-2016.tsv
2,dominance,0.5732680690621625,0.3286362790062604,0.3479302716437961,0.5898561448724562,pl-imbir-2016.tsv
3,concreteness,0.8231273811645952,0.6775386856228847,0.7173164802461146,0.8469453820914986,pl-imbir-2016.tsv
4,imageability,0.6981193256965275,0.4873705929109742,0.5159837596003298,0.7183200955008358,pl-imbir-2016.tsv
5,age of acquisition,0.49388148000957593,0.24391891629644913,0.2582392152890315,0.5081724267303682,pl-imbir-2016.tsv
