,norm,adjusted r,adjusted r-squared,r-squared,r,source
0,valence,0.5990834365506155,0.35890096394929527,0.37997177383364844,0.6164185054276424,pl-imbir-2016.tsv
1,arousal,0.5923965699767326,0.3509336961201979,0.37153675360880006,0.609538147787979,pl-imbir-2016.tsv
2,dominance,0.5164001729128571,0.2666691385844287,0.28232508628461533,0.5313427201765498,pl-imbir-2016.tsv
3,concreteness,0.7893621017292165,0.6230925276463659,0.6596738286435192,0.8122030710626003,pl-imbir-2016.tsv
4,imageability,0.684329488762994,0.4683068491906208,0.49580079759982626,0.7041312360631549,pl-imbir-2016.tsv
5,age of acquisition,0.45334409896432654,0.20552087206577707,0.21758685030922437,0.46646205666616053,pl-imbir-2016.tsv
