,norm,adjusted r,adjusted r-squared,r-squared,r,source
0,valence,0.5964970186174929,0.3558086932195577,0.3766979581787029,0.6137572469459753,pl-imbir-2016.tsv
1,arousal,0.5769110531917748,0.33282636329484283,0.35236635267886984,0.5936045423334207,pl-imbir-2016.tsv
2,dominance,0.5087553729019383,0.25883202945659023,0.2740278662820149,0.5234767103530156,pl-imbir-2016.tsv
3,concreteness,0.7954285895058647,0.6327066410032893,0.669852379477905,0.818445098633931,pl-imbir-2016.tsv
4,imageability,0.6911889430415451,0.47774215498288825,0.5057900432098137,0.7111891754025884,pl-imbir-2016.tsv
5,age of acquisition,0.4787571784931109,0.22920843595868443,0.2426650935414088,0.4926104886636183,pl-imbir-2016.tsv
