,norm,adjusted r,adjusted r-squared,r-squared,r,source
0,valence,0.24992397921820594,0.062461995388262234,0.066129092894329,0.2571557755414585,pl-imbir-2016.tsv
1,arousal,0.24670295003702136,0.06086234555696906,0.064435528805727,0.2538415427106584,pl-imbir-2016.tsv
2,dominance,0.24883859429865796,0.06192064601253208,0.06555596129753288,0.2560389839409868,pl-imbir-2016.tsv
3,concreteness,0.6161410635696002,0.3796298102166781,0.40191759531897386,0.6339697116731792,pl-imbir-2016.tsv
4,imageability,0.49500773417289373,0.24503265689098225,0.2594183427693218,0.5093312701664033,pl-imbir-2016.tsv
5,age of acquisition,0.3889430538803317,0.1512766991617586,0.1601580421731979,0.4001975039567312,pl-imbir-2016.tsv
