,norm,adjusted r,adjusted r-squared,r-squared,r,source
0,valence,0.5574483139786858,0.3107486227576794,0.3289924443398268,0.5735786296052414,pl-imbir-2016.tsv
1,arousal,0.5620369109999728,0.3158854893263913,0.3344308925417547,0.5783000021976091,pl-imbir-2016.tsv
2,dominance,0.46451708086871407,0.21577611841879146,0.22844417458324456,0.4779583397988203,pl-imbir-2016.tsv
3,concreteness,0.8091437040637627,0.6547135338260259,0.6931512806856588,0.832557073530493,pl-imbir-2016.tsv
4,imageability,0.6960973098500333,0.48455146478045324,0.5129991225443823,0.7162395706356793,pl-imbir-2016.tsv
5,age of acquisition,0.48009451570951517,0.23049074401435393,0.2440226849536814,0.4939865230486368,pl-imbir-2016.tsv
