,norm,adjusted r,adjusted r-squared,r-squared,r,source
0,age of acquisition,0.469417452029165,0.22035274426955342,0.22136527841898274,0.47049471667488757,pt-cameirao-2010.tsv
0,valence,0.0,-0.08747499796202744,-0.08893721523376241,0.0,pt-soares-2012.tsv
1,arousal,0.0,-0.12950893515321796,-0.1316737846100564,0.0,pt-soares-2012.tsv
2,dominance,0.0,-0.14205226785708644,-0.14442678954201316,0.0,pt-soares-2012.tsv
