,norm,adjusted r,adjusted r-squared,r-squared,r,source
0,age of acquisition,0.5895029152915509,0.34751368713723735,0.3491105334882413,0.5908557636921563,pt-cameirao-2010.tsv
0,valence,0.6417589589299214,0.41185456136681653,0.4187390525597722,0.6471004964916749,pt-soares-2012.tsv
1,arousal,0.48974159975121995,0.23984683452688413,0.2438560736487691,0.49381785472861256,pt-soares-2012.tsv
2,dominance,0.4486608365015355,0.20129654621025755,0.20466138523245458,0.4523951649083515,pt-soares-2012.tsv
