,norm,adjusted r,adjusted r-squared,r-squared,r,source
0,age of acquisition,0.49122168062324484,0.24129873951432518,0.24240752177516067,0.4923489837251222,pt-cameirao-2010.tsv
0,valence,0.0,-0.0920748827794463,-0.09361399094783429,0.0,pt-soares-2012.tsv
1,arousal,0.0,-0.10937713955028823,-0.11120546931661557,0.0,pt-soares-2012.tsv
2,dominance,0.0,-0.09215793172232728,-0.09369842812279883,0.0,pt-soares-2012.tsv
