,norm,adjusted r,adjusted r-squared,r-squared,r,source
0,age of acquisition,0.5198909735824234,0.2702866244124801,0.2715286077526868,0.5210840697552428,pt-cameirao-2010.tsv
0,valence,0.6387462124881429,0.4079967239679477,0.41481672820340015,0.6440626741268276,pt-soares-2012.tsv
1,arousal,0.4491494340075237,0.20173521406927888,0.20510738578921767,0.4528878291467079,pt-soares-2012.tsv
2,dominance,0.40403958208739,0.16324798389335274,0.1659768095828188,0.4074025154350655,pt-soares-2012.tsv
