,norm,adjusted r,adjusted r-squared,r-squared,r,source
0,age of acquisition,0.4752055255906281,0.22582029155186512,0.22685794941080534,0.4762960732683037,pt-cameirao-2010.tsv
0,valence,0.0,-0.09310483954132034,-0.09466116429274851,0.0,pt-soares-2012.tsv
1,arousal,0.0,-0.1169662293466334,-0.11892141705449255,0.0,pt-soares-2012.tsv
2,dominance,0.0,-0.10883825629871376,-0.11065757818374633,0.0,pt-soares-2012.tsv
