,norm,adjusted r,adjusted r-squared,r-squared,r,source
0,age of acquisition,0.567651791116217,0.3222285559574492,0.32370921560573157,0.5689544934401446,pt-cameirao-2010.tsv
0,valence,0.665481360025512,0.4428654405414051,0.450268304345932,0.6710203457019258,pt-soares-2012.tsv
1,arousal,0.48101508240533625,0.23137550950141245,0.23524314338688346,0.48501870416189463,pt-soares-2012.tsv
2,dominance,0.4385075221765979,0.19228884700545948,0.1955031148511751,0.4421573417361461,pt-soares-2012.tsv
