,norm,adjusted r,adjusted r-squared,r-squared,r,source
0,age of acquisition,0.5095908523750977,0.2596828368243786,0.26087609512110177,0.5107603108319027,pt-cameirao-2010.tsv
0,valence,0.0,-0.07638486748342295,-0.07766170400969452,0.0,pt-soares-2012.tsv
1,arousal,0.0,-0.06093985875562192,-0.06195851912813477,0.0,pt-soares-2012.tsv
2,dominance,0.0,-0.14070697497094586,-0.14305900896751034,0.0,pt-soares-2012.tsv
