,norm,adjusted r,adjusted r-squared,r-squared,r,source
0,age of acquisition,0.5407351067639926,0.2923944556870665,0.2937380258453069,0.5419760380730009,pt-cameirao-2010.tsv
0,valence,0.6675184079546839,0.4455808249583558,0.45302907866955744,0.673074348545209,pt-soares-2012.tsv
1,arousal,0.4867830616193462,0.23695774907950418,0.24091869473766697,0.49083469186444734,pt-soares-2012.tsv
2,dominance,0.4531857483377976,0.20537732249648966,0.20881037508492656,0.45695773883908186,pt-soares-2012.tsv
