,norm,adjusted r,adjusted r-squared,r-squared,r,source
0,age of acquisition,0.461868650341941,0.21332265016868618,0.21430288061173586,0.4629285912662296,pt-cameirao-2010.tsv
0,valence,0.0,-0.017826078106991414,-0.018124055813794615,0.0,pt-soares-2012.tsv
1,arousal,0.0,-0.08340621160162695,-0.08480041572869446,0.0,pt-soares-2012.tsv
2,dominance,0.0,-0.11200249338655768,-0.11387470812359946,0.0,pt-soares-2012.tsv
