,norm,adjusted r,adjusted r-squared,r-squared,r,source
0,age of acquisition,0.5243460022344011,0.27493873005919856,0.2762020901054212,0.5255493222385709,pt-cameirao-2010.tsv
0,valence,0.63098732919436,0.39814500960383165,0.4048003342481435,0.6362392114984297,pt-soares-2012.tsv
1,arousal,0.4288486985922465,0.18391120628426347,0.18698543490455105,0.4324181250879189,pt-soares-2012.tsv
2,dominance,0.3168439304029226,0.10039007623317203,0.10206817976902643,0.31948111019123876,pt-soares-2012.tsv
