,norm,adjusted r,adjusted r-squared,r-squared,r,source
0,age of acquisition,0.4358574916546854,0.18997175303151415,0.19084468469392202,0.43685773965207714,pt-cameirao-2010.tsv
0,valence,0.0,-0.3263590402885795,-0.3318144028106108,0.0,pt-soares-2012.tsv
1,arousal,0.0,-0.30851498053859455,-0.3136720647757195,0.0,pt-soares-2012.tsv
2,dominance,0.0,-0.3742438943618046,-0.38049969200600386,0.0,pt-soares-2012.tsv
