,norm,adjusted r,adjusted r-squared,r-squared,r,source
0,age of acquisition,0.5774695445442484,0.3334710748761417,0.33500339457689365,0.5787947775998792,pt-cameirao-2010.tsv
0,valence,0.6282121027903742,0.39465044609230365,0.4012473562039744,0.633440886116435,pt-soares-2012.tsv
1,arousal,0.37134787419971865,0.13789924367265008,0.14020434410768945,0.37443870540809404,pt-soares-2012.tsv
2,dominance,0.30920475916618706,0.09560758309101973,0.09720574328034848,0.3117783560164953,pt-soares-2012.tsv
