,norm,adjusted r,adjusted r-squared,r-squared,r,source
0,age of acquisition,0.5485661395982829,0.3009248095137628,0.30230757716230394,0.5498250423201038,pt-cameirao-2010.tsv
0,valence,0.643251738146211,0.4137727986281215,0.42068935475071545,0.6486057005228334,pt-soares-2012.tsv
1,arousal,0.36534253227460245,0.13347516588881894,0.1357063141878454,0.36838337935884863,pt-soares-2012.tsv
2,dominance,0.3017969219451046,0.09108138209553956,0.09260388307452105,0.30430886131448925,pt-soares-2012.tsv
