,norm,adjusted r,adjusted r-squared,r-squared,r,source
0,age of acquisition,0.5310714545069805,0.2820368897921598,0.2833328663104466,0.532290208730582,pt-cameirao-2010.tsv
0,valence,0.6410670927710421,0.41096701743391595,0.417836672592595,0.6464028717391307,pt-soares-2012.tsv
1,arousal,0.38770463241085706,0.1503148819928378,0.15282752013824413,0.39093160544811945,pt-soares-2012.tsv
2,dominance,0.32879467695312214,0.10810593959270794,0.1099130201955359,0.33153132611494784,pt-soares-2012.tsv
