,norm,adjusted r,adjusted r-squared,r-squared,r,source
0,age of acquisition,0.4141882293494552,0.1715518893316369,0.1723401806094388,0.41513874862440725,pt-cameirao-2010.tsv
0,valence,0.0,-0.3154225115424956,-0.3206950608996465,0.0,pt-soares-2012.tsv
1,arousal,0.0,-0.31558813025028415,-0.32086344806174416,0.0,pt-soares-2012.tsv
2,dominance,0.0,-0.3216832063843902,-0.3270604084576789,0.0,pt-soares-2012.tsv
