,norm,adjusted r,adjusted r-squared,r-squared,r,source
0,age of acquisition,0.3452411963651979,0.11919148366767314,0.11973917572358433,0.34603348930932154,pt-cameirao-2010.tsv
0,valence,0.0,-0.49546001516152155,-0.5037420409803474,0.0,pt-soares-2012.tsv
1,arousal,0.0,-0.5057790436963435,-0.5142335606509529,0.0,pt-soares-2012.tsv
2,dominance,0.0,-0.6681822570084526,-0.6793514786103637,0.0,pt-soares-2012.tsv
