,norm,adjusted r,adjusted r-squared,r-squared,r,source
0,age of acquisition,0.4701224963324649,0.2210151615578685,0.2220307395546881,0.47120137898215886,pt-cameirao-2010.tsv
0,valence,0.6039316407418489,0.3647334266891416,0.3708302489641813,0.6089583310573732,pt-soares-2012.tsv
1,arousal,0.17127638247118018,0.029335599192414,0.02982596810713478,0.17270196324053408,pt-soares-2012.tsv
2,dominance,0.0,-0.02168354499278519,-0.022046003463657704,0.0,pt-soares-2012.tsv
