,norm,adjusted r,adjusted r-squared,r-squared,r,source
0,age of acquisition,0.38476274228083596,0.148042367847469,0.14872263145618797,0.3856457330973441,pt-cameirao-2010.tsv
0,valence,0.0,-0.5511237633358976,-0.5603362549550818,0.0,pt-soares-2012.tsv
1,arousal,0.0,-0.49612437124224373,-0.5044175023249557,0.0,pt-soares-2012.tsv
2,dominance,0.0,-0.6336479257726165,-0.644239877334204,0.0,pt-soares-2012.tsv
