,norm,adjusted r,adjusted r-squared,r-squared,r,source
0,age of acquisition,0.4520299609011405,0.20433108555228663,0.2052699992136412,0.45306732304773556,pt-cameirao-2010.tsv
0,valence,0.0,-0.4950921797727976,-0.5033680569174757,0.0,pt-soares-2012.tsv
1,arousal,0.0,-0.48316511748202295,-0.4912416238706113,0.0,pt-soares-2012.tsv
2,dominance,0.0,-0.6107975965050437,-0.6210075858271535,0.0,pt-soares-2012.tsv
