,norm,adjusted r,adjusted r-squared,r-squared,r,source
0,age of acquisition,0.5366155935141982,0.2879562952025952,0.28927947174574326,0.5378470709651055,pt-cameirao-2010.tsv
0,valence,0.5908302080715674,0.3490803347698916,0.35491550260773636,0.5957478515343017,pt-soares-2012.tsv
1,arousal,0.3003190950065221,0.09019155882553644,0.0916991856692278,0.30281873401298637,pt-soares-2012.tsv
2,dominance,0.0,-0.0799594378783737,-0.08129602631881849,0.0,pt-soares-2012.tsv
