,norm,adjusted r,adjusted r-squared,r-squared,r,source
0,age of acquisition,0.40427951653169725,0.16344192748710287,0.16419295300111597,0.40520729633252656,pt-cameirao-2010.tsv
0,valence,0.0,-0.5859523945727605,-0.595747075701312,0.0,pt-soares-2012.tsv
1,arousal,0.0,-0.553930594854121,-0.5631900049942586,0.0,pt-soares-2012.tsv
2,dominance,0.0,-0.7599761344324539,-0.7726797669647565,0.0,pt-soares-2012.tsv
