,norm,adjusted r,adjusted r-squared,r-squared,r,source
0,age of acquisition,0.36174719694195795,0.1308610344953637,0.13146234884112068,0.3625773694552939,pt-cameirao-2010.tsv
0,valence,0.28397826086947253,0.08064365264645018,0.0819916783052404,0.28634189058752896,pt-soares-2012.tsv
1,arousal,0.0,-0.31489564771331474,-0.3201593901038028,0.0,pt-soares-2012.tsv
2,dominance,0.0,-0.46617199479407334,-0.47396444701776974,0.0,pt-soares-2012.tsv
