,norm,adjusted r,adjusted r-squared,r-squared,r,source
0,age of acquisition,0.383350398672039,0.14695752816201124,0.14763280686694868,0.3842301483056069,pt-cameirao-2010.tsv
0,valence,0.42520649380968106,0.18080056237792233,0.1838227940007588,0.42874560522617466,pt-soares-2012.tsv
1,arousal,0.0,-0.2772890740643332,-0.281924191329912,0.0,pt-soares-2012.tsv
2,dominance,0.0,-0.4279870263255398,-0.4351411850743443,0.0,pt-soares-2012.tsv
