,norm,adjusted r,adjusted r-squared,r-squared,r,source
0,age of acquisition,0.6297675387422099,0.3966071528534209,0.3984295866402258,0.6312127903015161,pt-cameirao-2010.tsv
0,valence,0.526935589787465,0.27766111578466357,0.28230245203671794,0.5313214206454676,pt-soares-2012.tsv
1,arousal,0.4388466956503937,0.19258642228326925,0.19580566434700136,0.44249933824470444,pt-soares-2012.tsv
2,dominance,0.39940556291501206,0.15952480368745764,0.16219139332628435,0.4027299260376417,pt-soares-2012.tsv
