,norm,adjusted r,adjusted r-squared,r-squared,r,source
0,age of acquisition,0.28233287331851536,0.07971185135628885,0.08007813212070602,0.28298079814840094,pt-cameirao-2010.tsv
0,valence,0.3471339264410693,0.1205019628863937,0.12251625331812299,0.35002321825576516,pt-soares-2012.tsv
1,arousal,0.0,-0.28027727218597476,-0.2849623396659763,0.0,pt-soares-2012.tsv
2,dominance,0.0,-0.3572442504723749,-0.3632158849443812,0.0,pt-soares-2012.tsv
