,norm,adjusted r,adjusted r-squared,r-squared,r,source
0,age of acquisition,0.3205019533545027,0.10272150210405184,0.10319351360137086,0.3212374722870463,pt-cameirao-2010.tsv
0,valence,0.0,-0.5777358291097119,-0.5873931635196087,0.0,pt-soares-2012.tsv
1,arousal,0.0,-0.7123496069558549,-0.7242571225096892,0.0,pt-soares-2012.tsv
2,dominance,0.0,-0.6304636333197635,-0.6410023567872521,0.0,pt-soares-2012.tsv
