,norm,adjusted r,adjusted r-squared,r-squared,r,source
0,age of acquisition,0.6120236422617755,0.37457293868736974,0.3762941239311945,0.6134281734084231,pt-cameirao-2010.tsv
0,valence,0.5696515448912483,0.32450288259698584,0.3299272179009669,0.5743929124745246,pt-soares-2012.tsv
1,arousal,0.4370277497978176,0.1909932540933439,0.1941858650270576,0.44066525280200797,pt-soares-2012.tsv
2,dominance,0.41307770889903495,0.17063319358927587,0.1734854691949963,0.4165158690794341,pt-soares-2012.tsv
