,norm,adjusted r,adjusted r-squared,r-squared,r,source
0,age of acquisition,0.5585914556342197,0.31202441430755645,0.31345818530954406,0.5598733654225249,pt-cameirao-2010.tsv
0,valence,0.5927203981457627,0.35131747037807154,0.35719003379638736,0.5976537741840064,pt-soares-2012.tsv
1,arousal,0.49574200786843964,0.2457601383654321,0.24986822327419544,0.49986820590451186,pt-soares-2012.tsv
2,dominance,0.46784889398692425,0.2188825876047883,0.22254139192069922,0.4717429299106657,pt-soares-2012.tsv
