,norm,adjusted r,adjusted r-squared,r-squared,r,source
0,age of acquisition,0.35119684070182944,0.12333922091894615,0.12390597207767767,0.35200280123555505,pt-cameirao-2010.tsv
0,valence,0.3209360717041185,0.10299996212087106,0.10472169206782761,0.323607311517876,pt-soares-2012.tsv
1,arousal,0.0,-0.35471190093641863,-0.36064120508186515,0.0,pt-soares-2012.tsv
2,dominance,0.0,-0.48716433045871205,-0.49530768701505234,0.0,pt-soares-2012.tsv
