,norm,adjusted r,adjusted r-squared,r-squared,r,source
0,age of acquisition,0.4654269735566404,0.21662226771409368,0.217617660098765,0.46649508046576976,pt-cameirao-2010.tsv
0,valence,0.4258212564061767,0.18132374240733487,0.18435471941906023,0.42936548466203034,pt-soares-2012.tsv
1,arousal,0.0,-0.32081534940943635,-0.3261780445323079,0.0,pt-soares-2012.tsv
2,dominance,0.0,-0.4331696080535498,-0.4404103979620162,0.0,pt-soares-2012.tsv
