,norm,adjusted r,adjusted r-squared,r-squared,r,source
0,age of acquisition,0.1950567915374443,0.038047151924882,0.03908953964885137,0.19771074742879147,tr-goz-2017.tsv
1,imagery,0.5702947254362429,0.32523607386039965,0.334146651226438,0.5780541940220121,tr-goz-2017.tsv
2,concreteness,0.7088865741152248,0.5025201749608201,0.5162878509871439,0.7185317327628223,tr-goz-2017.tsv
