,norm,adjusted r,adjusted r-squared,r-squared,r,source
0,age of acquisition,0,-0.1716940245060463,-0.17639797038292426,0,tr-goz-2017.tsv
1,imagery,0,-0.16210752039913118,-0.1665488223278745,0,tr-goz-2017.tsv
2,concreteness,0,-0.19465867617385696,-0.19999179058957905,0,tr-goz-2017.tsv
