,norm,adjusted r,adjusted r-squared,r-squared,r,source
0,age of acquisition,0.018324843373110408,0.00033579988464902847,0.00034499988148872784,0.01857417243079023,tr-goz-2017.tsv
1,imagery,0.5903100580736961,0.3484659646629705,0.3580129773934628,0.5983418566283515,tr-goz-2017.tsv
2,concreteness,0.700566968549413,0.4907940774225143,0.5042404905025831,0.7100989300812832,tr-goz-2017.tsv
