,norm,adjusted r,adjusted r-squared,r-squared,r,source
0,age of acquisition,0,-0.15666566912079807,-0.16095787923369664,0,tr-goz-2017.tsv
1,imagery,0,-0.22025156765450565,-0.22628585717928662,0,tr-goz-2017.tsv
2,concreteness,0,-0.19719988245726588,-0.2026026189629444,0,tr-goz-2017.tsv
