,norm,adjusted r,adjusted r-squared,r-squared,r,source
0,age of acquisition,0,-0.10361251130476457,-0.10645121024462112,0,tr-goz-2017.tsv
1,imagery,0,-0.011258294212771065,-0.011566740629559313,0,tr-goz-2017.tsv
2,concreteness,0,-0.031929789491675346,-0.03280457824487193,0,tr-goz-2017.tsv
