,norm,adjusted r,adjusted r-squared,r-squared,r,source
0,age of acquisition,0,-0.09560777594626702,-0.09822716706808254,0,tr-goz-2017.tsv
1,imagery,0,-0.028266510289674092,-0.029040935229117215,0,tr-goz-2017.tsv
2,concreteness,0,-0.00821335474024172,-0.008438378157782589,0,tr-goz-2017.tsv
