,norm,adjusted r,adjusted r-squared,r-squared,r,source
0,age of acquisition,0.32597295617453753,0.10625836815716695,0.10916955632585645,0.3304081662517687,tr-goz-2017.tsv
1,imagery,0.6233210148243348,0.3885290875216385,0.3991737200564779,0.6318019626880546,tr-goz-2017.tsv
2,concreteness,0.7479511176636428,0.5594308744142923,0.5747577476859167,0.758127791131493,tr-goz-2017.tsv
