,norm,adjusted r,adjusted r-squared,r-squared,r,source
0,age of acquisition,0,-0.5180773503029562,-0.5322712503112563,0,tr-goz-2017.tsv
1,imagery,0,-0.2484792506240818,-0.2552869013261114,0,tr-goz-2017.tsv
2,concreteness,0,-0.29600288995287255,-0.30411255817075944,0,tr-goz-2017.tsv
