,norm,adjusted r,adjusted r-squared,r-squared,r,source
0,age of acquisition,0,-0.9443557337052708,-0.9702284935328125,0,tr-goz-2017.tsv
1,imagery,0,-0.881810323644208,-0.9059695105933643,0,tr-goz-2017.tsv
2,concreteness,0,-0.7378562918954887,-0.7580715327693377,0,tr-goz-2017.tsv
