,norm,adjusted r,adjusted r-squared,r-squared,r,source
0,age of acquisition,0.0,-0.1125571319076423,-0.11564088894620783,0.0,tr-goz-2017.tsv
1,imagery,0.5476828944770908,0.2999565529028042,0.308174540653566,0.5551347049622875,tr-goz-2017.tsv
2,concreteness,0.6813147960486884,0.4641898513148659,0.4769073814878759,0.6905848112200818,tr-goz-2017.tsv
