,norm,adjusted r,adjusted r-squared,r-squared,r,source
0,age of acquisition,0,-0.8474115086986792,-0.8706282623616567,0,tr-goz-2017.tsv
1,imagery,0,-0.7436586711850547,-0.7640328813545082,0,tr-goz-2017.tsv
2,concreteness,0,-0.7205443253308179,-0.7402852657508403,0,tr-goz-2017.tsv
