,norm,adjusted r,adjusted r-squared,r-squared,r,source
0,age of acquisition,0.0,-0.10068812492611119,-0.10344670369121012,0.0,tr-goz-2017.tsv
1,imagery,0.4614969482050557,0.21297943320257987,0.21881448616703408,0.4677761068791715,tr-goz-2017.tsv
2,concreteness,0.6868843298668066,0.471810082616572,0.4847363862499027,0.6962301244918254,tr-goz-2017.tsv
