,norm,adjusted r,adjusted r-squared,r-squared,r,source
0,age of acquisition,0,-0.8332579383604014,-0.8560869229730151,0,tr-goz-2017.tsv
1,imagery,0,-0.6561101510818004,-0.6740857716593839,0,tr-goz-2017.tsv
2,concreteness,0,-0.832684736314202,-0.8554980167611664,0,tr-goz-2017.tsv
