,norm,adjusted r,adjusted r-squared,r-squared,r,source
0,age of acquisition,0,-0.5478703626795947,-0.5628805096023233,0,tr-goz-2017.tsv
1,imagery,0,-0.407693537971751,-0.4188632239435798,0,tr-goz-2017.tsv
2,concreteness,0,-0.4930222528283706,-0.5065297118099698,0,tr-goz-2017.tsv
