,norm,adjusted r,adjusted r-squared,r-squared,r,source
0,age of acquisition,0.0,-0.29878981232336327,-0.30697583457879785,0.0,tr-goz-2017.tsv
1,imagery,0.0,-0.004855234308236501,-0.004988254426270378,0.0,tr-goz-2017.tsv
2,concreteness,0.4854691515960095,0.23568029715134925,0.24213729159385194,0.4920744776899651,tr-goz-2017.tsv
