,norm,adjusted r,adjusted r-squared,r-squared,r,source
0,age of acquisition,0.0,-0.6037705404745389,-0.620312199117677,0.0,tr-goz-2017.tsv
1,imagery,0.0,-0.01619634778585885,-0.016640083341635803,0.0,tr-goz-2017.tsv
2,concreteness,0.5736301170609489,0.329051511199358,0.3380666210952308,0.5814349672106338,tr-goz-2017.tsv
