,norm,adjusted r,adjusted r-squared,r-squared,r,source
0,age of acquisition,0,-1.9201881888976629,-1.9727960844839,0,tr-goz-2017.tsv
1,imagery,0,-1.4486010002270393,-1.4882886988633965,0,tr-goz-2017.tsv
2,concreteness,0,-1.4040608581825484,-1.442528278954673,0,tr-goz-2017.tsv
