,norm,adjusted r,adjusted r-squared,r-squared,r,source
0,age of acquisition,0.0,-0.48849004963632264,-0.5018733386674548,0.0,tr-goz-2017.tsv
1,imagery,0.30765060304291375,0.09464889355266849,0.09724201392397447,0.31183651794485917,tr-goz-2017.tsv
2,concreteness,0.5786480502658942,0.3348335660765208,0.34400708843478167,0.5865211747539739,tr-goz-2017.tsv
