,norm,adjusted r,adjusted r-squared,r-squared,r,source
0,age of acquisition,0,-2.614226030957033,-2.685848661942157,0,tr-goz-2017.tsv
1,imagery,0,-2.024711537068748,-2.0801830860295354,0,tr-goz-2017.tsv
2,concreteness,0,-1.8926751564863706,-1.9445292703627095,0,tr-goz-2017.tsv
