,norm,adjusted r,adjusted r-squared,r-squared,r,source
0,age of acquisition,0.0,-1.131016524263504,-1.162003278352915,0.0,tr-goz-2017.tsv
1,imagery,0.0,-0.37974852701602824,-0.39015259624934406,0.0,tr-goz-2017.tsv
2,concreteness,0.22216974391507202,0.04935939511128869,0.050711707306118514,0.22519260046928388,tr-goz-2017.tsv
