,norm,adjusted r,adjusted r-squared,r-squared,r,source
0,age of acquisition,0,-2.042936697604157,-2.0989075660316683,0,tr-goz-2017.tsv
1,imagery,0,-1.4649085015459982,-1.505042981040409,0,tr-goz-2017.tsv
2,concreteness,0,-1.5092752375729366,-1.550625244081784,0,tr-goz-2017.tsv
