,norm,adjusted r,adjusted r-squared,r-squared,r,source
0,age of acquisition,0.0,-1.0433722659557234,-1.0719578074887568,0.0,tr-goz-2017.tsv
1,imagery,0.0,-0.2898131390680866,-0.29775322506995194,0.0,tr-goz-2017.tsv
2,concreteness,0.32708315339375094,0.10698338923400001,0.10991444099383563,0.3315334688893953,tr-goz-2017.tsv
