,norm,adjusted r,adjusted r-squared,r-squared,r,source
0,age of acquisition,0.0,-0.7660857511525261,-0.7870744018690337,0.0,tr-goz-2017.tsv
1,imagery,0.0,-0.2757449484199363,-0.2832996045410304,0.0,tr-goz-2017.tsv
2,concreteness,0.27647494250968985,0.0764383938357363,0.07853259640657839,0.2802366792669696,tr-goz-2017.tsv
