,norm,adjusted r,adjusted r-squared,r-squared,r,source
0,age of acquisition,0.36694378281992474,0.1346477397501961,0.13833671892143434,0.37193644473408943,tr-goz-2017.tsv
1,imagery,0.6765750158546182,0.45775375207867686,0.4702949507657639,0.6857805412562855,tr-goz-2017.tsv
2,concreteness,0.7682002532702084,0.5901316291244123,0.6062996189634373,0.7786524378459476,tr-goz-2017.tsv
