,norm,adjusted r,adjusted r-squared,r-squared,r,source
0,age of acquisition,0,-1.8910827075400187,-1.9428931926781012,0,tr-goz-2017.tsv
1,imagery,0,-1.576272005211129,-1.619457539600475,0,tr-goz-2017.tsv
2,concreteness,0,-1.4441759874496403,-1.4837424528592194,0,tr-goz-2017.tsv
