,norm,adjusted r,adjusted r-squared,r-squared,r,source
0,age of acquisition,0.18239567438042897,0.033268182032691475,0.03417963907468302,0.18487736225585605,tr-goz-2017.tsv
1,imagery,0.0,-0.044176182046145644,-0.04538648840357429,0.0,tr-goz-2017.tsv
2,concreteness,0.0,-0.05573240075984399,-0.05725931584915478,0.0,tr-goz-2017.tsv
