,norm,adjusted r,adjusted r-squared,r-squared,r,source
0,age of acquisition,0.0,-0.8475403998285778,-0.870760684755388,0.0,tr-goz-2017.tsv
1,imagery,0.0,-0.2979225386974812,-0.3060848000316587,0.0,tr-goz-2017.tsv
2,concreteness,0.18827367926465033,0.03544697830384842,0.03641812839436481,0.19083534367188068,tr-goz-2017.tsv
